BUSH-631-603,21,0,0,0,0,21,4.000,0,0,0,0,0,21,DVIR R
"",100.00%,0.00%,0.00%,0.00%,0.00%,,,,,,,,,
BUSH-631-700,23,1,0,0,0,24,3.958,0,0,0,0,0,24,CORTES K
"",95.83%,4.17%,0.00%,0.00%,0.00%,,,,,,,,,
COURSE TOTAL:,44,1,0,0,0,45,3.977,0,0,0,0,0,45,
"",97.78%,2.22%,0.00%,0.00%,0.00%,,,,,,,,,
BUSH-632-600,7,2,0,0,0,9,3.777,1,0,0,0,0,10,MARCHBANKS M
"",77.78%,22.22%,0.00%,0.00%,0.00%,,,,,,,,,
COURSE TOTAL:,7,2,0,0,0,9,3.777,1,0,0,0,0,10,
"",77.78%,22.22%,0.00%,0.00%,0.00%,,,,,,,,,
BUSH-635-601,4,4,0,0,0,8,3.500,0,0,0,0,0,8,MOSTASHARI S
"",50.00%,50.00%,0.00%,0.00%,0.00%,,,,,,,,,
BUSH-635-602,9,5,1,0,0,15,3.533,0,0,0,0,0,15,MOSTASHARI S
"",60.00%,33.33%,6.67%,0.00%,0.00%,,,,,,,,,
BUSH-635-603,10,7,0,0,0,17,3.588,0,0,0,1,0,18,MOSTASHARI S
"",58.82%,41.18%,0.00%,0.00%,0.00%,,,,,,,,,
COURSE TOTAL:,23,16,1,0,0,40,3.550,0,0,0,1,0,41,
"",57.50%,40.00%,2.50%,0.00%,0.00%,,,,,,,,,
DEPARTMENT TOTAL:,74,19,1,0,0,94,3.776,1,0,0,1,0,96
"",78.72%,20.21%,1.06%,0.00%,0.00%,,,,,,,,
INTA-603-700,6,0,0,0,0,6,4.000,0,0,0,1,0,7,RUSSELL R
"",100.00%,0.00%,0.00%,0.00%,0.00%,,,,,,,,,
COURSE TOTAL:,6,0,0,0,0,6,4.000,0,0,0,1,0,7,
"",100.00%,0.00%,0.00%,0.00%,0.00%,,,,,,,,,
INTA-605-601,14,5,0,0,0,19,3.736,0,0,0,0,0,19,LAYNE C
"",73.68%,26.32%,0.00%,0.00%,0.00%,,,,,,,,,
INTA-605-602,12,5,0,0,0,17,3.705,1,0,0,0,0,18,LAYNE C
"",70.59%,29.41%,0.00%,0.00%,0.00%,,,,,,,,,
INTA-605-650,11,0,0,0,0,11,4.000,0,0,0,0,1,12,WEBER Y
"",100.00%,0.00%,0.00%,0.00%,0.00%,,,,,,,,,
COURSE TOTAL:,37,10,0,0,0,47,3.787,1,0,0,0,1,49,
"",78.72%,21.28%,0.00%,0.00%,0.00%,,,,,,,,,
INTA-606-600,3,2,0,0,0,5,3.600,0,0,0,0,0,5,CHINCHILLA A
"",60.00%,40.00%,0.00%,0.00%,0.00%,,,,,,,,,
INTA-606-650,12,2,0,0,0,14,3.857,1,0,0,0,0,15,LEMON E
"",85.71%,14.29%,0.00%,0.00%,0.00%,,,,,,,,,
COURSE TOTAL:,15,4,0,0,0,19,3.789,1,0,0,0,0,20,
"",78.95%,21.05%,0.00%,0.00%,0.00%,,,,,,,,,
INTA-608-650,10,3,0,0,0,13,3.769,0,0,0,0,0,13,SHIM G
"",76.92%,23.08%,0.00%,0.00%,0.00%,,,,,,,,,
COURSE TOTAL:,10,3,0,0,0,13,3.769,0,0,0,0,0,13,
"",76.92%,23.08%,0.00%,0.00%,0.00%,,,,,,,,,
INTA-613-601,18,6,0,0,1,25,3.600,0,0,0,0,0,25,HENNESSEY-NILAND J
"",72.00%,24.00%,0.00%,0.00%,4.00%,,,,,,,,,
COURSE TOTAL:,18,6,0,0,1,25,3.600,0,0,0,0,0,25,
"",72.00%,24.00%,0.00%,0.00%,4.00%,,,,,,,,,
INTA-616-600,14,0,0,0,1,15,3.733,0,0,0,0,0,15,MU R
"",93.33%,0.00%,0.00%,0.00%,6.67%,,,,,,,,,
COURSE TOTAL:,14,0,0,0,1,15,3.733,0,0,0,0,0,15,
"",93.33%,0.00%,0.00%,0.00%,6.67%,,,,,,,,,
INTA-617-601,19,3,1,0,0,23,3.782,0,0,0,0,0,23,CASTILLO J
"",82.61%,13.04%,4.35%,0.00%,0.00%,,,,,,,,,
COURSE TOTAL:,19,3,1,0,0,23,3.782,0,0,0,0,0,23,
"",82.61%,13.04%,4.35%,0.00%,0.00%,,,,,,,,,
INTA-630-600,6,5,1,0,0,12,3.416,0,0,0,0,0,12,SERRA D
"",50.00%,41.67%,8.33%,0.00%,0.00%,,,,,,,,,
COURSE TOTAL:,6,5,1,0,0,12,3.416,0,0,0,0,0,12,
"",50.00%,41.67%,8.33%,0.00%,0.00%,,,,,,,,,
INTA-632-600,9,4,0,0,0,13,3.692,0,0,0,1,0,14,MU R
"",69.23%,30.77%,0.00%,0.00%,0.00%,,,,,,,,,
COURSE TOTAL:,9,4,0,0,0,13,3.692,0,0,0,1,0,14,
"",69.23%,30.77%,0.00%,0.00%,0.00%,,,,,,,,,
INTA-636-600,6,8,0,0,0,14,3.428,0,0,0,0,0,14,NATSIOS A
"",42.86%,57.14%,0.00%,0.00%,0.00%,,,,,,,,,
COURSE TOTAL:,6,8,0,0,0,14,3.428,0,0,0,0,0,14,
"",42.86%,57.14%,0.00%,0.00%,0.00%,,,,,,,,,
INTA-640-600,6,0,0,0,0,6,4.000,0,0,0,0,0,6,SNIDER E
"",100.00%,0.00%,0.00%,0.00%,0.00%,,,,,,,,,
COURSE TOTAL:,6,0,0,0,0,6,4.000,0,0,0,0,0,6,
"",100.00%,0.00%,0.00%,0.00%,0.00%,,,,,,,,,
INTA-643-600,8,0,0,0,0,8,4.000,0,0,0,1,0,9,HAMIE C
"",100.00%,0.00%,0.00%,0.00%,0.00%,,,,,,,,,
COURSE TOTAL:,8,0,0,0,0,8,4.000,0,0,0,1,0,9,
"",100.00%,0.00%,0.00%,0.00%,0.00%,,,,,,,,,
INTA-647-600,14,6,0,0,0,20,3.700,0,0,0,0,0,20,HUANG R
"",70.00%,30.00%,0.00%,0.00%,0.00%,,,,,,,,,
COURSE TOTAL:,14,6,0,0,0,20,3.700,0,0,0,0,0,20,
"",70.00%,30.00%,0.00%,0.00%,0.00%,,,,,,,,,
INTA-650-600,8,5,0,0,0,13,3.615,0,0,0,0,0,13,SIEVERT R
"",61.54%,38.46%,0.00%,0.00%,0.00%,,,,,,,,,
COURSE TOTAL:,8,5,0,0,0,13,3.615,0,0,0,0,0,13,
"",61.54%,38.46%,0.00%,0.00%,0.00%,,,,,,,,,
INTA-651-700,4,2,0,0,0,6,3.666,0,0,0,0,0,6,SMITH J
"",66.67%,33.33%,0.00%,0.00%,0.00%,,,,,,,,,
COURSE TOTAL:,4,2,0,0,0,6,3.666,0,0,0,0,0,6,
"",66.67%,33.33%,0.00%,0.00%,0.00%,,,,,,,,,
INTA-652-600,32,0,0,0,0,32,4.000,0,0,0,0,0,32,VOGLE G
"",100.00%,0.00%,0.00%,0.00%,0.00%,,,,,,,,,
INTA-652-650,8,4,0,0,0,12,3.666,0,0,0,0,0,12,ROSS G
"",66.67%,33.33%,0.00%,0.00%,0.00%,,,,,,,,,
INTA-652-700,4,4,1,0,0,9,3.333,0,0,0,1,0,10,DALY S
"",44.44%,44.44%,11.11%,0.00%,0.00%,,,,,,,,,
COURSE TOTAL:,44,8,1,0,0,53,3.811,0,0,0,1,0,54,
"",83.02%,15.09%,1.89%,0.00%,0.00%,,,,,,,,,
INTA-654-700,5,0,0,0,0,5,4.000,0,0,0,0,0,5,BLACKWELL J
"",100.00%,0.00%,0.00%,0.00%,0.00%,,,,,,,,,
COURSE TOTAL:,5,0,0,0,0,5,4.000,0,0,0,0,0,5,
"",100.00%,0.00%,0.00%,0.00%,0.00%,,,,,,,,,
INTA-655-600,18,0,0,0,0,18,4.000,0,0,0,0,0,18,MARIN THORNTON G
"",100.00%,0.00%,0.00%,0.00%,0.00%,,,,,,,,,
COURSE TOTAL:,18,0,0,0,0,18,4.000,0,0,0,0,0,18,
"",100.00%,0.00%,0.00%,0.00%,0.00%,,,,,,,,,
INTA-661-600,24,0,0,0,0,24,4.000,0,0,0,0,0,24,MARIN THORNTON G
"",100.00%,0.00%,0.00%,0.00%,0.00%,,,,,,,,,
COURSE TOTAL:,24,0,0,0,0,24,4.000,0,0,0,0,0,24,
"",100.00%,0.00%,0.00%,0.00%,0.00%,,,,,,,,,
INTA-668-601,8,1,0,0,0,9,3.888,0,0,0,0,0,9,SNIDER E
"",88.89%,11.11%,0.00%,0.00%,0.00%,,,,,,,,,
COURSE TOTAL:,8,1,0,0,0,9,3.888,0,0,0,0,0,9,
"",88.89%,11.11%,0.00%,0.00%,0.00%,,,,,,,,,
INTA-670-600,8,0,0,0,0,8,4.000,0,0,0,0,0,8,HOLZWEISS R
"",100.00%,0.00%,0.00%,0.00%,0.00%,,,,,,,,,
INTA-670-601,8,0,0,0,0,8,4.000,0,0,0,0,0,8,GILL M
"",100.00%,0.00%,0.00%,0.00%,0.00%,,,,,,,,,
INTA-670-602,8,0,0,0,0,8,4.000,0,0,0,0,0,8,CASTILLO J
"",100.00%,0.00%,0.00%,0.00%,0.00%,,,,,,,,,
INTA-670-603,3,2,0,0,0,5,3.600,0,0,0,0,0,5,THOROUGHMAN K
"",60.00%,40.00%,0.00%,0.00%,0.00%,,,,,,,,,
INTA-670-604,8,0,0,0,0,8,4.000,0,0,0,0,0,8,TEAGUE A
"",100.00%,0.00%,0.00%,0.00%,0.00%,,,,,,,,,
INTA-670-607,5,0,0,0,0,5,4.000,0,0,0,0,0,5,HUDSON V
"",100.00%,0.00%,0.00%,0.00%,0.00%,,,,,,,,,
INTA-670-609,5,3,0,0,0,8,3.625,0,0,0,0,0,8,HAMIE C
"",62.50%,37.50%,0.00%,0.00%,0.00%,,,,,,,,,
INTA-670-610,7,0,1,0,0,8,3.750,0,0,0,0,0,8,CHINCHILLA A
"",87.50%,0.00%,12.50%,0.00%,0.00%,,,,,,,,,
INTA-670-612,7,0,0,0,0,7,4.000,1,0,0,0,0,8,HOWELL M
"",100.00%,0.00%,0.00%,0.00%,0.00%,,,,,,,,,
INTA-670-613,7,0,1,0,0,8,3.750,0,0,0,0,0,8,SIEVERT R
"",87.50%,0.00%,12.50%,0.00%,0.00%,,,,,,,,,
COURSE TOTAL:,66,5,2,0,0,73,3.876,1,0,0,0,0,74,
"",90.41%,6.85%,2.74%,0.00%,0.00%,,,,,,,,,
INTA-674-600,7,3,0,0,0,10,3.700,0,0,0,0,0,10,TABAAR M
"",70.00%,30.00%,0.00%,0.00%,0.00%,,,,,,,,,
COURSE TOTAL:,7,3,0,0,0,10,3.700,0,0,0,0,0,10,
"",70.00%,30.00%,0.00%,0.00%,0.00%,,,,,,,,,
INTA-676-699,5,0,0,0,0,5,4.000,0,0,0,0,0,5,GAUSE F
"",100.00%,0.00%,0.00%,0.00%,0.00%,,,,,,,,,
COURSE TOTAL:,5,0,0,0,0,5,4.000,0,0,0,0,0,5,
"",100.00%,0.00%,0.00%,0.00%,0.00%,,,,,,,,,
INTA-680-650,8,2,0,0,0,10,3.800,0,0,0,0,0,10,DALY S
"",80.00%,20.00%,0.00%,0.00%,0.00%,,,,,,,,,
COURSE TOTAL:,8,2,0,0,0,10,3.800,0,0,0,0,0,10,
"",80.00%,20.00%,0.00%,0.00%,0.00%,,,,,,,,,
INTA-689-601,11,1,0,0,0,12,3.916,0,0,0,0,0,12,LAURIENTI J
"",91.67%,8.33%,0.00%,0.00%,0.00%,,,,,,,,,
INTA-689-604,4,3,0,0,0,7,3.571,0,0,0,0,0,7,YOUNG M
"",57.14%,42.86%,0.00%,0.00%,0.00%,,,,,,,,,
INTA-689-607,6,1,0,0,0,7,3.857,0,0,0,0,0,7,LEMON E
"",85.71%,14.29%,0.00%,0.00%,0.00%,,,,,,,,,
INTA-689-609,13,0,0,0,0,13,4.000,0,0,0,0,0,13,LEE S
"",100.00%,0.00%,0.00%,0.00%,0.00%,,,,,,,,,
INTA-689-610,3,8,0,0,0,11,3.272,0,0,0,0,0,11,HENNESSEY-NILAND J
"",27.27%,72.73%,0.00%,0.00%,0.00%,,,,,,,,,
INTA-689-611,24,0,0,0,0,24,4.000,0,0,0,0,0,24,VOGLE G
"",100.00%,0.00%,0.00%,0.00%,0.00%,,,,,,,,,
INTA-689-612,15,0,0,0,0,15,4.000,0,0,0,0,0,15,JACKSON M
"",100.00%,0.00%,0.00%,0.00%,0.00%,,,,,,,,,
INTA-689-613,16,0,0,0,0,16,4.000,0,0,0,0,0,16,HOWELL M
"",100.00%,0.00%,0.00%,0.00%,0.00%,,,,,,,,,
INTA-689-650,5,0,0,0,0,5,4.000,0,0,0,0,0,5,LAURIENTI J
"",100.00%,0.00%,0.00%,0.00%,0.00%,,,,,,,,,
INTA-689-651,3,2,2,0,0,7,3.142,0,0,0,0,0,7,KELLY M
"",42.86%,28.57%,28.57%,0.00%,0.00%,,,,,,,,,
INTA-689-652,5,3,0,0,0,8,3.625,1,0,0,0,0,9,LEMON E
"",62.50%,37.50%,0.00%,0.00%,0.00%,,,,,,,,,
INTA-689-655,5,0,0,0,0,5,4.000,0,0,0,0,0,5,SHYNKARUK K
"",100.00%,0.00%,0.00%,0.00%,0.00%,,,,,,,,,
COURSE TOTAL:,110,18,2,0,0,130,3.830,1,0,0,0,0,131,
"",84.62%,13.85%,1.54%,0.00%,0.00%,,,,,,,,,
INTA-694-600,14,5,0,0,0,19,3.736,0,0,0,0,0,19,ROBERTSON R
"",73.68%,26.32%,0.00%,0.00%,0.00%,,,,,,,,,
COURSE TOTAL:,14,5,0,0,0,19,3.736,0,0,0,0,0,19,
"",73.68%,26.32%,0.00%,0.00%,0.00%,,,,,,,,,
INTA-696-650,9,0,0,0,0,9,4.000,0,0,0,0,0,9,KING R
"",100.00%,0.00%,0.00%,0.00%,0.00%,,,,,,,,,
COURSE TOTAL:,9,0,0,0,0,9,4.000,0,0,0,0,0,9,
"",100.00%,0.00%,0.00%,0.00%,0.00%,,,,,,,,,
INTA-698-600,10,0,0,0,0,10,4.000,0,0,0,0,0,10,THOROUGHMAN K
"",100.00%,0.00%,0.00%,0.00%,0.00%,,,,,,,,,
COURSE TOTAL:,10,0,0,0,0,10,4.000,0,0,0,0,0,10,
"",100.00%,0.00%,0.00%,0.00%,0.00%,,,,,,,,,
INTA-700-650,5,2,0,0,0,7,3.714,0,0,0,0,0,7,ROSS G
"",71.43%,28.57%,0.00%,0.00%,0.00%,,,,,,,,,
COURSE TOTAL:,5,2,0,0,0,7,3.714,0,0,0,0,0,7,
"",71.43%,28.57%,0.00%,0.00%,0.00%,,,,,,,,,
INTA-703-601,9,0,1,0,0,10,3.800,0,0,0,0,0,10,HAMIE C
"",90.00%,0.00%,10.00%,0.00%,0.00%,,,,,,,,,
COURSE TOTAL:,9,0,1,0,0,10,3.800,0,0,0,0,0,10,
"",90.00%,0.00%,10.00%,0.00%,0.00%,,,,,,,,,
INTA-704-601,5,0,0,0,0,5,4.000,0,0,0,0,0,5,SCHUESSLER J
"",100.00%,0.00%,0.00%,0.00%,0.00%,,,,,,,,,
COURSE TOTAL:,5,0,0,0,0,5,4.000,0,0,0,0,0,5,
"",100.00%,0.00%,0.00%,0.00%,0.00%,,,,,,,,,
INTA-710-600,16,10,0,0,0,26,3.615,0,0,0,0,0,26,HOWELL M
"",61.54%,38.46%,0.00%,0.00%,0.00%,,,,,,,,,
COURSE TOTAL:,16,10,0,0,0,26,3.615,0,0,0,0,0,26,
"",61.54%,38.46%,0.00%,0.00%,0.00%,,,,,,,,,
INTA-711-601,22,0,0,0,0,22,4.000,0,0,0,0,0,22,THOROUGHMAN K
"",100.00%,0.00%,0.00%,0.00%,0.00%,,,,,,,,,
COURSE TOTAL:,22,0,0,0,0,22,4.000,0,0,0,0,0,22,
"",100.00%,0.00%,0.00%,0.00%,0.00%,,,,,,,,,
INTA-712-602,12,0,0,0,0,12,4.000,0,0,0,0,0,12,DEWITTE P
"",100.00%,0.00%,0.00%,0.00%,0.00%,,,,,,,,,
INTA-712-650,5,0,0,0,0,5,4.000,0,0,0,0,2,7,BROWN G
"",100.00%,0.00%,0.00%,0.00%,0.00%,,,,,,,,,
COURSE TOTAL:,17,0,0,0,0,17,4.000,0,0,0,0,2,19,
"",100.00%,0.00%,0.00%,0.00%,0.00%,,,,,,,,,
INTA-714-600,25,0,0,0,0,25,4.000,0,0,0,0,0,25,GILL M
"",100.00%,0.00%,0.00%,0.00%,0.00%,,,,,,,,,
COURSE TOTAL:,25,0,0,0,0,25,4.000,0,0,0,0,0,25,
"",100.00%,0.00%,0.00%,0.00%,0.00%,,,,,,,,,
INTA-719-600,25,0,0,0,0,25,4.000,0,0,0,0,0,25,TEAGUE A
"",100.00%,0.00%,0.00%,0.00%,0.00%,,,,,,,,,
COURSE TOTAL:,25,0,0,0,0,25,4.000,0,0,0,0,0,25,
"",100.00%,0.00%,0.00%,0.00%,0.00%,,,,,,,,,
INTA-721-601,7,3,0,0,0,10,3.700,0,0,0,0,0,10,BARTEL M
"",70.00%,30.00%,0.00%,0.00%,0.00%,,,,,,,,,
COURSE TOTAL:,7,3,0,0,0,10,3.700,0,0,0,0,0,10,
"",70.00%,30.00%,0.00%,0.00%,0.00%,,,,,,,,,
INTS-201-200,10,1,0,0,0,11,3.909,0,0,0,0,0,11,CARLEY R
"",90.91%,9.09%,0.00%,0.00%,0.00%,,,,,,,,,
INTS-201-501,50,7,2,1,0,60,3.766,0,0,0,0,0,60,CARLEY R
"",83.33%,11.67%,3.33%,1.67%,0.00%,,,,,,,,,
COURSE TOTAL:,60,8,2,1,0,71,3.788,0,0,0,0,0,71,
"",84.51%,11.27%,2.82%,1.41%,0.00%,,,,,,,,,
INTS-205-501,117,26,5,2,2,152,3.671,0,0,0,4,0,156,PASSMORE A
"",76.97%,17.11%,3.29%,1.32%,1.32%,,,,,,,,,
COURSE TOTAL:,117,26,5,2,2,152,3.671,0,0,0,4,0,156,
"",76.97%,17.11%,3.29%,1.32%,1.32%,,,,,,,,,
INTS-211-500,43,23,3,1,0,70,3.542,1,0,0,1,0,72,GARRITANO C
"",61.43%,32.86%,4.29%,1.43%,0.00%,,,,,,,,,
COURSE TOTAL:,43,23,3,1,0,70,3.542,1,0,0,1,0,72,
"",61.43%,32.86%,4.29%,1.43%,0.00%,,,,,,,,,
INTS-215-500,10,18,9,1,0,38,2.973,0,0,0,8,0,46,CECCHINI F
"",26.32%,47.37%,23.68%,2.63%,0.00%,,,,,,,,,
COURSE TOTAL:,10,18,9,1,0,38,2.973,0,0,0,8,0,46,
"",26.32%,47.37%,23.68%,2.63%,0.00%,,,,,,,,,
INTS-251-500,18,10,3,0,0,31,3.483,1,0,0,0,0,32,KARASIPAHI S
"",58.06%,32.26%,9.68%,0.00%,0.00%,,,,,,,,,
COURSE TOTAL:,18,10,3,0,0,31,3.483,1,0,0,0,0,32,
"",58.06%,32.26%,9.68%,0.00%,0.00%,,,,,,,,,
INTS-301-500,3,7,11,1,2,24,2.333,0,0,0,1,0,25,KARASIPAHI S
"",12.50%,29.17%,45.83%,4.17%,8.33%,,,,,,,,,
COURSE TOTAL:,3,7,11,1,2,24,2.333,0,0,0,1,0,25,
"",12.50%,29.17%,45.83%,4.17%,8.33%,,,,,,,,,
INTS-311-500,33,14,1,0,1,49,3.591,0,0,0,1,0,50,CARLEY R
"",67.35%,28.57%,2.04%,0.00%,2.04%,,,,,,,,,
COURSE TOTAL:,33,14,1,0,1,49,3.591,0,0,0,1,0,50,
"",67.35%,28.57%,2.04%,0.00%,2.04%,,,,,,,,,
INTS-321-500,3,2,0,0,2,7,2.571,0,0,0,0,0,7,KARASIPAHI S
"",42.86%,28.57%,0.00%,0.00%,28.57%,,,,,,,,,
COURSE TOTAL:,3,2,0,0,2,7,2.571,0,0,0,0,0,7,
"",42.86%,28.57%,0.00%,0.00%,28.57%,,,,,,,,,
INTS-401-500,19,6,2,0,0,27,3.629,0,0,0,2,0,29,ROSENTHAL A
"",70.37%,22.22%,7.41%,0.00%,0.00%,,,,,,,,,
COURSE TOTAL:,19,6,2,0,0,27,3.629,0,0,0,2,0,29,
"",70.37%,22.22%,7.41%,0.00%,0.00%,,,,,,,,,
INTS-403-970,8,3,1,0,0,12,3.583,0,0,0,0,0,12,CERRATO M
"",66.67%,25.00%,8.33%,0.00%,0.00%,,,,,,,,,
COURSE TOTAL:,8,3,1,0,0,12,3.583,0,0,0,0,0,12,
"",66.67%,25.00%,8.33%,0.00%,0.00%,,,,,,,,,
INTS-405-200,5,0,0,0,0,5,4.000,0,0,0,0,0,5,BONNER C
"",100.00%,0.00%,0.00%,0.00%,0.00%,,,,,,,,,
INTS-405-500,18,5,0,0,1,24,3.625,0,0,0,0,0,24,BONNER C
"",75.00%,20.83%,0.00%,0.00%,4.17%,,,,,,,,,
COURSE TOTAL:,23,5,0,0,1,29,3.689,0,0,0,0,0,29,
"",79.31%,17.24%,0.00%,0.00%,3.45%,,,,,,,,,
INTS-407-900,6,4,1,1,1,13,3.000,0,0,0,2,0,15,LARSON R
"",46.15%,30.77%,7.69%,7.69%,7.69%,,,,,,,,,
COURSE TOTAL:,6,4,1,1,1,13,3.000,0,0,0,2,0,15,
"",46.15%,30.77%,7.69%,7.69%,7.69%,,,,,,,,,
INTS-409-900,13,2,2,0,0,17,3.647,0,0,0,0,0,17,GARRITANO C
"",76.47%,11.76%,11.76%,0.00%,0.00%,,,,,,,,,
COURSE TOTAL:,13,2,2,0,0,17,3.647,0,0,0,0,0,17,
"",76.47%,11.76%,11.76%,0.00%,0.00%,,,,,,,,,
INTS-410-900,10,3,0,0,0,13,3.769,0,0,0,0,0,13,LEI J
"",76.92%,23.08%,0.00%,0.00%,0.00%,,,,,,,,,
COURSE TOTAL:,10,3,0,0,0,13,3.769,0,0,0,0,0,13,
"",76.92%,23.08%,0.00%,0.00%,0.00%,,,,,,,,,
INTS-481-901,14,7,1,1,0,23,3.478,0,0,0,0,0,23,COOKE L
"",60.87%,30.43%,4.35%,4.35%,0.00%,,,,,,,,,
INTS-481-902,16,2,0,0,0,18,3.888,0,0,0,0,0,18,HEMMIG C
"",88.89%,11.11%,0.00%,0.00%,0.00%,,,,,,,,,
INTS-481-903,10,9,2,0,0,21,3.380,0,0,0,0,0,21,MARCHESINI M
"",47.62%,42.86%,9.52%,0.00%,0.00%,,,,,,,,,
COURSE TOTAL:,40,18,3,1,0,62,3.564,0,0,0,0,0,62,
"",64.52%,29.03%,4.84%,1.61%,0.00%,,,,,,,,,
DEPARTMENT TOTAL:,1045,262,51,8,11,1377,3.687,6,0,0,23,3,1409
"",75.89%,19.03%,3.70%,0.58%,0.80%,,,,,,,,
POLS-200-902,8,9,5,0,2,24,2.875,1,0,0,0,0,25,KENT C
"",33.33%,37.50%,20.83%,0.00%,8.33%,,,,,,,,,
POLS-200-904,6,11,5,1,0,23,2.956,0,0,0,1,0,24,KENT C
"",26.09%,47.83%,21.74%,4.35%,0.00%,,,,,,,,,
POLS-200-905,5,8,6,0,0,19,2.947,0,0,0,0,0,19,KENT C
"",26.32%,42.11%,31.58%,0.00%,0.00%,,,,,,,,,
POLS-200-906,6,11,5,1,1,24,2.833,1,0,0,0,0,25,KENT C
"",25.00%,45.83%,20.83%,4.17%,4.17%,,,,,,,,,
POLS-200-908,7,9,7,1,1,25,2.800,0,0,0,0,0,25,KENT C
"",28.00%,36.00%,28.00%,4.00%,4.00%,,,,,,,,,
POLS-200-909,6,12,5,0,0,23,3.043,0,0,0,1,0,24,KENT C
"",26.09%,52.17%,21.74%,0.00%,0.00%,,,,,,,,,
COURSE TOTAL:,38,60,33,3,4,138,2.905,2,0,0,2,0,142,
"",27.54%,43.48%,23.91%,2.17%,2.90%,,,,,,,,,
POLS-203-501,32,24,5,1,1,63,3.349,0,0,0,2,0,65,DYER M
"",50.79%,38.10%,7.94%,1.59%,1.59%,,,,,,,,,
COURSE TOTAL:,32,24,5,1,1,63,3.349,0,0,0,2,0,65,
"",50.79%,38.10%,7.94%,1.59%,1.59%,,,,,,,,,
POLS-206-201,18,3,0,0,0,21,3.857,0,0,0,1,0,22,STEVENS R
"",85.71%,14.29%,0.00%,0.00%,0.00%,,,,,,,,,
POLS-206-501,91,141,38,5,6,281,3.088,0,0,0,7,0,288,LIPSMEYER C
"",32.38%,50.18%,13.52%,1.78%,2.14%,,,,,,,,,
POLS-206-502,108,137,35,3,0,283,3.236,0,0,0,4,0,287,LIPSMEYER C
"",38.16%,48.41%,12.37%,1.06%,0.00%,,,,,,,,,
POLS-206-503,74,136,65,7,5,287,2.930,0,0,0,3,1,291,HAYDON M
"",25.78%,47.39%,22.65%,2.44%,1.74%,,,,,,,,,
POLS-206-504,72,120,78,11,7,288,2.829,0,0,0,5,0,293,HAYDON M
"",25.00%,41.67%,27.08%,3.82%,2.43%,,,,,,,,,
POLS-206-598,203,113,62,6,1,385,3.327,0,0,0,14,1,400,HAYDON M
"",52.73%,29.35%,16.10%,1.56%,0.26%,,,,,,,,,
POLS-206-599,168,133,68,12,4,385,3.166,0,0,0,13,0,398,FULTON S
"",43.64%,34.55%,17.66%,3.12%,1.04%,,,,,,,,,
POLS-206-M01,7,9,4,0,2,22,2.863,0,0,0,0,0,22,LASHARI S
"",31.82%,40.91%,18.18%,0.00%,9.09%,,,,,,,,,
COURSE TOTAL:,741,792,350,44,25,1952,3.116,0,0,0,47,2,2001,
"",37.96%,40.57%,17.93%,2.25%,1.28%,,,,,,,,,
POLS-207-201,17,5,0,0,0,22,3.772,0,0,0,0,0,22,SMITH J
"",77.27%,22.73%,0.00%,0.00%,0.00%,,,,,,,,,
POLS-207-202,21,2,0,0,0,23,3.913,0,0,0,0,0,23,SMITH J
"",91.30%,8.70%,0.00%,0.00%,0.00%,,,,,,,,,
POLS-207-501,159,84,40,5,6,294,3.309,16,0,0,15,0,325,ROBLYER D
"",54.08%,28.57%,13.61%,1.70%,2.04%,,,,,,,,,
POLS-207-502,234,181,72,17,13,517,3.172,39,0,0,20,0,576,ROBLYER D
"",45.26%,35.01%,13.93%,3.29%,2.51%,,,,,,,,,
POLS-207-503,72,112,88,24,14,310,2.658,0,0,0,30,0,340,DYER M
"",23.23%,36.13%,28.39%,7.74%,4.52%,,,,,,,,,
POLS-207-504,203,73,8,1,3,288,3.638,0,0,0,6,0,294,STEVENS R
"",70.49%,25.35%,2.78%,0.35%,1.04%,,,,,,,,,
POLS-207-505,211,59,15,4,2,291,3.625,0,0,0,2,0,293,STEVENS R
"",72.51%,20.27%,5.15%,1.37%,0.69%,,,,,,,,,
POLS-207-506,234,222,95,0,0,551,3.252,0,0,0,23,0,574,SMITH J
"",42.47%,40.29%,17.24%,0.00%,0.00%,,,,,,,,,
POLS-207-507,258,29,6,0,0,293,3.860,0,0,0,0,0,293,CHUPP J
"",88.05%,9.90%,2.05%,0.00%,0.00%,,,,,,,,,
POLS-207-508,268,22,3,0,1,294,3.891,0,0,0,0,0,294,CHUPP J
"",91.16%,7.48%,1.02%,0.00%,0.34%,,,,,,,,,
POLS-207-509,263,24,3,1,1,292,3.873,0,0,0,1,0,293,CHUPP J
"",90.07%,8.22%,1.03%,0.34%,0.34%,,,,,,,,,
POLS-207-511,103,97,75,14,16,305,2.842,0,0,0,34,0,339,DYER M
"",33.77%,31.80%,24.59%,4.59%,5.25%,,,,,,,,,
POLS-207-M01,40,14,6,1,1,62,3.467,0,0,0,1,0,63,LASHARI S
"",64.52%,22.58%,9.68%,1.61%,1.61%,,,,,,,,,
COURSE TOTAL:,2083,924,411,67,57,3542,3.385,55,0,0,132,0,3729,
"",58.81%,26.09%,11.60%,1.89%,1.61%,,,,,,,,,
POLS-209-900,8,13,1,0,1,23,3.173,0,0,0,1,0,24,JO H
"",34.78%,56.52%,4.35%,0.00%,4.35%,,,,,,,,,
POLS-209-901,11,9,5,0,0,25,3.240,0,0,0,0,0,25,JO H
"",44.00%,36.00%,20.00%,0.00%,0.00%,,,,,,,,,
POLS-209-902,15,8,2,0,0,25,3.520,0,0,0,0,0,25,JO H
"",60.00%,32.00%,8.00%,0.00%,0.00%,,,,,,,,,
POLS-209-906,6,8,7,0,2,23,2.695,1,0,0,0,0,24,JO H
"",26.09%,34.78%,30.43%,0.00%,8.70%,,,,,,,,,
POLS-209-907,10,10,1,1,1,23,3.173,0,0,0,2,0,25,JO H
"",43.48%,43.48%,4.35%,4.35%,4.35%,,,,,,,,,
POLS-209-908,13,10,1,1,0,25,3.400,0,0,0,0,0,25,JO H
"",52.00%,40.00%,4.00%,4.00%,0.00%,,,,,,,,,
COURSE TOTAL:,63,58,17,2,4,144,3.208,1,0,0,3,0,148,
"",43.75%,40.28%,11.81%,1.39%,2.78%,,,,,,,,,
POLS-229-501,184,80,0,0,0,264,3.696,0,0,0,0,0,264,PACEK A
"",69.70%,30.30%,0.00%,0.00%,0.00%,,,,,,,,,
COURSE TOTAL:,184,80,0,0,0,264,3.696,0,0,0,0,0,264,
"",69.70%,30.30%,0.00%,0.00%,0.00%,,,,,,,,,
POLS-233-500,42,59,38,13,11,163,2.662,0,0,0,9,0,172,BOND J
"",25.77%,36.20%,23.31%,7.98%,6.75%,,,,,,,,,
COURSE TOTAL:,42,59,38,13,11,163,2.662,0,0,0,9,0,172,
"",25.77%,36.20%,23.31%,7.98%,6.75%,,,,,,,,,
POLS-306-500,18,5,2,0,0,25,3.640,0,0,0,1,0,26,VON VACANO D
"",72.00%,20.00%,8.00%,0.00%,0.00%,,,,,,,,,
COURSE TOTAL:,18,5,2,0,0,25,3.640,0,0,0,1,0,26,
"",72.00%,20.00%,8.00%,0.00%,0.00%,,,,,,,,,
POLS-308-500,14,8,7,3,2,34,2.852,0,0,0,2,0,36,ROGERS J
"",41.18%,23.53%,20.59%,8.82%,5.88%,,,,,,,,,
POLS-308-501,13,12,6,1,1,33,3.060,1,0,0,2,0,36,OGDEN B
"",39.39%,36.36%,18.18%,3.03%,3.03%,,,,,,,,,
POLS-308-502,28,4,3,0,0,35,3.714,0,0,0,0,0,35,OGDEN B
"",80.00%,11.43%,8.57%,0.00%,0.00%,,,,,,,,,
COURSE TOTAL:,55,24,16,4,3,102,3.215,1,0,0,4,0,107,
"",53.92%,23.53%,15.69%,3.92%,2.94%,,,,,,,,,
POLS-309-501,14,5,2,0,1,22,3.409,0,0,0,0,0,22,CRISMAN-COX C
"",63.64%,22.73%,9.09%,0.00%,4.55%,,,,,,,,,
POLS-309-502,8,6,5,1,1,21,2.904,0,0,0,0,0,21,CRISMAN-COX C
"",38.10%,28.57%,23.81%,4.76%,4.76%,,,,,,,,,
POLS-309-503,12,4,1,0,2,19,3.263,1,0,0,2,0,22,CRISMAN-COX C
"",63.16%,21.05%,5.26%,0.00%,10.53%,,,,,,,,,
POLS-309-504,3,13,1,0,1,18,2.944,0,0,0,0,0,18,CRISMAN-COX C
"",16.67%,72.22%,5.56%,0.00%,5.56%,,,,,,,,,
COURSE TOTAL:,37,28,9,1,5,80,3.137,1,0,0,2,0,83,
"",46.25%,35.00%,11.25%,1.25%,6.25%,,,,,,,,,
POLS-312-500,21,8,1,0,2,32,3.437,0,0,0,1,0,33,YI J
"",65.63%,25.00%,3.13%,0.00%,6.25%,,,,,,,,,
COURSE TOTAL:,21,8,1,0,2,32,3.437,0,0,0,1,0,33,
"",65.63%,25.00%,3.13%,0.00%,6.25%,,,,,,,,,
POLS-315-500,11,16,7,1,0,35,3.057,0,0,0,0,0,35,HARMEL R
"",31.43%,45.71%,20.00%,2.86%,0.00%,,,,,,,,,
COURSE TOTAL:,11,16,7,1,0,35,3.057,0,0,0,0,0,35,
"",31.43%,45.71%,20.00%,2.86%,0.00%,,,,,,,,,
POLS-322-500,56,8,0,0,2,66,3.757,0,0,0,0,0,66,ROBERTSON J
"",84.85%,12.12%,0.00%,0.00%,3.03%,,,,,,,,,
COURSE TOTAL:,56,8,0,0,2,66,3.757,0,0,0,0,0,66,
"",84.85%,12.12%,0.00%,0.00%,3.03%,,,,,,,,,
POLS-323-501,20,4,1,1,0,26,3.653,0,0,0,1,0,27,ARMSTRONG B
"",76.92%,15.38%,3.85%,3.85%,0.00%,,,,,,,,,
POLS-323-502,15,17,2,0,2,36,3.194,0,0,0,0,0,36,DE MIRANDA QUEIROZ
"",41.67%,47.22%,5.56%,0.00%,5.56%,,,,,,,,,
COURSE TOTAL:,35,21,3,1,2,62,3.387,0,0,0,1,0,63,
"",56.45%,33.87%,4.84%,1.61%,3.23%,,,,,,,,,
POLS-335-500,23,9,4,0,0,36,3.527,0,0,0,0,0,36,KIM J
"",63.89%,25.00%,11.11%,0.00%,0.00%,,,,,,,,,
POLS-335-501,6,14,9,3,0,32,2.718,0,0,0,3,0,35,TARAR A
"",18.75%,43.75%,28.13%,9.38%,0.00%,,,,,,,,,
COURSE TOTAL:,29,23,13,3,0,68,3.147,0,0,0,3,0,71,
"",42.65%,33.82%,19.12%,4.41%,0.00%,,,,,,,,,
POLS-340-500,9,13,10,0,1,33,2.878,0,0,0,2,0,35,THORNTON D
"",27.27%,39.39%,30.30%,0.00%,3.03%,,,,,,,,,
COURSE TOTAL:,9,13,10,0,1,33,2.878,0,0,0,2,0,35,
"",27.27%,39.39%,30.30%,0.00%,3.03%,,,,,,,,,
POLS-342-501,27,3,2,1,1,34,3.588,0,0,0,0,0,34,LEE J
"",79.41%,8.82%,5.88%,2.94%,2.94%,,,,,,,,,
COURSE TOTAL:,27,3,2,1,1,34,3.588,0,0,0,0,0,34,
"",79.41%,8.82%,5.88%,2.94%,2.94%,,,,,,,,,
POLS-349-501,13,10,7,2,0,32,3.062,0,0,0,3,0,35,NEDERMAN C
"",40.63%,31.25%,21.88%,6.25%,0.00%,,,,,,,,,
COURSE TOTAL:,13,10,7,2,0,32,3.062,0,0,0,3,0,35,
"",40.63%,31.25%,21.88%,6.25%,0.00%,,,,,,,,,
POLS-350-900,8,4,4,0,0,16,3.250,0,0,0,3,0,19,NEDERMAN C
"",50.00%,25.00%,25.00%,0.00%,0.00%,,,,,,,,,
COURSE TOTAL:,8,4,4,0,0,16,3.250,0,0,0,3,0,19,
"",50.00%,25.00%,25.00%,0.00%,0.00%,,,,,,,,,
POLS-362-500,21,4,2,2,0,29,3.517,0,0,0,0,0,29,VON VACANO D
"",72.41%,13.79%,6.90%,6.90%,0.00%,,,,,,,,,
COURSE TOTAL:,21,4,2,2,0,29,3.517,0,0,0,0,0,29,
"",72.41%,13.79%,6.90%,6.90%,0.00%,,,,,,,,,
POLS-367-500,14,8,1,1,0,24,3.458,0,0,0,1,0,25,PARK Y
"",58.33%,33.33%,4.17%,4.17%,0.00%,,,,,,,,,
COURSE TOTAL:,14,8,1,1,0,24,3.458,0,0,0,1,0,25,
"",58.33%,33.33%,4.17%,4.17%,0.00%,,,,,,,,,
POLS-412-501,8,14,3,0,0,25,3.200,0,0,0,1,0,26,SONG M
"",32.00%,56.00%,12.00%,0.00%,0.00%,,,,,,,,,
COURSE TOTAL:,8,14,3,0,0,25,3.200,0,0,0,1,0,26,
"",32.00%,56.00%,12.00%,0.00%,0.00%,,,,,,,,,
POLS-420-501,10,16,8,0,0,34,3.058,0,0,0,2,0,36,FUHRMANN M
"",29.41%,47.06%,23.53%,0.00%,0.00%,,,,,,,,,
COURSE TOTAL:,10,16,8,0,0,34,3.058,0,0,0,2,0,36,
"",29.41%,47.06%,23.53%,0.00%,0.00%,,,,,,,,,
POLS-429-502,16,11,2,0,2,31,3.258,0,0,0,1,0,32,LI Q
"",51.61%,35.48%,6.45%,0.00%,6.45%,,,,,,,,,
COURSE TOTAL:,16,11,2,0,2,31,3.258,0,0,0,1,0,32,
"",51.61%,35.48%,6.45%,0.00%,6.45%,,,,,,,,,
POLS-435-501,25,4,4,1,1,35,3.457,0,0,0,1,0,36,GOIDEL S
"",71.43%,11.43%,11.43%,2.86%,2.86%,,,,,,,,,
COURSE TOTAL:,25,4,4,1,1,35,3.457,0,0,0,1,0,36,
"",71.43%,11.43%,11.43%,2.86%,2.86%,,,,,,,,,
POLS-475-500,21,2,2,0,0,25,3.760,0,0,0,1,2,28,TANABE K
"",84.00%,8.00%,8.00%,0.00%,0.00%,,,,,,,,,
COURSE TOTAL:,21,2,2,0,0,25,3.760,0,0,0,1,2,28,
"",84.00%,8.00%,8.00%,0.00%,0.00%,,,,,,,,,
POLS-603-600,3,3,0,0,0,6,3.500,0,0,0,0,0,6,COOK S
"",50.00%,50.00%,0.00%,0.00%,0.00%,,,,,,,,,
COURSE TOTAL:,3,3,0,0,0,6,3.500,0,0,0,0,0,6,
"",50.00%,50.00%,0.00%,0.00%,0.00%,,,,,,,,,
POLS-604-601,2,3,0,0,0,5,3.400,0,0,0,0,0,5,HORZ C
"",40.00%,60.00%,0.00%,0.00%,0.00%,,,,,,,,,
COURSE TOTAL:,2,3,0,0,0,5,3.400,0,0,0,0,0,5,
"",40.00%,60.00%,0.00%,0.00%,0.00%,,,,,,,,,
POLS-607-600,9,7,0,0,0,16,3.562,0,0,0,0,0,16,COOK S
"",56.25%,43.75%,0.00%,0.00%,0.00%,,,,,,,,,
COURSE TOTAL:,9,7,0,0,0,16,3.562,0,0,0,0,0,16,
"",56.25%,43.75%,0.00%,0.00%,0.00%,,,,,,,,,
POLS-612-601,2,2,0,0,1,5,2.800,0,0,0,0,0,5,CHEIBUB J
"",40.00%,40.00%,0.00%,0.00%,20.00%,,,,,,,,,
COURSE TOTAL:,2,2,0,0,1,5,2.800,0,0,0,0,0,5,
"",40.00%,40.00%,0.00%,0.00%,20.00%,,,,,,,,,
POLS-626-601,13,0,0,0,0,13,4.000,0,0,0,0,0,13,CHEIBUB J
"",100.00%,0.00%,0.00%,0.00%,0.00%,,,,,,,,,
COURSE TOTAL:,13,0,0,0,0,13,4.000,0,0,0,0,0,13,
"",100.00%,0.00%,0.00%,0.00%,0.00%,,,,,,,,,
POLS-631-601,5,2,0,0,0,7,3.714,0,0,0,1,0,8,TARAR A
"",71.43%,28.57%,0.00%,0.00%,0.00%,,,,,,,,,
COURSE TOTAL:,5,2,0,0,0,7,3.714,0,0,0,1,0,8,
"",71.43%,28.57%,0.00%,0.00%,0.00%,,,,,,,,,
POLS-640-601,6,0,0,0,0,6,4.000,0,0,0,0,0,6,GOIDEL R
"",100.00%,0.00%,0.00%,0.00%,0.00%,,,,,,,,,
COURSE TOTAL:,6,0,0,0,0,6,4.000,0,0,0,0,0,6,
"",100.00%,0.00%,0.00%,0.00%,0.00%,,,,,,,,,
POLS-671-601,6,0,0,0,0,6,4.000,0,0,0,0,0,6,KELLSTEDT P
"",100.00%,0.00%,0.00%,0.00%,0.00%,,,,,,,,,
COURSE TOTAL:,6,0,0,0,0,6,4.000,0,0,0,0,0,6,
"",100.00%,0.00%,0.00%,0.00%,0.00%,,,,,,,,,
DEPARTMENT TOTAL:,3663,2236,950,147,122,7118,3.288,60,0,0,223,4,7405,
"",51.46%,31.41%,13.35%,2.07%,1.71%,,,,,,,,,
PSAA-601-700,12,0,0,0,0,12,4.000,0,0,0,0,0,12,WEST W
"",100.00%,0.00%,0.00%,0.00%,0.00%,,,,,,,,,
PSAA-601-701,13,0,0,0,1,14,3.714,0,0,0,0,0,14,SMITH S
"",92.86%,0.00%,0.00%,0.00%,7.14%,,,,,,,,,
COURSE TOTAL:,25,0,0,0,1,26,3.846,0,0,0,0,0,26,
"",96.15%,0.00%,0.00%,0.00%,3.85%,,,,,,,,,
PSAA-602-601,5,7,0,0,0,12,3.416,0,0,0,0,0,12,HOFMANN P
"",41.67%,58.33%,0.00%,0.00%,0.00%,,,,,,,,,
COURSE TOTAL:,5,7,0,0,0,12,3.416,0,0,0,0,0,12,
"",41.67%,58.33%,0.00%,0.00%,0.00%,,,,,,,,,
PSAA-603-601,10,1,0,0,0,11,3.909,0,0,0,0,0,11,HILDERBRAND M
"",90.91%,9.09%,0.00%,0.00%,0.00%,,,,,,,,,
PSAA-603-700,3,4,0,0,0,7,3.428,0,0,0,0,0,7,MORRISON J
"",42.86%,57.14%,0.00%,0.00%,0.00%,,,,,,,,,
COURSE TOTAL:,13,5,0,0,0,18,3.722,0,0,0,0,0,18,
"",72.22%,27.78%,0.00%,0.00%,0.00%,,,,,,,,,
PSAA-604-700,9,7,0,0,0,16,3.562,0,0,0,1,0,17,KILTZ L
"",56.25%,43.75%,0.00%,0.00%,0.00%,,,,,,,,,
COURSE TOTAL:,9,7,0,0,0,16,3.562,0,0,0,1,0,17,
"",56.25%,43.75%,0.00%,0.00%,0.00%,,,,,,,,,
PSAA-605-600,4,1,0,0,0,5,3.800,0,0,0,1,0,6,MOATS J
"",80.00%,20.00%,0.00%,0.00%,0.00%,,,,,,,,,
PSAA-605-700,7,2,0,0,0,9,3.777,0,0,0,0,0,9,DEBREE D
"",77.78%,22.22%,0.00%,0.00%,0.00%,,,,,,,,,
COURSE TOTAL:,11,3,0,0,0,14,3.785,0,0,0,1,0,15,
"",78.57%,21.43%,0.00%,0.00%,0.00%,,,,,,,,,
PSAA-608-600,17,2,0,0,0,19,3.894,0,0,0,0,0,19,DAVIS D
"",89.47%,10.53%,0.00%,0.00%,0.00%,,,,,,,,,
PSAA-608-700,11,3,0,0,0,14,3.785,0,0,0,0,0,14,WHITTEN G
"",78.57%,21.43%,0.00%,0.00%,0.00%,,,,,,,,,
COURSE TOTAL:,28,5,0,0,0,33,3.848,0,0,0,0,0,33,
"",84.85%,15.15%,0.00%,0.00%,0.00%,,,,,,,,,
PSAA-611-601,12,8,0,0,0,20,3.600,0,0,0,0,0,20,HOFMANN P
"",60.00%,40.00%,0.00%,0.00%,0.00%,,,,,,,,,
PSAA-611-602,10,11,0,0,0,21,3.476,0,0,0,0,0,21,HOFMANN P
"",47.62%,52.38%,0.00%,0.00%,0.00%,,,,,,,,,
PSAA-611-603,15,2,0,0,0,17,3.882,1,0,0,0,0,18,KERR D
"",88.24%,11.76%,0.00%,0.00%,0.00%,,,,,,,,,
PSAA-611-604,11,4,0,0,0,15,3.733,0,0,0,0,1,16,KERR D
"",73.33%,26.67%,0.00%,0.00%,0.00%,,,,,,,,,
PSAA-611-700,8,11,1,0,1,21,3.190,0,0,0,0,0,21,WEST W
"",38.10%,52.38%,4.76%,0.00%,4.76%,,,,,,,,,
COURSE TOTAL:,56,36,1,0,1,94,3.553,1,0,0,0,1,96,
"",59.57%,38.30%,1.06%,0.00%,1.06%,,,,,,,,,
PSAA-613-601,16,0,0,0,0,16,4.000,0,0,0,0,0,16,CORTES K
"",100.00%,0.00%,0.00%,0.00%,0.00%,,,,,,,,,
COURSE TOTAL:,16,0,0,0,0,16,4.000,0,0,0,0,0,16,
"",100.00%,0.00%,0.00%,0.00%,0.00%,,,,,,,,,
PSAA-617-700,21,0,0,0,1,22,3.818,0,0,0,0,0,22,NAKAMURA B
"",95.45%,0.00%,0.00%,0.00%,4.55%,,,,,,,,,
COURSE TOTAL:,21,0,0,0,1,22,3.818,0,0,0,0,0,22,
"",95.45%,0.00%,0.00%,0.00%,4.55%,,,,,,,,,
PSAA-618-600,7,2,0,0,0,9,3.777,0,0,0,0,1,10,CASELLAS CONNORS I
"",77.78%,22.22%,0.00%,0.00%,0.00%,,,,,,,,,
COURSE TOTAL:,7,2,0,0,0,9,3.777,0,0,0,0,1,10,
"",77.78%,22.22%,0.00%,0.00%,0.00%,,,,,,,,,
PSAA-621-700,21,1,0,0,0,22,3.954,0,0,0,0,0,22,SMITH S
"",95.45%,4.55%,0.00%,0.00%,0.00%,,,,,,,,,
COURSE TOTAL:,21,1,0,0,0,22,3.954,0,0,0,0,0,22,
"",95.45%,4.55%,0.00%,0.00%,0.00%,,,,,,,,,
PSAA-622-601,14,2,0,0,0,16,3.875,0,0,0,0,0,16,GRAHAM C
"",87.50%,12.50%,0.00%,0.00%,0.00%,,,,,,,,,
PSAA-622-602,5,6,4,0,0,15,3.066,0,0,0,0,4,19,TAYLOR L
"",33.33%,40.00%,26.67%,0.00%,0.00%,,,,,,,,,
COURSE TOTAL:,19,8,4,0,0,31,3.483,0,0,0,0,4,35,
"",61.29%,25.81%,12.90%,0.00%,0.00%,,,,,,,,,
PSAA-623-700,18,2,0,0,1,21,3.714,0,0,0,0,0,21,GRAHAM C
"",85.71%,9.52%,0.00%,0.00%,4.76%,,,,,,,,,
PSAA-623-701,13,3,0,1,0,17,3.647,0,0,0,0,0,17,LITTLE C
"",76.47%,17.65%,0.00%,5.88%,0.00%,,,,,,,,,
COURSE TOTAL:,31,5,0,1,1,38,3.684,0,0,0,0,0,38,
"",81.58%,13.16%,0.00%,2.63%,2.63%,,,,,,,,,
PSAA-626-601,18,0,0,0,0,18,4.000,0,0,0,0,0,18,SULLIVAN R
"",100.00%,0.00%,0.00%,0.00%,0.00%,,,,,,,,,
COURSE TOTAL:,18,0,0,0,0,18,4.000,0,0,0,0,0,18,
"",100.00%,0.00%,0.00%,0.00%,0.00%,,,,,,,,,
PSAA-630-601,14,9,0,0,0,23,3.608,0,0,0,0,0,23,MARCHBANKS M
"",60.87%,39.13%,0.00%,0.00%,0.00%,,,,,,,,,
PSAA-630-602,23,0,0,0,0,23,4.000,0,0,0,0,0,23,BRIGHT L
"",100.00%,0.00%,0.00%,0.00%,0.00%,,,,,,,,,
PSAA-630-700,13,6,0,0,0,19,3.684,0,0,0,0,0,19,CANTRELL-BRUCE T
"",68.42%,31.58%,0.00%,0.00%,0.00%,,,,,,,,,
COURSE TOTAL:,50,15,0,0,0,65,3.769,0,0,0,0,0,65,
"",76.92%,23.08%,0.00%,0.00%,0.00%,,,,,,,,,
PSAA-631-700,20,1,0,0,0,21,3.952,0,0,0,0,0,21,LITTLE C
"",95.24%,4.76%,0.00%,0.00%,0.00%,,,,,,,,,
COURSE TOTAL:,20,1,0,0,0,21,3.952,0,0,0,0,0,21,
"",95.24%,4.76%,0.00%,0.00%,0.00%,,,,,,,,,
PSAA-632-601,13,9,0,0,0,22,3.590,0,0,0,0,0,22,QU H
"",59.09%,40.91%,0.00%,0.00%,0.00%,,,,,,,,,
PSAA-632-700,6,3,1,0,0,10,3.500,0,0,0,0,0,10,QU H
"",60.00%,30.00%,10.00%,0.00%,0.00%,,,,,,,,,
COURSE TOTAL:,19,12,1,0,0,32,3.562,0,0,0,0,0,32,
"",59.38%,37.50%,3.13%,0.00%,0.00%,,,,,,,,,
PSAA-633-602,16,1,0,0,0,17,3.941,0,0,0,0,0,17,SEAWORTH A
"",94.12%,5.88%,0.00%,0.00%,0.00%,,,,,,,,,
PSAA-633-700,5,1,1,0,0,7,3.571,0,0,0,1,0,8,ZUNIGA K
"",71.43%,14.29%,14.29%,0.00%,0.00%,,,,,,,,,
COURSE TOTAL:,21,2,1,0,0,24,3.833,0,0,0,1,0,25,
"",87.50%,8.33%,4.17%,0.00%,0.00%,,,,,,,,,
PSAA-634-601,19,3,0,0,0,22,3.863,0,0,0,0,0,22,COMPTON M
"",86.36%,13.64%,0.00%,0.00%,0.00%,,,,,,,,,
PSAA-634-602,15,3,0,0,0,18,3.833,0,0,0,0,0,18,GREER R
"",83.33%,16.67%,0.00%,0.00%,0.00%,,,,,,,,,
PSAA-634-700,24,0,0,0,1,25,3.840,0,0,0,0,0,25,NAKAMURA B
"",96.00%,0.00%,0.00%,0.00%,4.00%,,,,,,,,,
COURSE TOTAL:,58,6,0,0,1,65,3.846,0,0,0,0,0,65,
"",89.23%,9.23%,0.00%,0.00%,1.54%,,,,,,,,,
PSAA-635-601,19,1,1,0,0,21,3.857,0,0,0,0,0,21,COMPTON M
"",90.48%,4.76%,4.76%,0.00%,0.00%,,,,,,,,,
COURSE TOTAL:,19,1,1,0,0,21,3.857,0,0,0,0,0,21,
"",90.48%,4.76%,4.76%,0.00%,0.00%,,,,,,,,,
PSAA-636-700,15,1,0,0,0,16,3.937,0,0,0,0,0,16,LUM J
"",93.75%,6.25%,0.00%,0.00%,0.00%,,,,,,,,,
COURSE TOTAL:,15,1,0,0,0,16,3.937,0,0,0,0,0,16,
"",93.75%,6.25%,0.00%,0.00%,0.00%,,,,,,,,,
PSAA-638-600,5,1,0,0,0,6,3.833,0,0,0,0,0,6,DAGUE L
"",83.33%,16.67%,0.00%,0.00%,0.00%,,,,,,,,,
COURSE TOTAL:,5,1,0,0,0,6,3.833,0,0,0,0,0,6,
"",83.33%,16.67%,0.00%,0.00%,0.00%,,,,,,,,,
PSAA-642-601,9,0,0,0,0,9,4.000,0,0,0,0,0,9,BRIGHT L
"",100.00%,0.00%,0.00%,0.00%,0.00%,,,,,,,,,
COURSE TOTAL:,9,0,0,0,0,9,4.000,0,0,0,0,0,9,
"",100.00%,0.00%,0.00%,0.00%,0.00%,,,,,,,,,
PSAA-643-700,15,0,0,0,0,15,4.000,0,0,0,1,0,16,LUM J
"",100.00%,0.00%,0.00%,0.00%,0.00%,,,,,,,,,
COURSE TOTAL:,15,0,0,0,0,15,4.000,0,0,0,1,0,16,
"",100.00%,0.00%,0.00%,0.00%,0.00%,,,,,,,,,
PSAA-644-700,11,3,2,1,3,20,2.900,0,0,0,0,0,20,FERNSLER T
"",55.00%,15.00%,10.00%,5.00%,15.00%,,,,,,,,,
COURSE TOTAL:,11,3,2,1,3,20,2.900,0,0,0,0,0,20,
"",55.00%,15.00%,10.00%,5.00%,15.00%,,,,,,,,,
PSAA-649-601,10,0,1,0,0,11,3.818,0,0,0,0,0,11,SEAWORTH A
"",90.91%,0.00%,9.09%,0.00%,0.00%,,,,,,,,,
COURSE TOTAL:,10,0,1,0,0,11,3.818,0,0,0,0,0,11,
"",90.91%,0.00%,9.09%,0.00%,0.00%,,,,,,,,,
PSAA-650-600,6,0,0,0,0,6,4.000,0,0,0,0,0,6,ROBICHAU R
"",100.00%,0.00%,0.00%,0.00%,0.00%,,,,,,,,,
COURSE TOTAL:,6,0,0,0,0,6,4.000,0,0,0,0,0,6,
"",100.00%,0.00%,0.00%,0.00%,0.00%,,,,,,,,,
PSAA-651-601,7,0,0,0,0,7,4.000,0,0,0,0,0,7,DEBREE D
"",100.00%,0.00%,0.00%,0.00%,0.00%,,,,,,,,,
COURSE TOTAL:,7,0,0,0,0,7,4.000,0,0,0,0,0,7,
"",100.00%,0.00%,0.00%,0.00%,0.00%,,,,,,,,,
PSAA-656-600,14,0,0,0,0,14,4.000,0,0,0,0,0,14,DAVIS D
"",100.00%,0.00%,0.00%,0.00%,0.00%,,,,,,,,,
PSAA-656-700,5,1,0,0,0,6,3.833,0,0,0,0,0,6,ROLLINS J
"",83.33%,16.67%,0.00%,0.00%,0.00%,,,,,,,,,
COURSE TOTAL:,19,1,0,0,0,20,3.950,0,0,0,0,0,20,
"",95.00%,5.00%,0.00%,0.00%,0.00%,,,,,,,,,
PSAA-657-700,7,3,0,0,0,10,3.700,0,0,0,0,0,10,DAVIS D
"",70.00%,30.00%,0.00%,0.00%,0.00%,,,,,,,,,
COURSE TOTAL:,7,3,0,0,0,10,3.700,0,0,0,0,0,10,
"",70.00%,30.00%,0.00%,0.00%,0.00%,,,,,,,,,
PSAA-658-700,11,0,0,0,0,11,4.000,0,0,0,0,0,11,SHAW T
"",100.00%,0.00%,0.00%,0.00%,0.00%,,,,,,,,,
COURSE TOTAL:,11,0,0,0,0,11,4.000,0,0,0,0,0,11,
"",100.00%,0.00%,0.00%,0.00%,0.00%,,,,,,,,,
PSAA-675-601,9,0,0,0,0,9,4.000,0,0,0,0,0,9,BOWMAN A
"",100.00%,0.00%,0.00%,0.00%,0.00%,,,,,,,,,
PSAA-675-700,12,0,0,0,0,12,4.000,0,0,0,0,0,12,NAKAMURA B
"",100.00%,0.00%,0.00%,0.00%,0.00%,,,,,,,,,
COURSE TOTAL:,21,0,0,0,0,21,4.000,0,0,0,0,0,21,
"",100.00%,0.00%,0.00%,0.00%,0.00%,,,,,,,,,
PSAA-676-601,12,0,0,0,0,12,4.000,0,0,0,0,0,12,DAVIS D
"",100.00%,0.00%,0.00%,0.00%,0.00%,,,,,,,,,
PSAA-676-602,13,0,0,0,0,13,4.000,0,0,0,0,0,13,BROWN W
"",100.00%,0.00%,0.00%,0.00%,0.00%,,,,,,,,,
PSAA-676-603,9,1,1,0,0,11,3.727,0,0,0,0,0,11,DEBREE D
"",81.82%,9.09%,9.09%,0.00%,0.00%,,,,,,,,,
PSAA-676-604,12,0,0,0,0,12,4.000,0,0,0,0,0,12,GRAHAM C
"",100.00%,0.00%,0.00%,0.00%,0.00%,,,,,,,,,
PSAA-676-605,9,0,0,0,0,9,4.000,0,0,0,0,0,9,KERR D
"",100.00%,0.00%,0.00%,0.00%,0.00%,,,,,,,,,
PSAA-676-606,10,0,0,0,0,10,4.000,0,0,0,0,0,10,ROBICHAU R
"",100.00%,0.00%,0.00%,0.00%,0.00%,,,,,,,,,
PSAA-676-608,9,0,0,0,0,9,4.000,0,0,0,0,0,9,BOWMAN A
"",100.00%,0.00%,0.00%,0.00%,0.00%,,,,,,,,,
PSAA-676-700,10,0,0,0,0,10,4.000,0,0,0,0,0,10,GAMACHE K
"",100.00%,0.00%,0.00%,0.00%,0.00%,,,,,,,,,
PSAA-676-701,7,0,0,0,0,7,4.000,0,0,0,0,0,7,MOATS J
"",100.00%,0.00%,0.00%,0.00%,0.00%,,,,,,,,,
COURSE TOTAL:,91,1,1,0,0,93,3.967,0,0,0,0,0,93,
"",97.85%,1.08%,1.08%,0.00%,0.00%,,,,,,,,,
PSAA-689-600,11,0,0,0,0,11,4.000,0,0,0,0,0,11,MORRISS A
"",100.00%,0.00%,0.00%,0.00%,0.00%,,,,,,,,,
PSAA-689-601,8,2,0,0,0,10,3.800,0,0,0,0,0,10,CHEONG S
"",80.00%,20.00%,0.00%,0.00%,0.00%,,,,,,,,,
PSAA-689-602,6,3,0,0,0,9,3.666,0,0,0,0,0,9,CASELLAS CONNORS I
"",66.67%,33.33%,0.00%,0.00%,0.00%,,,,,,,,,
PSAA-689-603,7,1,1,0,0,9,3.666,0,0,0,0,0,9,TAYLOR K
"",77.78%,11.11%,11.11%,0.00%,0.00%,,,,,,,,,
PSAA-689-604,10,4,0,0,0,14,3.714,0,0,0,0,0,14,GREER R
"",71.43%,28.57%,0.00%,0.00%,0.00%,,,,,,,,,
COURSE TOTAL:,42,10,1,0,0,53,3.773,0,0,0,0,0,53
"",79.25%,18.87%,1.89%,0.00%,0.00%,,,,,,,,
DEPARTMENT TOTAL:,736,136,13,2,8,895,3.776,1,0,0,4,6,906
"",82.23%,15.20%,1.45%,0.22%,0.89%,,,,,,,,
COLLEGE TOTAL:,5518,2653,1015,157,141,9484,3.394,68,0,0,251,13,9816
"",58.18%,27.97%,10.70%,1.66%,1.49%,,,,,,,,
