EDAD-603-600,7,2,0,0,0,9,3.777,0,0,0,0,0,9,SALAZAR C
"",77.78%,22.22%,0.00%,0.00%,0.00%,,,,,,,,,
COURSE TOTAL:,7,2,0,0,0,9,3.777,0,0,0,0,0,9,
"",77.78%,22.22%,0.00%,0.00%,0.00%,,,,,,,,,
EDAD-608-700,5,0,0,0,0,5,4.000,0,0,0,0,0,5,HOLLEY S
"",100.00%,0.00%,0.00%,0.00%,0.00%,,,,,,,,,
COURSE TOTAL:,5,0,0,0,0,5,4.000,0,0,0,0,0,5,
"",100.00%,0.00%,0.00%,0.00%,0.00%,,,,,,,,,
EDAD-609-700,23,0,0,0,0,23,4.000,0,0,0,0,0,23,FAHRENWALD C
"",100.00%,0.00%,0.00%,0.00%,0.00%,,,,,,,,,
COURSE TOTAL:,23,0,0,0,0,23,4.000,0,0,0,0,0,23,
"",100.00%,0.00%,0.00%,0.00%,0.00%,,,,,,,,,
EDAD-610-600,10,0,0,0,0,10,4.000,0,0,0,0,0,10,PUGH D
"",100.00%,0.00%,0.00%,0.00%,0.00%,,,,,,,,,
COURSE TOTAL:,10,0,0,0,0,10,4.000,0,0,0,0,0,10,
"",100.00%,0.00%,0.00%,0.00%,0.00%,,,,,,,,,
EDAD-611-602,16,0,0,0,0,16,4.000,0,0,0,0,0,16,PUGH D
"",100.00%,0.00%,0.00%,0.00%,0.00%,,,,,,,,,
COURSE TOTAL:,16,0,0,0,0,16,4.000,0,0,0,0,0,16,
"",100.00%,0.00%,0.00%,0.00%,0.00%,,,,,,,,,
EDAD-612-600,8,0,0,0,0,8,4.000,0,0,0,0,0,8,LECHUGA V
"",100.00%,0.00%,0.00%,0.00%,0.00%,,,,,,,,,
COURSE TOTAL:,8,0,0,0,0,8,4.000,0,0,0,0,0,8,
"",100.00%,0.00%,0.00%,0.00%,0.00%,,,,,,,,,
EDAD-617-600,12,0,0,0,0,12,4.000,0,0,0,0,0,12,JAMES GALLAWAY C
"",100.00%,0.00%,0.00%,0.00%,0.00%,,,,,,,,,
COURSE TOTAL:,12,0,0,0,0,12,4.000,0,0,0,0,0,12,
"",100.00%,0.00%,0.00%,0.00%,0.00%,,,,,,,,,
EDAD-620-600,4,0,0,1,0,5,3.400,1,0,0,0,0,6,BOWEN D
"",80.00%,0.00%,0.00%,20.00%,0.00%,,,,,,,,,
COURSE TOTAL:,4,0,0,1,0,5,3.400,1,0,0,0,0,6,
"",80.00%,0.00%,0.00%,20.00%,0.00%,,,,,,,,,
EDAD-629-600,17,0,0,0,0,17,4.000,1,0,0,0,0,18,STANLEY C
"",100.00%,0.00%,0.00%,0.00%,0.00%,,,,,,,,,
COURSE TOTAL:,17,0,0,0,0,17,4.000,1,0,0,0,0,18,
"",100.00%,0.00%,0.00%,0.00%,0.00%,,,,,,,,,
EDAD-637-700,14,3,0,0,0,17,3.823,0,0,0,0,0,17,WEBB-JOHNSON G
"",82.35%,17.65%,0.00%,0.00%,0.00%,,,,,,,,,
COURSE TOTAL:,14,3,0,0,0,17,3.823,0,0,0,0,0,17,
"",82.35%,17.65%,0.00%,0.00%,0.00%,,,,,,,,,
EDAD-638-700,16,0,0,0,0,16,4.000,0,0,0,0,0,16,WEBB-JOHNSON G
"",100.00%,0.00%,0.00%,0.00%,0.00%,,,,,,,,,
COURSE TOTAL:,16,0,0,0,0,16,4.000,0,0,0,0,0,16,
"",100.00%,0.00%,0.00%,0.00%,0.00%,,,,,,,,,
EDAD-650-600,17,1,0,0,0,18,3.944,0,0,0,0,2,20,STANLEY C
"",94.44%,5.56%,0.00%,0.00%,0.00%,,,,,,,,,
COURSE TOTAL:,17,1,0,0,0,18,3.944,0,0,0,0,2,20,
"",94.44%,5.56%,0.00%,0.00%,0.00%,,,,,,,,,
EDAD-651-600,14,2,0,0,0,16,3.875,0,0,0,0,0,16,SAAVEDRA A
"",87.50%,12.50%,0.00%,0.00%,0.00%,,,,,,,,,
COURSE TOTAL:,14,2,0,0,0,16,3.875,0,0,0,0,0,16,
"",87.50%,12.50%,0.00%,0.00%,0.00%,,,,,,,,,
EDAD-653-601,14,0,0,0,0,14,4.000,0,0,0,0,0,14,MADSEN J
"",100.00%,0.00%,0.00%,0.00%,0.00%,,,,,,,,,
COURSE TOTAL:,14,0,0,0,0,14,4.000,0,0,0,0,0,14,
"",100.00%,0.00%,0.00%,0.00%,0.00%,,,,,,,,,
EDAD-658-600,11,0,0,0,0,11,4.000,0,0,0,0,0,11,ROBERTS D
"",100.00%,0.00%,0.00%,0.00%,0.00%,,,,,,,,,
COURSE TOTAL:,11,0,0,0,0,11,4.000,0,0,0,0,0,11,
"",100.00%,0.00%,0.00%,0.00%,0.00%,,,,,,,,,
EDAD-665-600,10,1,0,0,0,11,3.909,0,0,0,0,0,11,BAILEY K
"",90.91%,9.09%,0.00%,0.00%,0.00%,,,,,,,,,
COURSE TOTAL:,10,1,0,0,0,11,3.909,0,0,0,0,0,11,
"",90.91%,9.09%,0.00%,0.00%,0.00%,,,,,,,,,
EDAD-670-600,10,3,0,0,0,13,3.769,0,0,0,0,0,13,BAILEY K
"",76.92%,23.08%,0.00%,0.00%,0.00%,,,,,,,,,
COURSE TOTAL:,10,3,0,0,0,13,3.769,0,0,0,0,0,13,
"",76.92%,23.08%,0.00%,0.00%,0.00%,,,,,,,,,
EDAD-683-600,9,0,0,0,0,9,4.000,0,0,0,0,0,9,LECHUGA V
"",100.00%,0.00%,0.00%,0.00%,0.00%,,,,,,,,,
COURSE TOTAL:,9,0,0,0,0,9,4.000,0,0,0,0,0,9,
"",100.00%,0.00%,0.00%,0.00%,0.00%,,,,,,,,,
EDAD-687-700,16,0,0,0,0,16,4.000,0,0,0,0,0,16,FAHRENWALD C
"",100.00%,0.00%,0.00%,0.00%,0.00%,,,,,,,,,
COURSE TOTAL:,16,0,0,0,0,16,4.000,0,0,0,0,0,16,
"",100.00%,0.00%,0.00%,0.00%,0.00%,,,,,,,,,
EDAD-689-601,17,2,0,0,1,20,3.700,0,0,0,0,0,20,SALAZAR C
"",85.00%,10.00%,0.00%,0.00%,5.00%,,,,,,,,,
EDAD-689-699,9,0,0,0,0,9,4.000,0,0,0,1,0,10,HAYNES DAVISON C
"",100.00%,0.00%,0.00%,0.00%,0.00%,,,,,,,,,
EDAD-689-700,9,0,0,0,0,9,4.000,0,0,0,0,0,9,HAYNES DAVISON C
"",100.00%,0.00%,0.00%,0.00%,0.00%,,,,,,,,,
COURSE TOTAL:,35,2,0,0,1,38,3.842,0,0,0,1,0,39,
"",92.11%,5.26%,0.00%,0.00%,2.63%,,,,,,,,,
EHRD-203-501,38,2,0,0,0,40,3.950,0,0,0,0,0,40,STEPHENS M
"",95.00%,5.00%,0.00%,0.00%,0.00%,,,,,,,,,
EHRD-203-502,24,6,0,0,1,31,3.677,0,0,0,2,0,33,JABARKHAIL S
"",77.42%,19.35%,0.00%,0.00%,3.23%,,,,,,,,,
EHRD-203-599,19,2,0,1,0,22,3.772,0,0,0,0,0,22,YODER P
"",86.36%,9.09%,0.00%,4.55%,0.00%,,,,,,,,,
COURSE TOTAL:,81,10,0,1,1,93,3.817,0,0,0,2,0,95,
"",87.10%,10.75%,0.00%,1.08%,1.08%,,,,,,,,,
EHRD-210-501,10,12,2,0,0,24,3.333,0,0,0,0,0,24,SANDLIN J
"",41.67%,50.00%,8.33%,0.00%,0.00%,,,,,,,,,
EHRD-210-599,32,3,1,0,0,36,3.861,0,0,0,1,0,37,MCNAUGHTEN D
"",88.89%,8.33%,2.78%,0.00%,0.00%,,,,,,,,,
COURSE TOTAL:,42,15,3,0,0,60,3.650,0,0,0,1,0,61,
"",70.00%,25.00%,5.00%,0.00%,0.00%,,,,,,,,,
EHRD-315-500,16,7,1,1,0,25,3.520,0,0,0,0,0,25,MARK C
"",64.00%,28.00%,4.00%,4.00%,0.00%,,,,,,,,,
EHRD-315-599,28,11,2,0,0,41,3.634,0,0,0,1,0,42,MARK C
"",68.29%,26.83%,4.88%,0.00%,0.00%,,,,,,,,,
COURSE TOTAL:,44,18,3,1,0,66,3.590,0,0,0,1,0,67,
"",66.67%,27.27%,4.55%,1.52%,0.00%,,,,,,,,,
EHRD-371-901,20,10,4,0,0,34,3.470,0,0,0,0,0,34,HWANG J
"",58.82%,29.41%,11.76%,0.00%,0.00%,,,,,,,,,
EHRD-371-902,18,11,3,1,2,35,3.200,0,0,0,1,0,36,RICKETTS C
"",51.43%,31.43%,8.57%,2.86%,5.71%,,,,,,,,,
EHRD-371-920,20,3,1,0,0,24,3.791,0,0,0,0,0,24,YODER P
"",83.33%,12.50%,4.17%,0.00%,0.00%,,,,,,,,,
EHRD-371-999,30,11,0,0,0,41,3.731,0,0,0,0,0,41,STEPHENS M
"",73.17%,26.83%,0.00%,0.00%,0.00%,,,,,,,,,
COURSE TOTAL:,88,35,8,1,2,134,3.537,0,0,0,1,0,135,
"",65.67%,26.12%,5.97%,0.75%,1.49%,,,,,,,,,
EHRD-372-500,39,2,1,0,0,42,3.904,0,0,0,0,0,42,MUYIA M
"",92.86%,4.76%,2.38%,0.00%,0.00%,,,,,,,,,
COURSE TOTAL:,39,2,1,0,0,42,3.904,0,0,0,0,0,42,
"",92.86%,4.76%,2.38%,0.00%,0.00%,,,,,,,,,
EHRD-374-501,23,3,1,0,0,27,3.814,0,0,0,0,0,27,MUYIA M
"",85.19%,11.11%,3.70%,0.00%,0.00%,,,,,,,,,
EHRD-374-598,20,4,1,0,0,25,3.760,0,0,0,0,0,25,MUYIA M
"",80.00%,16.00%,4.00%,0.00%,0.00%,,,,,,,,,
EHRD-374-599,16,1,1,0,0,18,3.833,0,0,0,0,0,18,MUYIA M
"",88.89%,5.56%,5.56%,0.00%,0.00%,,,,,,,,,
COURSE TOTAL:,59,8,3,0,0,70,3.800,0,0,0,0,0,70,
"",84.29%,11.43%,4.29%,0.00%,0.00%,,,,,,,,,
EHRD-391-500,5,5,6,2,0,18,2.722,0,0,0,7,0,25,SANDLIN J
"",27.78%,27.78%,33.33%,11.11%,0.00%,,,,,,,,,
EHRD-391-501,14,10,9,1,0,34,3.088,0,0,0,6,0,40,SANDLIN J
"",41.18%,29.41%,26.47%,2.94%,0.00%,,,,,,,,,
EHRD-391-502,12,17,7,0,0,36,3.138,0,0,0,1,0,37,SANDLIN J
"",33.33%,47.22%,19.44%,0.00%,0.00%,,,,,,,,,
COURSE TOTAL:,31,32,22,3,0,88,3.034,0,0,0,14,0,102,
"",35.23%,36.36%,25.00%,3.41%,0.00%,,,,,,,,,
EHRD-405-598,33,12,1,0,0,46,3.695,0,0,0,0,0,46,FERGUSON-CAMMARATA
"",71.74%,26.09%,2.17%,0.00%,0.00%,,,,,,,,,
EHRD-405-599,28,16,3,0,0,47,3.531,0,0,0,0,0,47,FERGUSON-CAMMARATA
"",59.57%,34.04%,6.38%,0.00%,0.00%,,,,,,,,,
COURSE TOTAL:,61,28,4,0,0,93,3.612,0,0,0,0,0,93,
"",65.59%,30.11%,4.30%,0.00%,0.00%,,,,,,,,,
EHRD-408-500,35,4,0,0,0,39,3.897,0,0,0,0,0,39,STEPHENS M
"",89.74%,10.26%,0.00%,0.00%,0.00%,,,,,,,,,
EHRD-408-599,5,15,5,0,0,25,3.000,1,0,0,0,0,26,SANDLIN J
"",20.00%,60.00%,20.00%,0.00%,0.00%,,,,,,,,,
COURSE TOTAL:,40,19,5,0,0,64,3.546,1,0,0,0,0,65,
"",62.50%,29.69%,7.81%,0.00%,0.00%,,,,,,,,,
EHRD-413-500,28,0,0,0,0,28,4.000,0,0,0,1,0,29,IRELAND J
"",100.00%,0.00%,0.00%,0.00%,0.00%,,,,,,,,,
EHRD-413-501,17,1,0,0,0,18,3.944,0,0,0,0,0,18,IRELAND J
"",94.44%,5.56%,0.00%,0.00%,0.00%,,,,,,,,,
COURSE TOTAL:,45,1,0,0,0,46,3.978,0,0,0,1,0,47,
"",97.83%,2.17%,0.00%,0.00%,0.00%,,,,,,,,,
EHRD-477-598,37,4,1,0,0,42,3.857,0,0,0,0,0,42,SMITH B
"",88.10%,9.52%,2.38%,0.00%,0.00%,,,,,,,,,
EHRD-477-599,34,5,1,0,0,40,3.825,0,0,0,2,0,42,SMITH B
"",85.00%,12.50%,2.50%,0.00%,0.00%,,,,,,,,,
COURSE TOTAL:,71,9,2,0,0,82,3.841,0,0,0,2,0,84,
"",86.59%,10.98%,2.44%,0.00%,0.00%,,,,,,,,,
EHRD-481-500,26,4,2,0,0,32,3.750,0,0,0,1,0,33,FOWLER R
"",81.25%,12.50%,6.25%,0.00%,0.00%,,,,,,,,,
EHRD-481-501,42,4,3,0,0,49,3.795,0,0,0,0,0,49,FOWLER R
"",85.71%,8.16%,6.12%,0.00%,0.00%,,,,,,,,,
COURSE TOTAL:,68,8,5,0,0,81,3.777,0,0,0,1,0,82,
"",83.95%,9.88%,6.17%,0.00%,0.00%,,,,,,,,,
EHRD-490-901,28,4,1,0,0,33,3.818,0,0,0,0,0,33,HWANG J
"",84.85%,12.12%,3.03%,0.00%,0.00%,,,,,,,,,
EHRD-490-902,20,10,4,0,1,35,3.371,0,0,0,0,0,35,MUSOBA G
"",57.14%,28.57%,11.43%,0.00%,2.86%,,,,,,,,,
COURSE TOTAL:,48,14,5,0,1,68,3.588,0,0,0,0,0,68,
"",70.59%,20.59%,7.35%,0.00%,1.47%,,,,,,,,,
EHRD-603-700,9,0,0,0,0,9,4.000,0,0,0,0,0,9,YOON S
"",100.00%,0.00%,0.00%,0.00%,0.00%,,,,,,,,,
COURSE TOTAL:,9,0,0,0,0,9,4.000,0,0,0,0,0,9,
"",100.00%,0.00%,0.00%,0.00%,0.00%,,,,,,,,,
EHRD-605-600,14,1,0,0,1,16,3.687,0,0,0,0,0,16,YOON S
"",87.50%,6.25%,0.00%,0.00%,6.25%,,,,,,,,,
COURSE TOTAL:,14,1,0,0,1,16,3.687,0,0,0,0,0,16,
"",87.50%,6.25%,0.00%,0.00%,6.25%,,,,,,,,,
EHRD-612-600,10,1,0,0,0,11,3.909,0,0,0,0,0,11,WANG J
"",90.91%,9.09%,0.00%,0.00%,0.00%,,,,,,,,,
COURSE TOTAL:,10,1,0,0,0,11,3.909,0,0,0,0,0,11,
"",90.91%,9.09%,0.00%,0.00%,0.00%,,,,,,,,,
EHRD-613-700,17,3,0,0,0,20,3.850,0,0,0,0,0,20,SHEHANE M
"",85.00%,15.00%,0.00%,0.00%,0.00%,,,,,,,,,
COURSE TOTAL:,17,3,0,0,0,20,3.850,0,0,0,0,0,20,
"",85.00%,15.00%,0.00%,0.00%,0.00%,,,,,,,,,
EHRD-614-700,14,1,0,0,0,15,3.933,0,0,0,0,0,15,BEYERLEIN M
"",93.33%,6.67%,0.00%,0.00%,0.00%,,,,,,,,,
COURSE TOTAL:,14,1,0,0,0,15,3.933,0,0,0,0,0,15,
"",93.33%,6.67%,0.00%,0.00%,0.00%,,,,,,,,,
EHRD-624-700,17,0,0,0,0,17,4.000,0,0,0,0,0,17,OPENGART R
"",100.00%,0.00%,0.00%,0.00%,0.00%,,,,,,,,,
COURSE TOTAL:,17,0,0,0,0,17,4.000,0,0,0,0,0,17,
"",100.00%,0.00%,0.00%,0.00%,0.00%,,,,,,,,,
EHRD-625-601,15,0,0,0,0,15,4.000,0,0,0,0,0,15,BEYERLEIN M
"",100.00%,0.00%,0.00%,0.00%,0.00%,,,,,,,,,
COURSE TOTAL:,15,0,0,0,0,15,4.000,0,0,0,0,0,15,
"",100.00%,0.00%,0.00%,0.00%,0.00%,,,,,,,,,
EHRD-628-600,21,0,0,0,0,21,4.000,0,0,0,0,0,21,WANG J
"",100.00%,0.00%,0.00%,0.00%,0.00%,,,,,,,,,
COURSE TOTAL:,21,0,0,0,0,21,4.000,0,0,0,0,0,21,
"",100.00%,0.00%,0.00%,0.00%,0.00%,,,,,,,,,
EHRD-630-700,18,5,1,0,0,24,3.708,0,0,0,0,0,24,KIM J
"",75.00%,20.83%,4.17%,0.00%,0.00%,,,,,,,,,
COURSE TOTAL:,18,5,1,0,0,24,3.708,0,0,0,0,0,24,
"",75.00%,20.83%,4.17%,0.00%,0.00%,,,,,,,,,
EHRD-631-700,10,0,2,0,1,13,3.384,0,0,0,0,0,13,KIM J
"",76.92%,0.00%,15.38%,0.00%,7.69%,,,,,,,,,
COURSE TOTAL:,10,0,2,0,1,13,3.384,0,0,0,0,0,13,
"",76.92%,0.00%,15.38%,0.00%,7.69%,,,,,,,,,
EHRD-642-700,17,0,0,0,1,18,3.777,0,0,0,0,0,18,HWANG J
"",94.44%,0.00%,0.00%,0.00%,5.56%,,,,,,,,,
COURSE TOTAL:,17,0,0,0,1,18,3.777,0,0,0,0,0,18,
"",94.44%,0.00%,0.00%,0.00%,5.56%,,,,,,,,,
EHRD-647-700,7,1,0,0,0,8,3.875,1,0,0,0,0,9,STEPHENS M
"",87.50%,12.50%,0.00%,0.00%,0.00%,,,,,,,,,
COURSE TOTAL:,7,1,0,0,0,8,3.875,1,0,0,0,0,9,
"",87.50%,12.50%,0.00%,0.00%,0.00%,,,,,,,,,
EHRD-655-600,10,0,0,0,0,10,4.000,0,0,0,1,0,11,MADSEN J
"",100.00%,0.00%,0.00%,0.00%,0.00%,,,,,,,,,
COURSE TOTAL:,10,0,0,0,0,10,4.000,0,0,0,1,0,11,
"",100.00%,0.00%,0.00%,0.00%,0.00%,,,,,,,,,
EHRD-656-600,6,1,0,0,0,7,3.857,0,0,0,0,2,9,ROUMELL E
"",85.71%,14.29%,0.00%,0.00%,0.00%,,,,,,,,,
COURSE TOTAL:,6,1,0,0,0,7,3.857,0,0,0,0,2,9,
"",85.71%,14.29%,0.00%,0.00%,0.00%,,,,,,,,,
DEPARTMENT TOTAL:,1170,226,64,7,8,1475,3.723,4,0,0,25,4,1508,
"",79.32%,15.32%,4.34%,0.47%,0.54%,,,,,,,,,
BEFB-470-500,10,1,0,0,0,11,3.909,0,0,0,0,0,11,NESHYBA M
"",90.91%,9.09%,0.00%,0.00%,0.00%,,,,,,,,,
COURSE TOTAL:,10,1,0,0,0,11,3.909,0,0,0,0,0,11,
"",90.91%,9.09%,0.00%,0.00%,0.00%,,,,,,,,,
BEFB-476-500,10,1,0,0,0,11,3.909,0,0,0,0,0,11,NESHYBA M
"",90.91%,9.09%,0.00%,0.00%,0.00%,,,,,,,,,
COURSE TOTAL:,10,1,0,0,0,11,3.909,0,0,0,0,0,11,
"",90.91%,9.09%,0.00%,0.00%,0.00%,,,,,,,,,
BESL-610-700,7,3,0,1,0,11,3.454,0,0,0,0,0,11,CHANG H
"",63.64%,27.27%,0.00%,9.09%,0.00%,,,,,,,,,
COURSE TOTAL:,7,3,0,1,0,11,3.454,0,0,0,0,0,11,
"",63.64%,27.27%,0.00%,9.09%,0.00%,,,,,,,,,
BESL-612-700,10,3,0,0,2,15,3.266,0,0,0,0,0,15,PADRON Y
"",66.67%,20.00%,0.00%,0.00%,13.33%,,,,,,,,,
COURSE TOTAL:,10,3,0,0,2,15,3.266,0,0,0,0,0,15,
"",66.67%,20.00%,0.00%,0.00%,13.33%,,,,,,,,,
BESL-615-700,12,0,0,0,0,12,4.000,3,0,0,1,0,16,LARA-ALECIO R
"",100.00%,0.00%,0.00%,0.00%,0.00%,,,,,,,,,
COURSE TOTAL:,12,0,0,0,0,12,4.000,3,0,0,1,0,16,
"",100.00%,0.00%,0.00%,0.00%,0.00%,,,,,,,,,
BESL-617-601,9,0,0,0,0,9,4.000,0,0,0,0,0,9,CHANG H
"",100.00%,0.00%,0.00%,0.00%,0.00%,,,,,,,,,
COURSE TOTAL:,9,0,0,0,0,9,4.000,0,0,0,0,0,9,
"",100.00%,0.00%,0.00%,0.00%,0.00%,,,,,,,,,
BESL-623-601,7,0,0,0,0,7,4.000,1,0,0,0,0,8,NESHYBA M
"",100.00%,0.00%,0.00%,0.00%,0.00%,,,,,,,,,
COURSE TOTAL:,7,0,0,0,0,7,4.000,1,0,0,0,0,8,
"",100.00%,0.00%,0.00%,0.00%,0.00%,,,,,,,,,
BESL-632-600,8,0,0,0,0,8,4.000,0,0,0,0,0,8,RIVERA H
"",100.00%,0.00%,0.00%,0.00%,0.00%,,,,,,,,,
COURSE TOTAL:,8,0,0,0,0,8,4.000,0,0,0,0,0,8,
"",100.00%,0.00%,0.00%,0.00%,0.00%,,,,,,,,,
BESL-689-600,11,1,0,0,0,12,3.916,0,0,0,0,1,13,ESLAMI Z
"",91.67%,8.33%,0.00%,0.00%,0.00%,,,,,,,,,
COURSE TOTAL:,11,1,0,0,0,12,3.916,0,0,0,0,1,13,
"",91.67%,8.33%,0.00%,0.00%,0.00%,,,,,,,,,
CPSY-612-700,17,0,0,0,0,17,4.000,0,0,0,0,0,17,MCCORMICK A
"",100.00%,0.00%,0.00%,0.00%,0.00%,,,,,,,,,
COURSE TOTAL:,17,0,0,0,0,17,4.000,0,0,0,0,0,17,
"",100.00%,0.00%,0.00%,0.00%,0.00%,,,,,,,,,
CPSY-635-600,8,0,0,0,0,8,4.000,0,0,0,0,0,8,ELLIOTT T
"",100.00%,0.00%,0.00%,0.00%,0.00%,,,,,,,,,
COURSE TOTAL:,8,0,0,0,0,8,4.000,0,0,0,0,0,8,
"",100.00%,0.00%,0.00%,0.00%,0.00%,,,,,,,,,
CPSY-639-600,6,0,0,0,0,6,4.000,0,0,0,0,0,6,REINDEL K
"",100.00%,0.00%,0.00%,0.00%,0.00%,,,,,,,,,
COURSE TOTAL:,6,0,0,0,0,6,4.000,0,0,0,0,0,6,
"",100.00%,0.00%,0.00%,0.00%,0.00%,,,,,,,,,
CPSY-662-600,8,0,0,0,0,8,4.000,0,0,0,0,0,8,RIDLEY C
"",100.00%,0.00%,0.00%,0.00%,0.00%,,,,,,,,,
COURSE TOTAL:,8,0,0,0,0,8,4.000,0,0,0,0,0,8,
"",100.00%,0.00%,0.00%,0.00%,0.00%,,,,,,,,,
CPSY-679-600,8,0,0,0,0,8,4.000,0,0,0,0,0,8,RIDLEY C
"",100.00%,0.00%,0.00%,0.00%,0.00%,,,,,,,,,
COURSE TOTAL:,8,0,0,0,0,8,4.000,0,0,0,0,0,8,
"",100.00%,0.00%,0.00%,0.00%,0.00%,,,,,,,,,
CPSY-683-609,8,0,0,0,0,8,4.000,6,0,0,0,0,14,MCCORD C
"",100.00%,0.00%,0.00%,0.00%,0.00%,,,,,,,,,
CPSY-683-700,22,1,0,0,0,23,3.956,0,0,0,0,0,23,MCCORMICK A
"",95.65%,4.35%,0.00%,0.00%,0.00%,,,,,,,,,
COURSE TOTAL:,30,1,0,0,0,31,3.962,6,0,0,0,0,37,
"",96.77%,3.23%,0.00%,0.00%,0.00%,,,,,,,,,
EPFB-210-500,19,7,3,1,0,30,3.466,0,0,0,1,0,31,MONTAGUE M
"",63.33%,23.33%,10.00%,3.33%,0.00%,,,,,,,,,
COURSE TOTAL:,19,7,3,1,0,30,3.466,0,0,0,1,0,31,
"",63.33%,23.33%,10.00%,3.33%,0.00%,,,,,,,,,
EPSY-320-500,16,7,3,0,1,27,3.370,0,0,0,0,0,27,JUNTUNE J
"",59.26%,25.93%,11.11%,0.00%,3.70%,,,,,,,,,
EPSY-320-598,15,5,0,0,0,20,3.750,0,0,0,0,0,20,GAGNE J
"",75.00%,25.00%,0.00%,0.00%,0.00%,,,,,,,,,
EPSY-320-599,38,5,2,1,2,48,3.583,0,0,0,1,0,49,JUNTUNE J
"",79.17%,10.42%,4.17%,2.08%,4.17%,,,,,,,,,
COURSE TOTAL:,69,17,5,1,3,95,3.557,0,0,0,1,0,96,
"",72.63%,17.89%,5.26%,1.05%,3.16%,,,,,,,,,
EPSY-321-500,10,8,4,1,0,23,3.173,0,0,0,1,0,24,WOODWARD R
"",43.48%,34.78%,17.39%,4.35%,0.00%,,,,,,,,,
COURSE TOTAL:,10,8,4,1,0,23,3.173,0,0,0,1,0,24,
"",43.48%,34.78%,17.39%,4.35%,0.00%,,,,,,,,,
EPSY-431-501,10,2,4,2,2,20,2.800,0,0,0,0,0,20,RAMOS GARCIMARTIN H
"",50.00%,10.00%,20.00%,10.00%,10.00%,,,,,,,,,
COURSE TOTAL:,10,2,4,2,2,20,2.800,0,0,0,0,0,20,
"",50.00%,10.00%,20.00%,10.00%,10.00%,,,,,,,,,
EPSY-432-599,29,1,5,0,1,36,3.583,0,0,0,0,0,36,RAMOS GARCIMARTIN H
"",80.56%,2.78%,13.89%,0.00%,2.78%,,,,,,,,,
EPSY-432-701,18,1,0,0,0,19,3.947,0,0,0,1,0,20,RAMOS GARCIMARTIN H
"",94.74%,5.26%,0.00%,0.00%,0.00%,,,,,,,,,
COURSE TOTAL:,47,2,5,0,1,55,3.709,0,0,0,1,0,56,
"",85.45%,3.64%,9.09%,0.00%,1.82%,,,,,,,,,
EPSY-433-501,9,5,6,3,2,25,2.640,0,0,0,0,0,25,RAMOS GARCIMARTIN H
"",36.00%,20.00%,24.00%,12.00%,8.00%,,,,,,,,,
COURSE TOTAL:,9,5,6,3,2,25,2.640,0,0,0,0,0,25,
"",36.00%,20.00%,24.00%,12.00%,8.00%,,,,,,,,,
EPSY-435-501,17,11,2,0,1,31,3.387,0,0,0,0,0,31,RAMOS S
"",54.84%,35.48%,6.45%,0.00%,3.23%,,,,,,,,,
EPSY-435-599,46,9,2,0,0,57,3.771,0,0,0,4,0,61,KAO S
"",80.70%,15.79%,3.51%,0.00%,0.00%,,,,,,,,,
COURSE TOTAL:,63,20,4,0,1,88,3.636,0,0,0,4,0,92,
"",71.59%,22.73%,4.55%,0.00%,1.14%,,,,,,,,,
EPSY-491-502,5,0,0,0,0,5,4.000,0,0,0,0,0,5,BARROSO GARCIA C
"",100.00%,0.00%,0.00%,0.00%,0.00%,,,,,,,,,
COURSE TOTAL:,5,0,0,0,0,5,4.000,0,0,0,0,0,5,
"",100.00%,0.00%,0.00%,0.00%,0.00%,,,,,,,,,
EPSY-602-600,7,2,0,0,0,9,3.777,0,0,0,0,0,9,WOODWARD R
"",77.78%,22.22%,0.00%,0.00%,0.00%,,,,,,,,,
EPSY-602-700,28,1,1,0,3,33,3.545,0,0,0,0,0,33,JUNTUNE J
"",84.85%,3.03%,3.03%,0.00%,9.09%,,,,,,,,,
COURSE TOTAL:,35,3,1,0,3,42,3.595,0,0,0,0,0,42,
"",83.33%,7.14%,2.38%,0.00%,7.14%,,,,,,,,,
EPSY-605-600,17,0,0,0,0,17,4.000,0,0,0,0,0,17,CASTRO OLIVO S
"",100.00%,0.00%,0.00%,0.00%,0.00%,,,,,,,,,
COURSE TOTAL:,17,0,0,0,0,17,4.000,0,0,0,0,0,17,
"",100.00%,0.00%,0.00%,0.00%,0.00%,,,,,,,,,
EPSY-606-600,11,4,1,0,0,16,3.625,0,0,0,0,0,16,WANG Z
"",68.75%,25.00%,6.25%,0.00%,0.00%,,,,,,,,,
COURSE TOTAL:,11,4,1,0,0,16,3.625,0,0,0,0,0,16,
"",68.75%,25.00%,6.25%,0.00%,0.00%,,,,,,,,,
EPSY-622-699,11,0,0,0,0,11,4.000,0,0,0,0,0,11,RAMOS S
"",100.00%,0.00%,0.00%,0.00%,0.00%,,,,,,,,,
EPSY-622-700,22,1,0,0,0,23,3.956,0,0,0,1,0,24,RAMOS S
"",95.65%,4.35%,0.00%,0.00%,0.00%,,,,,,,,,
COURSE TOTAL:,33,1,0,0,0,34,3.970,0,0,0,1,0,35,
"",97.06%,2.94%,0.00%,0.00%,0.00%,,,,,,,,,
EPSY-625-600,4,1,0,0,0,5,3.800,0,0,0,0,0,5,YOON M
"",80.00%,20.00%,0.00%,0.00%,0.00%,,,,,,,,,
COURSE TOTAL:,4,1,0,0,0,5,3.800,0,0,0,0,0,5,
"",80.00%,20.00%,0.00%,0.00%,0.00%,,,,,,,,,
EPSY-627-600,7,0,0,0,0,7,4.000,0,0,0,0,0,7,LEE K
"",100.00%,0.00%,0.00%,0.00%,0.00%,,,,,,,,,
COURSE TOTAL:,7,0,0,0,0,7,4.000,0,0,0,0,0,7,
"",100.00%,0.00%,0.00%,0.00%,0.00%,,,,,,,,,
EPSY-630-700,31,2,0,0,0,33,3.939,0,0,0,1,0,34,DAVIS H
"",93.94%,6.06%,0.00%,0.00%,0.00%,,,,,,,,,
COURSE TOTAL:,31,2,0,0,0,33,3.939,0,0,0,1,0,34,
"",93.94%,6.06%,0.00%,0.00%,0.00%,,,,,,,,,
EPSY-633-600,19,1,0,0,0,20,3.950,0,0,0,0,0,20,RAMOS S
"",95.00%,5.00%,0.00%,0.00%,0.00%,,,,,,,,,
COURSE TOTAL:,19,1,0,0,0,20,3.950,0,0,0,0,0,20,
"",95.00%,5.00%,0.00%,0.00%,0.00%,,,,,,,,,
EPSY-635-600,7,3,0,0,0,10,3.700,0,0,0,0,0,10,ETTEKAL I
"",70.00%,30.00%,0.00%,0.00%,0.00%,,,,,,,,,
COURSE TOTAL:,7,3,0,0,0,10,3.700,0,0,0,0,0,10,
"",70.00%,30.00%,0.00%,0.00%,0.00%,,,,,,,,,
EPSY-640-600,17,5,0,0,0,22,3.772,0,0,0,0,0,22,BAEK E
"",77.27%,22.73%,0.00%,0.00%,0.00%,,,,,,,,,
COURSE TOTAL:,17,5,0,0,0,22,3.772,0,0,0,0,0,22,
"",77.27%,22.73%,0.00%,0.00%,0.00%,,,,,,,,,
EPSY-641-601,24,4,0,0,0,28,3.857,0,0,0,0,0,28,BAEK E
"",85.71%,14.29%,0.00%,0.00%,0.00%,,,,,,,,,
COURSE TOTAL:,24,4,0,0,0,28,3.857,0,0,0,0,0,28,
"",85.71%,14.29%,0.00%,0.00%,0.00%,,,,,,,,,
EPSY-642-600,22,0,0,0,0,22,4.000,0,0,0,0,0,22,THOMPSON C
"",100.00%,0.00%,0.00%,0.00%,0.00%,,,,,,,,,
COURSE TOTAL:,22,0,0,0,0,22,4.000,0,0,0,0,0,22,
"",100.00%,0.00%,0.00%,0.00%,0.00%,,,,,,,,,
EPSY-645-700,26,1,0,0,1,28,3.821,0,0,0,0,0,28,JUNTUNE J
"",92.86%,3.57%,0.00%,0.00%,3.57%,,,,,,,,,
COURSE TOTAL:,26,1,0,0,1,28,3.821,0,0,0,0,0,28,
"",92.86%,3.57%,0.00%,0.00%,3.57%,,,,,,,,,
EPSY-646-700,26,2,1,0,1,30,3.733,0,0,0,0,0,30,ETTEKAL I
"",86.67%,6.67%,3.33%,0.00%,3.33%,,,,,,,,,
COURSE TOTAL:,26,2,1,0,1,30,3.733,0,0,0,0,0,30,
"",86.67%,6.67%,3.33%,0.00%,3.33%,,,,,,,,,
EPSY-648-600,7,0,0,0,0,7,4.000,0,0,0,0,0,7,JUNTUNE J
"",100.00%,0.00%,0.00%,0.00%,0.00%,,,,,,,,,
COURSE TOTAL:,7,0,0,0,0,7,4.000,0,0,0,0,0,7,
"",100.00%,0.00%,0.00%,0.00%,0.00%,,,,,,,,,
EPSY-650-600,28,2,0,0,0,30,3.933,0,0,0,0,0,30,LUO W
"",93.33%,6.67%,0.00%,0.00%,0.00%,,,,,,,,,
COURSE TOTAL:,28,2,0,0,0,30,3.933,0,0,0,0,0,30,
"",93.33%,6.67%,0.00%,0.00%,0.00%,,,,,,,,,
EPSY-651-600,16,0,0,0,0,16,4.000,0,0,0,0,0,16,YOON M
"",100.00%,0.00%,0.00%,0.00%,0.00%,,,,,,,,,
COURSE TOTAL:,16,0,0,0,0,16,4.000,0,0,0,0,0,16,
"",100.00%,0.00%,0.00%,0.00%,0.00%,,,,,,,,,
EPSY-652-600,11,0,0,0,0,11,4.000,0,0,0,0,0,11,RAMBO K
"",100.00%,0.00%,0.00%,0.00%,0.00%,,,,,,,,,
COURSE TOTAL:,11,0,0,0,0,11,4.000,0,0,0,0,0,11,
"",100.00%,0.00%,0.00%,0.00%,0.00%,,,,,,,,,
EPSY-660-600,6,2,0,0,0,8,3.750,0,0,0,0,0,8,THOMPSON J
"",75.00%,25.00%,0.00%,0.00%,0.00%,,,,,,,,,
COURSE TOTAL:,6,2,0,0,0,8,3.750,0,0,0,0,0,8,
"",75.00%,25.00%,0.00%,0.00%,0.00%,,,,,,,,,
EPSY-673-600,6,0,0,0,0,6,4.000,0,0,0,0,0,6,WOLTERING S
"",100.00%,0.00%,0.00%,0.00%,0.00%,,,,,,,,,
COURSE TOTAL:,6,0,0,0,0,6,4.000,0,0,0,0,0,6,
"",100.00%,0.00%,0.00%,0.00%,0.00%,,,,,,,,,
EPSY-688-600,5,0,0,0,0,5,4.000,0,0,0,0,0,5,CASTILLO L
"",100.00%,0.00%,0.00%,0.00%,0.00%,,,,,,,,,
COURSE TOTAL:,5,0,0,0,0,5,4.000,0,0,0,0,0,5,
"",100.00%,0.00%,0.00%,0.00%,0.00%,,,,,,,,,
EPSY-689-602,6,2,0,0,0,8,3.750,0,0,0,0,0,8,WOLTERING S
"",75.00%,25.00%,0.00%,0.00%,0.00%,,,,,,,,,
EPSY-689-700,16,3,0,0,0,19,3.842,0,0,0,0,0,19,RAMOS S
"",84.21%,15.79%,0.00%,0.00%,0.00%,,,,,,,,,
COURSE TOTAL:,22,5,0,0,0,27,3.814,0,0,0,0,0,27,
"",81.48%,18.52%,0.00%,0.00%,0.00%,,,,,,,,,
INST-210-501,31,2,0,1,0,34,3.852,0,0,0,0,0,34,FOGARTY M
"",91.18%,5.88%,0.00%,2.94%,0.00%,,,,,,,,,
INST-210-502,31,2,0,0,1,34,3.823,0,0,0,0,0,34,FOGARTY M
"",91.18%,5.88%,0.00%,0.00%,2.94%,,,,,,,,,
INST-210-503,24,0,0,0,0,24,4.000,0,0,0,0,0,24,FOGARTY M
"",100.00%,0.00%,0.00%,0.00%,0.00%,,,,,,,,,
INST-210-504,21,2,0,0,0,23,3.913,0,0,0,0,0,23,FOGARTY M
"",91.30%,8.70%,0.00%,0.00%,0.00%,,,,,,,,,
INST-210-505,21,2,1,0,0,24,3.833,0,0,0,0,0,24,FOGARTY M
"",87.50%,8.33%,4.17%,0.00%,0.00%,,,,,,,,,
INST-210-506,28,2,0,0,0,30,3.933,0,0,0,0,0,30,FOGARTY M
"",93.33%,6.67%,0.00%,0.00%,0.00%,,,,,,,,,
INST-210-507,32,0,0,0,0,32,4.000,0,0,0,0,0,32,FOGARTY M
"",100.00%,0.00%,0.00%,0.00%,0.00%,,,,,,,,,
INST-210-508,23,2,0,0,1,26,3.769,0,0,0,0,0,26,FOGARTY M
"",88.46%,7.69%,0.00%,0.00%,3.85%,,,,,,,,,
COURSE TOTAL:,211,12,1,1,2,227,3.889,0,0,0,0,0,227,
"",92.95%,5.29%,0.44%,0.44%,0.88%,,,,,,,,,
INST-301-500,13,10,2,0,1,26,3.307,0,0,0,0,0,26,WOODWARD R
"",50.00%,38.46%,7.69%,0.00%,3.85%,,,,,,,,,
INST-301-598,28,2,4,0,0,34,3.705,0,0,0,1,0,35,RAMOS GARCIMARTIN H
"",82.35%,5.88%,11.76%,0.00%,0.00%,,,,,,,,,
INST-301-599,30,1,1,3,0,35,3.657,0,0,0,0,0,35,RAMOS GARCIMARTIN H
"",85.71%,2.86%,2.86%,8.57%,0.00%,,,,,,,,,
COURSE TOTAL:,71,13,7,3,1,95,3.578,0,0,0,1,0,96,
"",74.74%,13.68%,7.37%,3.16%,1.05%,,,,,,,,,
INST-362-996,24,2,0,0,0,26,3.923,0,0,0,3,0,29,BEMANI
"",92.31%,7.69%,0.00%,0.00%,0.00%,,,,,,,,,
INST-362-997,18,2,1,0,0,21,3.809,0,0,0,1,0,22,RAEISI VANANI A
"",85.71%,9.52%,4.76%,0.00%,0.00%,,,,,,,,,
INST-362-998,15,5,0,0,0,20,3.750,0,0,0,1,0,21,DARDASHTI A
"",75.00%,25.00%,0.00%,0.00%,0.00%,,,,,,,,,
INST-362-999,19,3,1,1,0,24,3.666,0,0,0,0,0,24,RAEISI VANANI A
"",79.17%,12.50%,4.17%,4.17%,0.00%,,,,,,,,,
COURSE TOTAL:,76,12,2,1,0,91,3.791,0,0,0,5,0,96,
"",83.52%,13.19%,2.20%,1.10%,0.00%,,,,,,,,,
INST-363-599,18,2,0,0,0,20,3.900,0,0,0,0,0,20,WALICHOWSKI M
"",90.00%,10.00%,0.00%,0.00%,0.00%,,,,,,,,,
COURSE TOTAL:,18,2,0,0,0,20,3.900,0,0,0,0,0,20,
"",90.00%,10.00%,0.00%,0.00%,0.00%,,,,,,,,,
LDTC-602-700,13,2,0,0,0,15,3.866,0,0,0,3,0,18,PEDERSEN S
"",86.67%,13.33%,0.00%,0.00%,0.00%,,,,,,,,,
COURSE TOTAL:,13,2,0,0,0,15,3.866,0,0,0,3,0,18,
"",86.67%,13.33%,0.00%,0.00%,0.00%,,,,,,,,,
LDTC-613-700,22,0,0,0,0,22,4.000,0,0,0,0,0,22,SWEANY N
"",100.00%,0.00%,0.00%,0.00%,0.00%,,,,,,,,,
COURSE TOTAL:,22,0,0,0,0,22,4.000,0,0,0,0,0,22,
"",100.00%,0.00%,0.00%,0.00%,0.00%,,,,,,,,,
LDTC-621-700,10,0,0,0,0,10,4.000,1,0,0,0,0,11,PEDERSEN S
"",100.00%,0.00%,0.00%,0.00%,0.00%,,,,,,,,,
COURSE TOTAL:,10,0,0,0,0,10,4.000,1,0,0,0,0,11,
"",100.00%,0.00%,0.00%,0.00%,0.00%,,,,,,,,,
LDTC-645-700,16,1,0,0,0,17,3.941,1,0,0,0,0,18,SWEANY N
"",94.12%,5.88%,0.00%,0.00%,0.00%,,,,,,,,,
COURSE TOTAL:,16,1,0,0,0,17,3.941,1,0,0,0,0,18,
"",94.12%,5.88%,0.00%,0.00%,0.00%,,,,,,,,,
LDTC-651-700,10,1,1,0,0,12,3.750,0,0,0,0,0,12,MCCORKLE S
"",83.33%,8.33%,8.33%,0.00%,0.00%,,,,,,,,,
COURSE TOTAL:,10,1,1,0,0,12,3.750,0,0,0,0,0,12,
"",83.33%,8.33%,8.33%,0.00%,0.00%,,,,,,,,,
LDTC-654-700,8,0,1,0,0,9,3.777,0,0,0,0,0,9,SWEANY N
"",88.89%,0.00%,11.11%,0.00%,0.00%,,,,,,,,,
COURSE TOTAL:,8,0,1,0,0,9,3.777,0,0,0,0,0,9,
"",88.89%,0.00%,11.11%,0.00%,0.00%,,,,,,,,,
SEFB-420-501,18,2,0,0,0,20,3.900,0,0,0,0,0,20,CHANG W
"",90.00%,10.00%,0.00%,0.00%,0.00%,,,,,,,,,
COURSE TOTAL:,18,2,0,0,0,20,3.900,0,0,0,0,0,20,
"",90.00%,10.00%,0.00%,0.00%,0.00%,,,,,,,,,
SPED-302-500,14,0,0,0,0,14,4.000,0,0,0,0,0,14,FOGARTY M
"",100.00%,0.00%,0.00%,0.00%,0.00%,,,,,,,,,
COURSE TOTAL:,14,0,0,0,0,14,4.000,0,0,0,0,0,14,
"",100.00%,0.00%,0.00%,0.00%,0.00%,,,,,,,,,
SPED-310-900,10,5,1,0,0,16,3.562,0,0,0,0,0,16,WHITESIDE E
"",62.50%,31.25%,6.25%,0.00%,0.00%,,,,,,,,,
COURSE TOTAL:,10,5,1,0,0,16,3.562,0,0,0,0,0,16,
"",62.50%,31.25%,6.25%,0.00%,0.00%,,,,,,,,,
SPED-311-500,16,4,0,0,0,20,3.800,0,0,0,0,0,20,WHITESIDE E
"",80.00%,20.00%,0.00%,0.00%,0.00%,,,,,,,,,
COURSE TOTAL:,16,4,0,0,0,20,3.800,0,0,0,0,0,20,
"",80.00%,20.00%,0.00%,0.00%,0.00%,,,,,,,,,
SPED-312-500,12,1,0,0,0,13,3.923,0,0,0,0,0,13,RICE M
"",92.31%,7.69%,0.00%,0.00%,0.00%,,,,,,,,,
COURSE TOTAL:,12,1,0,0,0,13,3.923,0,0,0,0,0,13,
"",92.31%,7.69%,0.00%,0.00%,0.00%,,,,,,,,,
SPED-314-500,12,1,0,0,0,13,3.923,0,0,0,0,0,13,BILLINGS ASHCRAFT S
"",92.31%,7.69%,0.00%,0.00%,0.00%,,,,,,,,,
COURSE TOTAL:,12,1,0,0,0,13,3.923,0,0,0,0,0,13,
"",92.31%,7.69%,0.00%,0.00%,0.00%,,,,,,,,,
SPED-414-500,18,2,0,0,0,20,3.900,0,0,0,0,0,20,WHITESIDE E
"",90.00%,10.00%,0.00%,0.00%,0.00%,,,,,,,,,
COURSE TOTAL:,18,2,0,0,0,20,3.900,0,0,0,0,0,20,
"",90.00%,10.00%,0.00%,0.00%,0.00%,,,,,,,,,
SPED-442-500,13,0,0,0,0,13,4.000,0,0,0,0,0,13,THOMPSON J
"",100.00%,0.00%,0.00%,0.00%,0.00%,,,,,,,,,
COURSE TOTAL:,13,0,0,0,0,13,4.000,0,0,0,0,0,13,
"",100.00%,0.00%,0.00%,0.00%,0.00%,,,,,,,,,
SPED-471-500,19,0,0,0,0,19,4.000,0,0,0,0,1,20,DEVLIN M
"",100.00%,0.00%,0.00%,0.00%,0.00%,,,,,,,,,
COURSE TOTAL:,19,0,0,0,0,19,4.000,0,0,0,0,1,20,
"",100.00%,0.00%,0.00%,0.00%,0.00%,,,,,,,,,
SPED-601-700,33,1,0,0,0,34,3.970,0,0,0,0,0,34,HEATH A
"",97.06%,2.94%,0.00%,0.00%,0.00%,,,,,,,,,
COURSE TOTAL:,33,1,0,0,0,34,3.970,0,0,0,0,0,34,
"",97.06%,2.94%,0.00%,0.00%,0.00%,,,,,,,,,
SPED-603-601,7,0,0,0,0,7,4.000,0,0,0,0,0,7,HENRY A
"",100.00%,0.00%,0.00%,0.00%,0.00%,,,,,,,,,
COURSE TOTAL:,7,0,0,0,0,7,4.000,0,0,0,0,0,7,
"",100.00%,0.00%,0.00%,0.00%,0.00%,,,,,,,,,
SPED-605-700,26,7,1,0,0,34,3.735,0,0,0,0,0,34,WHITESIDE E
"",76.47%,20.59%,2.94%,0.00%,0.00%,,,,,,,,,
COURSE TOTAL:,26,7,1,0,0,34,3.735,0,0,0,0,0,34,
"",76.47%,20.59%,2.94%,0.00%,0.00%,,,,,,,,,
SPED-617-700,26,5,0,0,0,31,3.838,0,0,0,0,0,31,ERBELI F
"",83.87%,16.13%,0.00%,0.00%,0.00%,,,,,,,,,
COURSE TOTAL:,26,5,0,0,0,31,3.838,0,0,0,0,0,31,
"",83.87%,16.13%,0.00%,0.00%,0.00%,,,,,,,,,
SPED-621-700,28,3,0,0,0,31,3.903,0,0,0,0,0,31,BARRETT J
"",90.32%,9.68%,0.00%,0.00%,0.00%,,,,,,,,,
COURSE TOTAL:,28,3,0,0,0,31,3.903,0,0,0,0,0,31,
"",90.32%,9.68%,0.00%,0.00%,0.00%,,,,,,,,,
SPED-628-700,6,0,1,0,0,7,3.714,0,0,0,0,0,7,GANZ J
"",85.71%,0.00%,14.29%,0.00%,0.00%,,,,,,,,,
SPED-628-701,14,1,0,0,0,15,3.933,0,0,0,0,0,15,GANZ J
"",93.33%,6.67%,0.00%,0.00%,0.00%,,,,,,,,,
COURSE TOTAL:,20,1,1,0,0,22,3.863,0,0,0,0,0,22,
"",90.91%,4.55%,4.55%,0.00%,0.00%,,,,,,,,,
SPSY-611-600,10,0,0,0,0,10,4.000,0,0,0,0,0,10,RICCIO C
"",100.00%,0.00%,0.00%,0.00%,0.00%,,,,,,,,,
COURSE TOTAL:,10,0,0,0,0,10,4.000,0,0,0,0,0,10,
"",100.00%,0.00%,0.00%,0.00%,0.00%,,,,,,,,,
SPSY-612-600,7,0,0,0,0,7,4.000,0,0,0,0,0,7,HAJOVSKY D
"",100.00%,0.00%,0.00%,0.00%,0.00%,,,,,,,,,
COURSE TOTAL:,7,0,0,0,0,7,4.000,0,0,0,0,0,7,
"",100.00%,0.00%,0.00%,0.00%,0.00%,,,,,,,,,
SPSY-642-600,6,1,0,0,0,7,3.857,0,0,0,0,0,7,CASTRO OLIVO S
"",85.71%,14.29%,0.00%,0.00%,0.00%,,,,,,,,,
COURSE TOTAL:,6,1,0,0,0,7,3.857,0,0,0,0,0,7,
"",85.71%,14.29%,0.00%,0.00%,0.00%,,,,,,,,,
DEPARTMENT TOTAL:,1523,183,49,14,19,1788,3.778,12,0,0,20,2,1822
"",85.18%,10.23%,2.74%,0.78%,1.06%,,,,,,,,
ATTR-202-500,23,0,0,0,0,23,4.000,0,0,0,0,0,23,ST LOUIS P
"",100.00%,0.00%,0.00%,0.00%,0.00%,,,,,,,,,
COURSE TOTAL:,23,0,0,0,0,23,4.000,0,0,0,0,0,23,
"",100.00%,0.00%,0.00%,0.00%,0.00%,,,,,,,,,
ATTR-302-500,7,1,0,0,0,8,3.875,0,0,0,0,0,8,ST LOUIS P
"",87.50%,12.50%,0.00%,0.00%,0.00%,,,,,,,,,
COURSE TOTAL:,7,1,0,0,0,8,3.875,0,0,0,0,0,8,
"",87.50%,12.50%,0.00%,0.00%,0.00%,,,,,,,,,
ATTR-643-601,16,0,0,0,0,16,4.000,0,0,0,0,0,16,ST LOUIS P
"",100.00%,0.00%,0.00%,0.00%,0.00%,,,,,,,,,
COURSE TOTAL:,16,0,0,0,0,16,4.000,0,0,0,0,0,16,
"",100.00%,0.00%,0.00%,0.00%,0.00%,,,,,,,,,
ATTR-646-600,13,0,0,0,0,13,4.000,0,0,0,0,0,13,BOUCHER A
"",100.00%,0.00%,0.00%,0.00%,0.00%,,,,,,,,,
COURSE TOTAL:,13,0,0,0,0,13,4.000,0,0,0,0,0,13,
"",100.00%,0.00%,0.00%,0.00%,0.00%,,,,,,,,,
ATTR-653-600,16,0,0,0,0,16,4.000,0,0,0,0,0,16,ST LOUIS P
"",100.00%,0.00%,0.00%,0.00%,0.00%,,,,,,,,,
COURSE TOTAL:,16,0,0,0,0,16,4.000,0,0,0,0,0,16,
"",100.00%,0.00%,0.00%,0.00%,0.00%,,,,,,,,,
ATTR-656-600,13,0,0,0,0,13,4.000,0,0,0,0,0,13,BOUCHER A
"",100.00%,0.00%,0.00%,0.00%,0.00%,,,,,,,,,
COURSE TOTAL:,13,0,0,0,0,13,4.000,0,0,0,0,0,13,
"",100.00%,0.00%,0.00%,0.00%,0.00%,,,,,,,,,
ATTR-664-600,8,7,1,0,0,16,3.437,0,0,0,0,0,16,GREENWOOD L
"",50.00%,43.75%,6.25%,0.00%,0.00%,,,,,,,,,
COURSE TOTAL:,8,7,1,0,0,16,3.437,0,0,0,0,0,16,
"",50.00%,43.75%,6.25%,0.00%,0.00%,,,,,,,,,
ATTR-671-600,14,2,0,0,0,16,3.875,0,0,0,0,0,16,BOUCHER A
"",87.50%,12.50%,0.00%,0.00%,0.00%,,,,,,,,,
COURSE TOTAL:,14,2,0,0,0,16,3.875,0,0,0,0,0,16,
"",87.50%,12.50%,0.00%,0.00%,0.00%,,,,,,,,,
ATTR-672-600,5,8,0,0,0,13,3.384,0,0,0,0,0,13,GREENWOOD L
"",38.46%,61.54%,0.00%,0.00%,0.00%,,,,,,,,,
COURSE TOTAL:,5,8,0,0,0,13,3.384,0,0,0,0,0,13,
"",38.46%,61.54%,0.00%,0.00%,0.00%,,,,,,,,,
ATTR-676-600,14,2,0,0,0,16,3.875,0,0,0,0,0,16,ST LOUIS P
"",87.50%,12.50%,0.00%,0.00%,0.00%,,,,,,,,,
COURSE TOTAL:,14,2,0,0,0,16,3.875,0,0,0,0,0,16,
"",87.50%,12.50%,0.00%,0.00%,0.00%,,,,,,,,,
ATTR-677-602,4,1,0,0,0,5,3.800,0,0,0,0,0,5,ST LOUIS P
"",80.00%,20.00%,0.00%,0.00%,0.00%,,,,,,,,,
COURSE TOTAL:,4,1,0,0,0,5,3.800,0,0,0,0,0,5,
"",80.00%,20.00%,0.00%,0.00%,0.00%,,,,,,,,,
KINE-120-706,23,7,1,1,0,32,3.625,0,0,0,0,0,32,WRIGHT M
"",71.88%,21.88%,3.13%,3.13%,0.00%,,,,,,,,,
KINE-120-803,17,4,3,0,0,24,3.583,0,0,0,1,0,25,WOODARD D
"",70.83%,16.67%,12.50%,0.00%,0.00%,,,,,,,,,
KINE-120-807,20,3,3,0,0,26,3.653,0,0,0,0,0,26,COADY W
"",76.92%,11.54%,11.54%,0.00%,0.00%,,,,,,,,,
KINE-120-808,23,3,1,0,1,28,3.678,0,0,0,0,0,28,COADY W
"",82.14%,10.71%,3.57%,0.00%,3.57%,,,,,,,,,
KINE-120-809,18,6,3,0,0,27,3.555,0,0,0,0,0,27,COADY W
"",66.67%,22.22%,11.11%,0.00%,0.00%,,,,,,,,,
KINE-120-810,20,3,3,2,0,28,3.464,0,0,0,0,0,28,COADY W
"",71.43%,10.71%,10.71%,7.14%,0.00%,,,,,,,,,
KINE-120-812,20,5,1,0,0,26,3.730,0,0,0,0,0,26,ARRANTS C
"",76.92%,19.23%,3.85%,0.00%,0.00%,,,,,,,,,
KINE-120-813,18,3,0,0,1,22,3.681,0,0,0,0,0,22,KANG M
"",81.82%,13.64%,0.00%,0.00%,4.55%,,,,,,,,,
KINE-120-818,19,2,3,1,0,25,3.560,0,0,0,2,0,27,WIMER D
"",76.00%,8.00%,12.00%,4.00%,0.00%,,,,,,,,,
KINE-120-819,24,1,2,0,0,27,3.814,0,0,0,1,0,28,WIMER D
"",88.89%,3.70%,7.41%,0.00%,0.00%,,,,,,,,,
KINE-120-821,13,5,3,0,0,21,3.476,0,0,0,0,0,21,WENZEL T
"",61.90%,23.81%,14.29%,0.00%,0.00%,,,,,,,,,
KINE-120-822,14,1,2,1,0,18,3.555,0,0,0,2,0,20,VENABLE L
"",77.78%,5.56%,11.11%,5.56%,0.00%,,,,,,,,,
KINE-120-824,22,1,1,0,0,24,3.875,0,0,0,0,0,24,NETHERLAND B
"",91.67%,4.17%,4.17%,0.00%,0.00%,,,,,,,,,
KINE-120-825,17,2,0,0,0,19,3.894,0,0,0,0,0,19,NETHERLAND B
"",89.47%,10.53%,0.00%,0.00%,0.00%,,,,,,,,,
KINE-120-826,21,1,2,0,0,24,3.791,0,0,0,0,0,24,NETHERLAND B
"",87.50%,4.17%,8.33%,0.00%,0.00%,,,,,,,,,
KINE-120-828,16,7,5,0,1,29,3.275,0,0,0,0,0,29,WENZEL T
"",55.17%,24.14%,17.24%,0.00%,3.45%,,,,,,,,,
KINE-120-830,24,4,3,0,0,31,3.677,0,0,0,0,0,31,ISENHART M
"",77.42%,12.90%,9.68%,0.00%,0.00%,,,,,,,,,
KINE-120-833,25,1,0,0,1,27,3.814,0,0,0,1,0,28,WOODARD D
"",92.59%,3.70%,0.00%,0.00%,3.70%,,,,,,,,,
KINE-120-835,19,4,2,0,1,26,3.538,0,0,0,2,0,28,BASSETT K
"",73.08%,15.38%,7.69%,0.00%,3.85%,,,,,,,,,
KINE-120-836,20,8,0,0,0,28,3.714,0,0,0,0,0,28,KUPPERSMITH N
"",71.43%,28.57%,0.00%,0.00%,0.00%,,,,,,,,,
KINE-120-837,26,1,1,0,0,28,3.892,0,0,0,0,0,28,KUPPERSMITH N
"",92.86%,3.57%,3.57%,0.00%,0.00%,,,,,,,,,
KINE-120-846,23,2,0,0,1,26,3.769,0,0,0,2,0,28,HANIK M
"",88.46%,7.69%,0.00%,0.00%,3.85%,,,,,,,,,
KINE-120-848,27,0,2,0,0,29,3.862,0,0,0,1,0,30,WRIGHT M
"",93.10%,0.00%,6.90%,0.00%,0.00%,,,,,,,,,
KINE-120-850,20,8,2,1,1,32,3.406,0,0,0,0,0,32,SZURA J
"",62.50%,25.00%,6.25%,3.13%,3.13%,,,,,,,,,
KINE-120-855,15,6,2,1,1,25,3.320,0,0,0,2,0,27,SIMMONS K
"",60.00%,24.00%,8.00%,4.00%,4.00%,,,,,,,,,
KINE-120-856,15,7,0,0,0,22,3.681,0,0,0,0,0,22,CORREA J
"",68.18%,31.82%,0.00%,0.00%,0.00%,,,,,,,,,
KINE-120-864,26,2,1,1,1,31,3.645,0,0,0,1,0,32,WOODARD D
"",83.87%,6.45%,3.23%,3.23%,3.23%,,,,,,,,,
KINE-120-868,10,11,5,2,0,28,3.035,0,0,0,0,0,28,ALVAREZ A
"",35.71%,39.29%,17.86%,7.14%,0.00%,,,,,,,,,
KINE-120-876,0,25,1,2,0,28,2.821,0,0,0,0,0,28,JOHNSON S
"",0.00%,89.29%,3.57%,7.14%,0.00%,,,,,,,,,
KINE-120-878,12,11,3,0,2,28,3.107,0,0,0,0,0,28,JOHNSON S
"",42.86%,39.29%,10.71%,0.00%,7.14%,,,,,,,,,
KINE-120-879,22,3,0,1,1,27,3.629,0,0,0,0,0,27,NETHERLAND B
"",81.48%,11.11%,0.00%,3.70%,3.70%,,,,,,,,,
KINE-120-880,27,1,0,0,0,28,3.964,0,0,0,0,0,28,NETHERLAND B
"",96.43%,3.57%,0.00%,0.00%,0.00%,,,,,,,,,
COURSE TOTAL:,616,148,55,13,12,844,3.591,0,0,0,15,0,859,
"",72.99%,17.54%,6.52%,1.54%,1.42%,,,,,,,,,
KINE-121-501,25,7,4,0,1,37,3.486,1,0,0,2,0,40,SZURA J
"",67.57%,18.92%,10.81%,0.00%,2.70%,,,,,,,,,
KINE-121-502,32,3,1,0,1,37,3.756,2,0,0,0,0,39,COHEN L
"",86.49%,8.11%,2.70%,0.00%,2.70%,,,,,,,,,
KINE-121-503,29,4,2,2,1,38,3.526,0,0,0,1,0,39,ARRANTS C
"",76.32%,10.53%,5.26%,5.26%,2.63%,,,,,,,,,
KINE-121-504,26,7,2,0,0,35,3.685,1,0,0,2,0,38,GOMEZ D
"",74.29%,20.00%,5.71%,0.00%,0.00%,,,,,,,,,
KINE-121-505,25,8,2,0,0,35,3.657,3,0,0,0,0,38,COHEN L
"",71.43%,22.86%,5.71%,0.00%,0.00%,,,,,,,,,
COURSE TOTAL:,137,29,11,2,3,182,3.620,7,0,0,5,0,194,
"",75.27%,15.93%,6.04%,1.10%,1.65%,,,,,,,,,
KINE-199-001,17,0,0,0,0,17,4.000,0,0,0,0,0,17,MAREK K
"",100.00%,0.00%,0.00%,0.00%,0.00%,,,,,,,,,
KINE-199-013,18,3,0,0,0,21,3.857,0,0,0,0,0,21,CAMPBELL A
"",85.71%,14.29%,0.00%,0.00%,0.00%,,,,,,,,,
KINE-199-014,14,4,0,0,0,18,3.777,0,0,0,0,0,18,WENZEL T
"",77.78%,22.22%,0.00%,0.00%,0.00%,,,,,,,,,
KINE-199-015,11,1,0,0,0,12,3.916,0,0,0,0,0,12,GOMEZ D
"",91.67%,8.33%,0.00%,0.00%,0.00%,,,,,,,,,
KINE-199-016,14,1,1,0,0,16,3.812,0,0,0,0,0,16,WENZEL T
"",87.50%,6.25%,6.25%,0.00%,0.00%,,,,,,,,,
KINE-199-032,7,0,0,0,0,7,3.500,0,6,1,0,0,14,WOODARD D
"",100.00%,0.00%,0.00%,0.00%,0.00%,,,,,,,,,
KINE-199-037,9,0,0,0,1,10,3.600,0,11,0,1,0,22,THOMAS F
"",90.00%,0.00%,0.00%,0.00%,10.00%,,,,,,,,,
KINE-199-043,9,0,0,0,0,9,4.000,0,15,0,2,0,26,SZURA J
"",100.00%,0.00%,0.00%,0.00%,0.00%,,,,,,,,,
KINE-199-044,11,0,0,0,0,11,4.000,0,11,0,0,0,22,SZURA J
"",100.00%,0.00%,0.00%,0.00%,0.00%,,,,,,,,,
KINE-199-050,10,3,0,0,0,13,3.769,0,10,0,0,0,23,COADY W
"",76.92%,23.08%,0.00%,0.00%,0.00%,,,,,,,,,
KINE-199-052,4,1,0,0,0,5,3.800,0,18,0,1,0,24,COADY W
"",80.00%,20.00%,0.00%,0.00%,0.00%,,,,,,,,,
KINE-199-053,4,1,0,0,0,5,3.800,0,17,0,0,0,22,COADY W
"",80.00%,20.00%,0.00%,0.00%,0.00%,,,,,,,,,
KINE-199-055,17,0,0,0,0,17,3.777,0,6,1,2,0,26,COHEN L
"",100.00%,0.00%,0.00%,0.00%,0.00%,,,,,,,,,
KINE-199-056,9,0,0,0,0,9,4.000,0,14,0,4,0,27,COADY W
"",100.00%,0.00%,0.00%,0.00%,0.00%,,,,,,,,,
KINE-199-057,5,1,0,0,0,6,3.833,0,18,0,1,0,25,COADY W
"",83.33%,16.67%,0.00%,0.00%,0.00%,,,,,,,,,
KINE-199-058,11,1,0,0,0,12,3.916,0,15,0,0,0,27,COHEN L
"",91.67%,8.33%,0.00%,0.00%,0.00%,,,,,,,,,
KINE-199-059,8,1,0,0,0,9,3.888,0,15,0,1,0,25,COADY W
"",88.89%,11.11%,0.00%,0.00%,0.00%,,,,,,,,,
KINE-199-060,7,1,0,0,0,8,3.875,0,18,0,2,0,28,COADY W
"",87.50%,12.50%,0.00%,0.00%,0.00%,,,,,,,,,
KINE-199-061,17,0,0,0,0,17,3.777,0,5,1,0,0,23,THOMAS F
"",100.00%,0.00%,0.00%,0.00%,0.00%,,,,,,,,,
KINE-199-065,14,0,0,0,0,14,4.000,0,9,0,1,0,24,SLAGEL K
"",100.00%,0.00%,0.00%,0.00%,0.00%,,,,,,,,,
KINE-199-082,16,0,1,0,0,17,3.882,0,8,0,2,0,27,WIMER D
"",94.12%,0.00%,5.88%,0.00%,0.00%,,,,,,,,,
KINE-199-083,14,1,1,0,0,16,3.812,0,7,0,3,0,26,WIMER D
"",87.50%,6.25%,6.25%,0.00%,0.00%,,,,,,,,,
KINE-199-084,18,0,1,0,0,19,3.894,0,6,0,2,0,27,WIMER D
"",94.74%,0.00%,5.26%,0.00%,0.00%,,,,,,,,,
KINE-199-088,13,0,0,0,0,13,3.714,0,10,1,0,0,24,WIMER D
"",100.00%,0.00%,0.00%,0.00%,0.00%,,,,,,,,,
KINE-199-094,5,0,0,0,0,5,3.333,0,8,1,2,0,16,SIMMONS K
"",100.00%,0.00%,0.00%,0.00%,0.00%,,,,,,,,,
KINE-199-102,7,1,1,0,0,9,3.666,0,13,0,1,0,23,SCHAKEL D
"",77.78%,11.11%,11.11%,0.00%,0.00%,,,,,,,,,
KINE-199-104,4,1,0,0,0,5,3.800,0,6,0,2,0,13,SCHAKEL D
"",80.00%,20.00%,0.00%,0.00%,0.00%,,,,,,,,,
KINE-199-107,5,0,0,0,0,5,4.000,0,13,0,1,0,19,SCHAKEL D
"",100.00%,0.00%,0.00%,0.00%,0.00%,,,,,,,,,
KINE-199-108,6,0,0,0,0,6,4.000,0,15,0,0,0,21,SCHAKEL D
"",100.00%,0.00%,0.00%,0.00%,0.00%,,,,,,,,,
KINE-199-142,6,0,0,0,0,6,4.000,0,4,0,1,0,11,DANNENBAUM J
"",100.00%,0.00%,0.00%,0.00%,0.00%,,,,,,,,,
KINE-199-145,5,0,0,0,0,5,4.000,0,6,0,0,0,11,DANNENBAUM J
"",100.00%,0.00%,0.00%,0.00%,0.00%,,,,,,,,,
KINE-199-146,5,0,0,0,0,5,4.000,0,6,0,0,0,11,DANNENBAUM J
"",100.00%,0.00%,0.00%,0.00%,0.00%,,,,,,,,,
KINE-199-147,8,0,0,0,0,8,4.000,0,2,0,0,0,10,DANNENBAUM J
"",100.00%,0.00%,0.00%,0.00%,0.00%,,,,,,,,,
KINE-199-148,5,0,0,0,0,5,3.333,0,3,1,1,0,10,DANNENBAUM J
"",100.00%,0.00%,0.00%,0.00%,0.00%,,,,,,,,,
KINE-199-150,5,0,0,0,0,5,4.000,0,0,0,1,0,6,DANNENBAUM J
"",100.00%,0.00%,0.00%,0.00%,0.00%,,,,,,,,,
KINE-199-151,5,0,0,0,0,5,4.000,0,6,0,0,0,11,DANNENBAUM J
"",100.00%,0.00%,0.00%,0.00%,0.00%,,,,,,,,,
KINE-199-153,8,0,0,0,0,8,4.000,0,4,0,0,0,12,DANNENBAUM J
"",100.00%,0.00%,0.00%,0.00%,0.00%,,,,,,,,,
KINE-199-156,7,0,0,0,0,7,4.000,0,5,0,0,0,12,DANNENBAUM J
"",100.00%,0.00%,0.00%,0.00%,0.00%,,,,,,,,,
KINE-199-157,7,0,0,0,0,7,4.000,0,3,0,1,0,11,DANNENBAUM J
"",100.00%,0.00%,0.00%,0.00%,0.00%,,,,,,,,,
KINE-199-190,11,0,0,0,0,11,4.000,0,9,0,1,0,21,SOLTIS A
"",100.00%,0.00%,0.00%,0.00%,0.00%,,,,,,,,,
KINE-199-191,10,0,1,0,0,11,3.818,0,3,1,1,0,16,SOLTIS A
"",90.91%,0.00%,9.09%,0.00%,0.00%,,,,,,,,,
KINE-199-195,9,1,0,0,0,10,3.545,0,14,1,2,0,27,ESTES L
"",90.00%,10.00%,0.00%,0.00%,0.00%,,,,,,,,,
KINE-199-197,9,0,0,0,0,9,4.000,0,10,0,1,0,20,WOLFE J
"",100.00%,0.00%,0.00%,0.00%,0.00%,,,,,,,,,
KINE-199-198,7,0,0,0,0,7,4.000,0,12,0,1,0,20,WOLFE J
"",100.00%,0.00%,0.00%,0.00%,0.00%,,,,,,,,,
KINE-199-202,5,2,0,0,0,7,3.250,0,18,1,2,0,28,ELLIS R
"",71.43%,28.57%,0.00%,0.00%,0.00%,,,,,,,,,
KINE-199-203,7,0,0,0,0,7,4.000,0,20,0,1,0,28,ELLIS R
"",100.00%,0.00%,0.00%,0.00%,0.00%,,,,,,,,,
KINE-199-208,5,0,0,0,0,5,4.000,0,19,0,4,0,28,WRIGHT M
"",100.00%,0.00%,0.00%,0.00%,0.00%,,,,,,,,,
KINE-199-210,9,1,0,0,0,10,3.900,0,17,0,1,0,28,WRIGHT M
"",90.00%,10.00%,0.00%,0.00%,0.00%,,,,,,,,,
KINE-199-212,4,0,1,0,0,5,3.600,0,19,0,4,0,28,CAMPBELL A
"",80.00%,0.00%,20.00%,0.00%,0.00%,,,,,,,,,
KINE-199-215,5,1,0,0,0,6,3.285,0,21,1,0,0,28,ELLIS R
"",83.33%,16.67%,0.00%,0.00%,0.00%,,,,,,,,,
KINE-199-221,12,0,0,0,0,12,4.000,0,9,0,0,0,21,MULKERRINS M
"",100.00%,0.00%,0.00%,0.00%,0.00%,,,,,,,,,
KINE-199-224,9,0,0,0,0,9,4.000,0,14,0,1,0,24,NETHERLAND B
"",100.00%,0.00%,0.00%,0.00%,0.00%,,,,,,,,,
KINE-199-225,8,0,0,0,0,8,4.000,0,16,0,0,0,24,SOLTIS A
"",100.00%,0.00%,0.00%,0.00%,0.00%,,,,,,,,,
KINE-199-226,10,0,0,0,0,10,4.000,0,8,0,1,0,19,VENABLE L
"",100.00%,0.00%,0.00%,0.00%,0.00%,,,,,,,,,
KINE-199-227,6,0,0,0,0,6,4.000,0,13,0,1,0,20,VENABLE L
"",100.00%,0.00%,0.00%,0.00%,0.00%,,,,,,,,,
KINE-199-239,23,0,0,0,0,23,3.833,0,7,1,1,0,32,GOMEZ D
"",100.00%,0.00%,0.00%,0.00%,0.00%,,,,,,,,,
KINE-199-240,18,0,0,0,0,18,3.789,0,6,1,0,0,25,GOMEZ D
"",100.00%,0.00%,0.00%,0.00%,0.00%,,,,,,,,,
KINE-199-242,5,0,0,0,0,5,4.000,0,5,0,1,0,11,GOMEZ D
"",100.00%,0.00%,0.00%,0.00%,0.00%,,,,,,,,,
KINE-199-244,8,0,0,0,0,8,4.000,0,9,0,2,0,19,WENZEL T
"",100.00%,0.00%,0.00%,0.00%,0.00%,,,,,,,,,
KINE-199-250,17,0,0,0,0,17,3.777,0,9,1,3,0,30,SZURA J
"",100.00%,0.00%,0.00%,0.00%,0.00%,,,,,,,,,
KINE-199-251,8,0,0,0,0,8,3.555,0,9,1,0,0,18,GOMEZ D
"",100.00%,0.00%,0.00%,0.00%,0.00%,,,,,,,,,
KINE-199-258,12,0,0,0,0,12,4.000,0,16,0,0,0,28,KANG M
"",100.00%,0.00%,0.00%,0.00%,0.00%,,,,,,,,,
KINE-199-259,9,0,0,0,0,9,4.000,0,23,0,0,0,32,HANIK M
"",100.00%,0.00%,0.00%,0.00%,0.00%,,,,,,,,,
KINE-199-260,23,0,0,0,0,23,4.000,0,16,0,1,0,40,ISENHART M
"",100.00%,0.00%,0.00%,0.00%,0.00%,,,,,,,,,
KINE-199-262,6,0,0,0,0,6,4.000,0,15,0,2,0,23,BYRNE K
"",100.00%,0.00%,0.00%,0.00%,0.00%,,,,,,,,,
KINE-199-263,12,0,0,0,0,12,4.000,0,14,0,1,0,27,BYRNE K
"",100.00%,0.00%,0.00%,0.00%,0.00%,,,,,,,,,
KINE-199-264,12,0,0,0,0,12,4.000,0,12,0,3,0,27,WOODARD D
"",100.00%,0.00%,0.00%,0.00%,0.00%,,,,,,,,,
KINE-199-275,9,1,0,0,0,10,3.900,0,14,0,3,0,27,MULKERRINS M
"",90.00%,10.00%,0.00%,0.00%,0.00%,,,,,,,,,
KINE-199-277,12,0,0,0,0,12,4.000,1,5,0,0,0,18,MULKERRINS M
"",100.00%,0.00%,0.00%,0.00%,0.00%,,,,,,,,,
KINE-199-279,19,0,0,0,0,19,4.000,0,4,0,1,0,24,MULKERRINS M
"",100.00%,0.00%,0.00%,0.00%,0.00%,,,,,,,,,
KINE-199-281,12,0,0,0,0,12,4.000,0,15,0,0,0,27,MULKERRINS M
"",100.00%,0.00%,0.00%,0.00%,0.00%,,,,,,,,,
KINE-199-289,11,0,0,0,0,11,4.000,0,7,0,0,0,18,ISENHART M
"",100.00%,0.00%,0.00%,0.00%,0.00%,,,,,,,,,
KINE-199-291,13,0,0,0,0,13,3.714,0,6,1,1,0,21,GOMEZ D
"",100.00%,0.00%,0.00%,0.00%,0.00%,,,,,,,,,
KINE-199-292,17,0,0,0,0,17,4.000,0,4,0,0,0,21,ISENHART M
"",100.00%,0.00%,0.00%,0.00%,0.00%,,,,,,,,,
KINE-199-293,14,0,0,0,0,14,3.733,0,4,1,2,0,21,GOMEZ D
"",100.00%,0.00%,0.00%,0.00%,0.00%,,,,,,,,,
KINE-199-294,11,0,0,0,0,11,4.000,0,8,0,2,0,21,ARRANTS C
"",100.00%,0.00%,0.00%,0.00%,0.00%,,,,,,,,,
KINE-199-295,15,0,0,0,0,15,4.000,0,4,0,2,0,21,SZURA J
"",100.00%,0.00%,0.00%,0.00%,0.00%,,,,,,,,,
KINE-199-298,14,0,0,0,0,14,4.000,0,7,0,0,0,21,SZURA J
"",100.00%,0.00%,0.00%,0.00%,0.00%,,,,,,,,,
KINE-199-302,5,2,0,0,0,7,3.714,0,7,0,0,0,14,WOOSLEY J
"",71.43%,28.57%,0.00%,0.00%,0.00%,,,,,,,,,
KINE-199-303,9,0,0,0,0,9,4.000,0,5,0,0,0,14,WOOSLEY J
"",100.00%,0.00%,0.00%,0.00%,0.00%,,,,,,,,,
KINE-199-304,10,2,0,0,0,12,3.833,0,3,0,0,0,15,WOOSLEY J
"",83.33%,16.67%,0.00%,0.00%,0.00%,,,,,,,,,
KINE-199-305,12,0,0,0,0,12,4.000,0,3,0,0,0,15,WOOSLEY J
"",100.00%,0.00%,0.00%,0.00%,0.00%,,,,,,,,,
KINE-199-310,6,1,0,0,0,7,3.857,0,10,0,0,0,17,WOLFE J
"",85.71%,14.29%,0.00%,0.00%,0.00%,,,,,,,,,
KINE-199-311,4,1,0,0,0,5,3.800,0,4,0,0,0,9,WOLFE J
"",80.00%,20.00%,0.00%,0.00%,0.00%,,,,,,,,,
KINE-199-312,4,1,0,0,0,5,3.800,0,4,0,0,0,9,WOLFE J
"",80.00%,20.00%,0.00%,0.00%,0.00%,,,,,,,,,
KINE-199-316,7,0,0,1,0,8,3.625,0,9,0,0,0,17,WOOSLEY J
"",87.50%,0.00%,0.00%,12.50%,0.00%,,,,,,,,,
KINE-199-318,8,0,0,0,0,8,4.000,0,9,0,0,0,17,WOOSLEY J
"",100.00%,0.00%,0.00%,0.00%,0.00%,,,,,,,,,
KINE-199-325,19,0,0,0,0,19,4.000,0,10,0,2,0,31,WENZEL T
"",100.00%,0.00%,0.00%,0.00%,0.00%,,,,,,,,,
KINE-199-326,12,0,0,0,0,12,4.000,0,11,0,2,0,25,WENZEL T
"",100.00%,0.00%,0.00%,0.00%,0.00%,,,,,,,,,
KINE-199-327,19,0,0,0,0,19,3.800,0,12,1,0,0,32,WENZEL T
"",100.00%,0.00%,0.00%,0.00%,0.00%,,,,,,,,,
KINE-199-328,15,0,0,0,0,15,4.000,0,13,0,0,0,28,WENZEL T
"",100.00%,0.00%,0.00%,0.00%,0.00%,,,,,,,,,
KINE-199-329,11,0,0,0,0,11,4.000,1,10,0,2,0,24,WENZEL T
"",100.00%,0.00%,0.00%,0.00%,0.00%,,,,,,,,,
KINE-199-330,21,0,0,0,0,21,4.000,0,9,0,1,0,31,WENZEL T
"",100.00%,0.00%,0.00%,0.00%,0.00%,,,,,,,,,
KINE-199-343,11,0,0,0,0,11,4.000,1,15,0,5,0,32,DIXON S
"",100.00%,0.00%,0.00%,0.00%,0.00%,,,,,,,,,
KINE-199-349,12,0,0,0,0,12,4.000,0,14,0,1,0,27,CORREA J
"",100.00%,0.00%,0.00%,0.00%,0.00%,,,,,,,,,
KINE-199-354,18,0,0,0,0,18,3.789,0,6,1,1,0,26,CORREA J
"",100.00%,0.00%,0.00%,0.00%,0.00%,,,,,,,,,
KINE-199-355,13,0,0,0,0,13,4.000,0,16,0,0,0,29,CORREA J
"",100.00%,0.00%,0.00%,0.00%,0.00%,,,,,,,,,
KINE-199-358,7,0,1,0,0,8,3.333,0,12,1,1,0,22,CAMPBELL A
"",87.50%,0.00%,12.50%,0.00%,0.00%,,,,,,,,,
KINE-199-360,12,0,0,0,0,12,4.000,0,15,0,1,0,28,HANIK M
"",100.00%,0.00%,0.00%,0.00%,0.00%,,,,,,,,,
KINE-199-361,18,0,0,0,0,18,3.789,0,5,1,0,0,24,SIMMONS K
"",100.00%,0.00%,0.00%,0.00%,0.00%,,,,,,,,,
KINE-199-362,9,0,0,0,0,9,4.000,0,16,0,0,0,25,HANIK M
"",100.00%,0.00%,0.00%,0.00%,0.00%,,,,,,,,,
KINE-199-383,7,0,0,0,0,7,3.500,0,9,1,4,0,21,DANNENBAUM J
"",100.00%,0.00%,0.00%,0.00%,0.00%,,,,,,,,,
KINE-199-387,3,3,0,0,0,6,3.000,0,14,1,2,0,23,ESTES L
"",50.00%,50.00%,0.00%,0.00%,0.00%,,,,,,,,,
KINE-199-388,9,1,0,0,0,10,3.900,0,10,0,2,0,22,DANNENBAUM J
"",90.00%,10.00%,0.00%,0.00%,0.00%,,,,,,,,,
KINE-199-390,5,0,0,0,0,5,3.333,0,18,1,0,0,24,ESTES L
"",100.00%,0.00%,0.00%,0.00%,0.00%,,,,,,,,,
KINE-199-392,4,1,0,0,0,5,3.800,0,17,0,1,0,23,WENZEL T
"",80.00%,20.00%,0.00%,0.00%,0.00%,,,,,,,,,
KINE-199-393,10,4,2,0,0,16,3.500,0,7,0,0,0,23,WENZEL T
"",62.50%,25.00%,12.50%,0.00%,0.00%,,,,,,,,,
KINE-199-402,6,0,0,0,0,6,4.000,0,11,0,2,0,19,WRIGHT M
"",100.00%,0.00%,0.00%,0.00%,0.00%,,,,,,,,,
KINE-199-415,12,1,0,0,0,13,3.642,0,3,2,0,0,18,SOLTIS A
"",92.31%,7.69%,0.00%,0.00%,0.00%,,,,,,,,,
KINE-199-424,13,0,0,0,0,13,4.000,0,11,0,2,0,26,DROLESKEY S
"",100.00%,0.00%,0.00%,0.00%,0.00%,,,,,,,,,
KINE-199-432,8,0,0,0,0,8,4.000,0,14,0,1,0,23,KANG M
"",100.00%,0.00%,0.00%,0.00%,0.00%,,,,,,,,,
KINE-199-450,18,0,0,0,0,18,4.000,0,4,0,1,0,23,ISENHART M
"",100.00%,0.00%,0.00%,0.00%,0.00%,,,,,,,,,
KINE-199-458,13,2,0,0,0,15,3.866,0,9,0,1,0,25,WOODARD D
"",86.67%,13.33%,0.00%,0.00%,0.00%,,,,,,,,,
KINE-199-465,4,1,1,0,1,7,2.333,1,15,2,2,0,27,ALVAREZ A
"",57.14%,14.29%,14.29%,0.00%,14.29%,,,,,,,,,
KINE-199-473,9,0,0,0,0,9,4.000,0,19,0,0,0,28,DIXON S
"",100.00%,0.00%,0.00%,0.00%,0.00%,,,,,,,,,
KINE-199-485,8,0,0,0,0,8,4.000,0,12,0,1,0,21,ISENHART M
"",100.00%,0.00%,0.00%,0.00%,0.00%,,,,,,,,,
KINE-199-486,5,0,0,0,0,5,4.000,0,19,0,0,0,24,ISENHART M
"",100.00%,0.00%,0.00%,0.00%,0.00%,,,,,,,,,
KINE-199-490,14,0,0,0,1,15,3.733,0,13,0,0,0,28,KENDRA J
"",93.33%,0.00%,0.00%,0.00%,6.67%,,,,,,,,,
KINE-199-491,14,0,0,0,1,15,3.733,0,12,0,0,0,27,ISENHART M
"",93.33%,0.00%,0.00%,0.00%,6.67%,,,,,,,,,
KINE-199-492,12,0,0,0,0,12,4.000,0,15,0,0,0,27,ISENHART M
"",100.00%,0.00%,0.00%,0.00%,0.00%,,,,,,,,,
KINE-199-498,4,3,0,0,0,7,3.571,0,11,0,5,0,23,SCHAKEL D
"",57.14%,42.86%,0.00%,0.00%,0.00%,,,,,,,,,
KINE-199-499,7,0,0,0,0,7,4.000,0,20,0,1,0,28,SCHAKEL D
"",100.00%,0.00%,0.00%,0.00%,0.00%,,,,,,,,,
KINE-199-500,9,0,0,0,0,9,4.000,0,19,0,0,0,28,SCHAKEL D
"",100.00%,0.00%,0.00%,0.00%,0.00%,,,,,,,,,
KINE-199-501,11,0,0,0,0,11,4.000,0,17,0,0,0,28,KENDRA J
"",100.00%,0.00%,0.00%,0.00%,0.00%,,,,,,,,,
KINE-199-505,11,1,0,0,0,12,3.916,0,10,0,1,0,23,BREKKEN K
"",91.67%,8.33%,0.00%,0.00%,0.00%,,,,,,,,,
KINE-199-506,6,0,0,0,0,6,4.000,0,16,0,2,0,24,BYRNE K
"",100.00%,0.00%,0.00%,0.00%,0.00%,,,,,,,,,
KINE-199-508,12,0,0,0,0,12,4.000,0,10,0,2,0,24,BREKKEN K
"",100.00%,0.00%,0.00%,0.00%,0.00%,,,,,,,,,
KINE-199-509,11,0,0,0,0,11,4.000,0,13,0,1,0,25,BREKKEN K
"",100.00%,0.00%,0.00%,0.00%,0.00%,,,,,,,,,
KINE-199-515,6,0,0,0,0,6,4.000,0,19,0,2,0,27,JOHNSON S
"",100.00%,0.00%,0.00%,0.00%,0.00%,,,,,,,,,
KINE-199-518,13,0,1,0,0,14,3.857,0,13,0,1,0,28,TYSON L
"",92.86%,0.00%,7.14%,0.00%,0.00%,,,,,,,,,
KINE-199-522,8,0,0,0,0,8,4.000,0,8,0,0,0,16,TYSON L
"",100.00%,0.00%,0.00%,0.00%,0.00%,,,,,,,,,
KINE-199-523,7,0,0,0,0,7,2.800,0,14,3,2,0,26,JOHNSON S
"",100.00%,0.00%,0.00%,0.00%,0.00%,,,,,,,,,
KINE-199-526,11,1,0,0,0,12,3.916,013,,1,1,0,27,TYSON L
"",91.67%,8.33%,0.00%,0.00%,0.00%,,,,,,,,,
KINE-199-531,6,0,0,0,0,6,4.000,07,,0,3,0,16,BREKKEN K
"",100.00%,0.00%,0.00%,0.00%,0.00%,,,,,,,,,
KINE-199-539,10,1,0,0,0,11,3.909,08,,0,1,0,20,KUPPERSMITH N
"",90.91%,9.09%,0.00%,0.00%,0.00%,,,,,,,,,
KINE-199-547,5,0,0,0,0,5,3.333,019,,1,1,0,26,TEMPLIN M
"",100.00%,0.00%,0.00%,0.00%,0.00%,,,,,,,,,
KINE-199-596,131,0,0,0,0,131,4.000,081,,0,1,0,213,THOMAS F
"",100.00%,0.00%,0.00%,0.00%,0.00%,,,,,,,,,
KINE-199-598,47,0,0,0,0,47,4.000,050,,0,0,0,97,COHEN L
"",100.00%,0.00%,0.00%,0.00%,0.00%,,,,,,,,,
KINE-199-702,5,1,0,0,0,6,3.833,020,,0,1,0,27,TYSON L
"",83.33%,16.67%,0.00%,0.00%,0.00%,,,,,,,,,
KINE-199-703,4,2,0,0,0,6,3.666,019,,0,1,0,26,TYSON L
"",66.67%,33.33%,0.00%,0.00%,0.00%,,,,,,,,,
KINE-199-704,10,1,0,0,0,11,3.583,014,,1,2,0,28,TYSON L
"",90.91%,9.09%,0.00%,0.00%,0.00%,,,,,,,,,
COURSE TOTAL:,1561,57,12,1,4,1635,3.867,4  1605,,33,141,0,3418,
"",95.47%,3.49%,0.73%,0.06%,0.24%,,,,,,,,,
KINE-210-500,23,1,1,0,0,25,3.880,00,,0,0,0,25,BYRNE K
"",92.00%,4.00%,4.00%,0.00%,0.00%,,,,,,,,,
COURSE TOTAL:,23,1,1,0,0,25,3.880,00,,0,0,0,25,
"",92.00%,4.00%,4.00%,0.00%,0.00%,,,,,,,,,
KINE-213-598,39,21,7,2,0,69,3.405,00,,0,1,0,70,WRIGHT D
"",56.52%,30.43%,10.14%,2.90%,0.00%,,,,,,,,,
KINE-213-599,18,27,2,1,0,48,3.291,0,0,0,5,0,53,WRIGHT D
"",37.50%,56.25%,4.17%,2.08%,0.00%,,,,,,,,,
COURSE TOTAL:,57,48,9,3,0,117,3.358,0,0,0,6,0,123,
"",48.72%,41.03%,7.69%,2.56%,0.00%,,,,,,,,,
KINE-215-501,14,4,1,0,0,19,3.684,0,0,0,1,0,20,CAMPBELL A
"",73.68%,21.05%,5.26%,0.00%,0.00%,,,,,,,,,
KINE-215-502,5,5,0,0,2,12,2.916,0,0,0,1,0,13,CAMPBELL A
"",41.67%,41.67%,0.00%,0.00%,16.67%,,,,,,,,,
KINE-215-503,21,0,0,0,1,22,3.818,0,0,0,1,0,23,THORNTON M
"",95.45%,0.00%,0.00%,0.00%,4.55%,,,,,,,,,
COURSE TOTAL:,40,9,1,0,3,53,3.566,0,0,0,3,0,56,
"",75.47%,16.98%,1.89%,0.00%,5.66%,,,,,,,,,
KINE-223-002,24,4,1,0,1,30,3.666,0,0,0,0,0,30,WIMER D
"",80.00%,13.33%,3.33%,0.00%,3.33%,,,,,,,,,
KINE-223-006,11,5,2,0,0,18,3.500,0,0,0,1,0,19,WOODARD D
"",61.11%,27.78%,11.11%,0.00%,0.00%,,,,,,,,,
KINE-223-011,25,3,3,0,0,31,3.709,0,0,0,0,0,31,SLAGEL K
"",80.65%,9.68%,9.68%,0.00%,0.00%,,,,,,,,,
KINE-223-012,29,1,1,1,0,32,3.812,0,0,0,0,0,32,SLAGEL K
"",90.63%,3.13%,3.13%,3.13%,0.00%,,,,,,,,,
KINE-223-013,23,6,1,1,1,32,3.531,0,0,0,0,0,32,SLAGEL K
"",71.88%,18.75%,3.13%,3.13%,3.13%,,,,,,,,,
KINE-223-014,16,5,1,1,0,23,3.565,0,0,0,0,0,23,BYRNE K
"",69.57%,21.74%,4.35%,4.35%,0.00%,,,,,,,,,
KINE-223-015,20,2,1,0,1,24,3.666,0,0,0,0,0,24,SIMMONS K
"",83.33%,8.33%,4.17%,0.00%,4.17%,,,,,,,,,
KINE-223-017,22,4,1,0,0,27,3.777,0,0,0,1,0,28,WOLFE J
"",81.48%,14.81%,3.70%,0.00%,0.00%,,,,,,,,,
KINE-223-018,20,5,1,0,0,26,3.730,0,0,0,1,0,27,WOLFE J
"",76.92%,19.23%,3.85%,0.00%,0.00%,,,,,,,,,
KINE-223-021,28,4,0,0,0,32,3.875,0,0,0,0,0,32,WRIGHT M
"",87.50%,12.50%,0.00%,0.00%,0.00%,,,,,,,,,
KINE-223-022,15,6,1,0,0,22,3.636,0,0,0,0,0,22,NETHERLAND B
"",68.18%,27.27%,4.55%,0.00%,0.00%,,,,,,,,,
KINE-223-025,19,1,3,0,0,23,3.695,0,0,0,1,0,24,TYSON L
"",82.61%,4.35%,13.04%,0.00%,0.00%,,,,,,,,,
KINE-223-026,20,4,0,0,0,24,3.833,0,0,0,0,0,24,TAGGART A
"",83.33%,16.67%,0.00%,0.00%,0.00%,,,,,,,,,
KINE-223-028,22,3,2,0,2,29,3.482,0,0,0,3,0,32,GOMEZ D
"",75.86%,10.34%,6.90%,0.00%,6.90%,,,,,,,,,
KINE-223-030,22,6,1,0,1,30,3.600,0,0,0,0,0,30,SZURA J
"",73.33%,20.00%,3.33%,0.00%,3.33%,,,,,,,,,
KINE-223-031,21,2,1,0,0,24,3.833,0,0,0,0,0,24,HANIK M
"",87.50%,8.33%,4.17%,0.00%,0.00%,,,,,,,,,
KINE-223-033,19,3,1,0,1,24,3.625,0,0,0,0,0,24,BYRNE K
"",79.17%,12.50%,4.17%,0.00%,4.17%,,,,,,,,,
KINE-223-035,22,3,1,0,2,28,3.535,0,0,0,0,0,28,WOODARD D
"",78.57%,10.71%,3.57%,0.00%,7.14%,,,,,,,,,
KINE-223-036,25,2,0,0,0,27,3.925,1,0,0,0,0,28,KUPPERSMITH N
"",92.59%,7.41%,0.00%,0.00%,0.00%,,,,,,,,,
KINE-223-039,17,8,2,0,0,27,3.555,0,0,0,0,0,27,CAMPBELL A
"",62.96%,29.63%,7.41%,0.00%,0.00%,,,,,,,,,
KINE-223-046,19,5,0,0,0,24,3.791,0,0,0,0,0,24,ISENHART M
"",79.17%,20.83%,0.00%,0.00%,0.00%,,,,,,,,,
KINE-223-049,24,8,0,0,0,32,3.750,0,0,0,0,0,32,HANIK M
"",75.00%,25.00%,0.00%,0.00%,0.00%,,,,,,,,,
KINE-223-053,15,10,5,1,0,31,3.258,0,0,0,1,0,32,CAMPBELL A
"",48.39%,32.26%,16.13%,3.23%,0.00%,,,,,,,,,
KINE-223-059,17,7,0,0,1,25,3.560,0,0,0,1,0,26,SIMMONS K
"",68.00%,28.00%,0.00%,0.00%,4.00%,,,,,,,,,
KINE-223-060,22,4,1,0,0,27,3.777,0,0,0,1,0,28,DIXON S
"",81.48%,14.81%,3.70%,0.00%,0.00%,,,,,,,,,
KINE-223-061,24,3,0,0,0,27,3.888,1,0,0,0,0,28,MCGOWAN A
"",88.89%,11.11%,0.00%,0.00%,0.00%,,,,,,,,,
KINE-223-081,8,13,4,2,0,27,3.000,0,0,0,0,0,27,ALVAREZ A
"",29.63%,48.15%,14.81%,7.41%,0.00%,,,,,,,,,
KINE-223-084,26,5,0,0,1,32,3.718,0,0,0,0,0,32,DIXON S
"",81.25%,15.63%,0.00%,0.00%,3.13%,,,,,,,,,
KINE-223-089,23,4,4,0,0,31,3.612,0,0,0,1,0,32,LOCKLEAR A
"",74.19%,12.90%,12.90%,0.00%,0.00%,,,,,,,,,
KINE-223-090,23,6,2,0,1,32,3.562,0,0,0,0,0,32,ISENHART M
"",71.88%,18.75%,6.25%,0.00%,3.13%,,,,,,,,,
KINE-223-092,24,2,2,0,2,30,3.533,0,0,0,1,0,31,NETHERLAND B
"",80.00%,6.67%,6.67%,0.00%,6.67%,,,,,,,,,
KINE-223-096,26,2,1,0,0,29,3.862,0,0,0,0,0,29,KUPPERSMITH N
"",89.66%,6.90%,3.45%,0.00%,0.00%,,,,,,,,,
KINE-223-097,22,4,0,0,0,26,3.846,0,0,0,0,0,26,KUPPERSMITH N
"",84.62%,15.38%,0.00%,0.00%,0.00%,,,,,,,,,
KINE-223-701,20,7,0,0,0,27,3.740,0,0,0,1,0,28,SIMMONS K
"",74.07%,25.93%,0.00%,0.00%,0.00%,,,,,,,,,
KINE-223-703,28,2,2,0,0,32,3.812,0,0,0,0,0,32,MAREK K
"",87.50%,6.25%,6.25%,0.00%,0.00%,,,,,,,,,
KINE-223-708,31,0,0,1,0,32,3.906,0,0,0,0,0,32,MAREK K
"",96.88%,0.00%,0.00%,3.13%,0.00%,,,,,,,,,
KINE-223-709,11,8,3,1,0,23,3.260,0,0,0,0,0,23,BREKKEN K
"",47.83%,34.78%,13.04%,4.35%,0.00%,,,,,,,,,
COURSE TOTAL:,783,167,48,8,14,1020,3.663,2,0,0,13,0,1035,
"",76.76%,16.37%,4.71%,0.78%,1.37%,,,,,,,,,
KINE-282-002,23,5,2,2,0,32,3.531,0,0,0,0,0,32,DROLESKEY S
"",71.88%,15.63%,6.25%,6.25%,0.00%,,,,,,,,,
KINE-282-006,19,7,5,0,1,32,3.343,0,0,0,0,0,32,LOCKLEAR A
"",59.38%,21.88%,15.63%,0.00%,3.13%,,,,,,,,,
COURSE TOTAL:,42,12,7,2,1,64,3.437,0,0,0,0,0,64,
"",65.63%,18.75%,10.94%,3.13%,1.56%,,,,,,,,,
KINE-285-502,11,0,0,0,0,11,4.000,0,0,0,0,0,11,GOMEZ D
"",100.00%,0.00%,0.00%,0.00%,0.00%,,,,,,,,,
KINE-285-540,25,1,0,0,0,26,3.960,0,0,0,0,0,26,LOCKLEAR A
"",96.15%,3.85%,0.00%,0.00%,0.00%,,,,,,,,,
COURSE TOTAL:,36,1,0,0,0,37,3.972,0,0,0,0,0,37,
"",97.30%,2.70%,0.00%,0.00%,0.00%,,,,,,,,,
KINE-302-501,6,0,0,0,0,6,4.000,0,0,0,0,0,6,DEWANDEL S
"",100.00%,0.00%,0.00%,0.00%,0.00%,,,,,,,,,
COURSE TOTAL:,6,0,0,0,0,6,4.000,0,0,0,0,0,6,
"",100.00%,0.00%,0.00%,0.00%,0.00%,,,,,,,,,
KINE-305-501,31,22,1,0,0,54,3.555,0,0,0,2,0,56,KREIDER R
"",57.41%,40.74%,1.85%,0.00%,0.00%,,,,,,,,,
COURSE TOTAL:,31,22,1,0,0,54,3.555,0,0,0,2,0,56,
"",57.41%,40.74%,1.85%,0.00%,0.00%,,,,,,,,,
KINE-307-501,25,6,3,1,0,35,3.571,0,0,0,2,0,37,LIU J
"",71.43%,17.14%,8.57%,2.86%,0.00%,,,,,,,,,
KINE-307-503,21,18,0,0,1,40,3.450,0,0,0,0,0,40,KENNEDY D
"",52.50%,45.00%,0.00%,0.00%,2.50%,,,,,,,,,
KINE-307-598,30,7,1,1,0,39,3.692,0,0,0,1,0,40,KENNEDY D
"",76.92%,17.95%,2.56%,2.56%,0.00%,,,,,,,,,
KINE-307-599,24,11,4,0,1,40,3.425,0,0,0,0,0,40,XIANG P
"",60.00%,27.50%,10.00%,0.00%,2.50%,,,,,,,,,
COURSE TOTAL:,100,42,8,2,2,154,3.532,0,0,0,3,0,157,
"",64.94%,27.27%,5.19%,1.30%,1.30%,,,,,,,,,
KINE-312-501,15,8,1,0,0,24,3.583,0,0,0,0,0,24,WRIGHT M
"",62.50%,33.33%,4.17%,0.00%,0.00%,,,,,,,,,
COURSE TOTAL:,15,8,1,0,0,24,3.583,0,0,0,0,0,24,
"",62.50%,33.33%,4.17%,0.00%,0.00%,,,,,,,,,
KINE-314-500,17,3,0,0,0,20,3.850,0,0,0,0,0,20,HANIK M
"",85.00%,15.00%,0.00%,0.00%,0.00%,,,,,,,,,
COURSE TOTAL:,17,3,0,0,0,20,3.850,0,0,0,0,0,20,
"",85.00%,15.00%,0.00%,0.00%,0.00%,,,,,,,,,
KINE-318-501,32,29,14,3,2,80,3.075,0,0,0,2,0,82,KNIFFIN D
"",40.00%,36.25%,17.50%,3.75%,2.50%,,,,,,,,,
KINE-318-502,48,27,10,2,0,87,3.390,0,0,0,3,0,90,KNIFFIN D
"",55.17%,31.03%,11.49%,2.30%,0.00%,,,,,,,,,
COURSE TOTAL:,80,56,24,5,2,167,3.239,0,0,0,5,0,172,
"",47.90%,33.53%,14.37%,2.99%,1.20%,,,,,,,,,
KINE-324-501,38,4,2,0,1,45,3.733,0,0,0,0,0,45,THORNTON M
"",84.44%,8.89%,4.44%,0.00%,2.22%,,,,,,,,,
COURSE TOTAL:,38,4,2,0,1,45,3.733,0,0,0,0,0,45,
"",84.44%,8.89%,4.44%,0.00%,2.22%,,,,,,,,,
KINE-335-500,14,8,2,0,0,24,3.500,0,0,0,0,0,24,TYSON L
"",58.33%,33.33%,8.33%,0.00%,0.00%,,,,,,,,,
COURSE TOTAL:,14,8,2,0,0,24,3.500,0,0,0,0,0,24,
"",58.33%,33.33%,8.33%,0.00%,0.00%,,,,,,,,,
KINE-340-500,11,14,5,0,0,30,3.200,0,0,0,0,0,30,DIXON S
"",36.67%,46.67%,16.67%,0.00%,0.00%,,,,,,,,,
COURSE TOTAL:,11,14,5,0,0,30,3.200,0,0,0,0,0,30,
"",36.67%,46.67%,16.67%,0.00%,0.00%,,,,,,,,,
KINE-351-500,8,11,1,0,1,21,3.190,0,0,0,0,0,21,DIXON S
"",38.10%,52.38%,4.76%,0.00%,4.76%,,,,,,,,,
COURSE TOTAL:,8,11,1,0,1,21,3.190,0,0,0,0,0,21,
"",38.10%,52.38%,4.76%,0.00%,4.76%,,,,,,,,,
KINE-355-500,13,7,2,0,1,23,3.347,0,0,0,0,0,23,DIXON S
"",56.52%,30.43%,8.70%,0.00%,4.35%,,,,,,,,,
COURSE TOTAL:,13,7,2,0,1,23,3.347,0,0,0,0,0,23,
"",56.52%,30.43%,8.70%,0.00%,4.35%,,,,,,,,,
KINE-404-599,31,2,3,0,0,36,3.777,1,0,0,0,0,37,RIECHMAN S
"",86.11%,5.56%,8.33%,0.00%,0.00%,,,,,,,,,
COURSE TOTAL:,31,2,3,0,0,36,3.777,1,0,0,0,0,37,
"",86.11%,5.56%,8.33%,0.00%,0.00%,,,,,,,,,
KINE-406-501,8,17,14,0,0,39,2.846,1,0,0,4,0,44,WRIGHT D
"",20.51%,43.59%,35.90%,0.00%,0.00%,,,,,,,,,
KINE-406-502,21,22,2,0,0,45,3.422,0,0,0,0,0,45,KENNEDY D
"",46.67%,48.89%,4.44%,0.00%,0.00%,,,,,,,,,
KINE-406-503,8,19,4,3,0,34,2.941,0,0,0,4,0,38,BUCHANAN J
"",23.53%,55.88%,11.76%,8.82%,0.00%,,,,,,,,,
KINE-406-504,3,10,10,3,4,30,2.166,1,0,0,6,0,37,BUCHANAN J
"",10.00%,33.33%,33.33%,10.00%,13.33%,,,,,,,,,
COURSE TOTAL:,40,68,30,6,4,148,2.905,2,0,0,14,0,164,
"",27.03%,45.95%,20.27%,4.05%,2.70%,,,,,,,,,
KINE-407-901,12,8,2,0,0,22,3.454,0,0,0,0,0,22,HUYNH A
"",54.55%,36.36%,9.09%,0.00%,0.00%,,,,,,,,,
KINE-407-902,8,8,3,0,1,20,3.100,0,0,0,0,0,20,HUYNH A
"",40.00%,40.00%,15.00%,0.00%,5.00%,,,,,,,,,
KINE-407-903,17,4,1,0,0,22,3.727,0,0,0,0,0,22,LEONARD M
"",77.27%,18.18%,4.55%,0.00%,0.00%,,,,,,,,,
KINE-407-904,19,3,0,0,0,22,3.863,0,0,0,0,0,22,LEONARD M
"",86.36%,13.64%,0.00%,0.00%,0.00%,,,,,,,,,
KINE-407-905,2,12,6,0,0,20,2.800,0,0,0,1,0,21,ARMSTRONG E
"",10.00%,60.00%,30.00%,0.00%,0.00%,,,,,,,,,
KINE-407-906,5,15,2,0,0,22,3.136,0,0,0,0,0,22,ARMSTRONG E
"",22.73%,68.18%,9.09%,0.00%,0.00%,,,,,,,,,
KINE-407-907,21,0,1,0,0,22,3.909,0,0,0,0,0,22,MCNEW R
"",95.45%,0.00%,4.55%,0.00%,0.00%,,,,,,,,,
COURSE TOTAL:,84,50,15,0,1,150,3.440,0,0,0,1,0,151,
"",56.00%,33.33%,10.00%,0.00%,0.67%,,,,,,,,,
KINE-426-501,9,11,1,0,0,21,3.380,0,0,0,0,0,21,LEI Y
"",42.86%,52.38%,4.76%,0.00%,0.00%,,,,,,,,,
KINE-426-502,11,10,0,0,0,21,3.523,0,0,0,0,0,21,LEI Y
"",52.38%,47.62%,0.00%,0.00%,0.00%,,,,,,,,,
KINE-426-503,8,11,1,0,0,20,3.350,0,0,0,0,0,20,LEI Y
"",40.00%,55.00%,5.00%,0.00%,0.00%,,,,,,,,,
KINE-426-504,10,7,3,0,0,20,3.350,0,0,0,0,0,20,NORDIN A
"",50.00%,35.00%,15.00%,0.00%,0.00%,,,,,,,,,
KINE-426-505,2,8,10,0,0,20,2.600,0,0,0,0,0,20,NORDIN A
"",10.00%,40.00%,50.00%,0.00%,0.00%,,,,,,,,,
KINE-426-506,8,8,4,1,0,21,3.095,0,0,0,0,0,21,NORDIN A
"",38.10%,38.10%,19.05%,4.76%,0.00%,,,,,,,,,
KINE-426-507,10,6,4,0,0,20,3.300,0,0,0,0,0,20,LAWLER J
"",50.00%,30.00%,20.00%,0.00%,0.00%,,,,,,,,,
KINE-426-508,9,7,0,0,0,16,3.562,0,0,0,0,0,16,LAWLER J
"",56.25%,43.75%,0.00%,0.00%,0.00%,,,,,,,,,
KINE-426-509,9,7,1,0,0,17,3.470,0,0,0,0,0,17,LAWLER J
"",52.94%,41.18%,5.88%,0.00%,0.00%,,,,,,,,,
COURSE TOTAL:,76,75,24,1,0,176,3.284,0,0,0,0,0,176,
"",43.18%,42.61%,13.64%,0.57%,0.00%,,,,,,,,,
KINE-427-500,62,6,5,0,0,73,3.780,0,0,0,0,0,73,MORTON A
"",84.93%,8.22%,6.85%,0.00%,0.00%,,,,,,,,,
KINE-427-501,52,4,1,0,0,57,3.894,0,0,0,0,0,57,COLVIN L
"",91.23%,7.02%,1.75%,0.00%,0.00%,,,,,,,,,
COURSE TOTAL:,114,10,6,0,0,130,3.830,0,0,0,0,0,130,
"",87.69%,7.69%,4.62%,0.00%,0.00%,,,,,,,,,
KINE-429-500,6,0,0,0,0,6,4.000,0,0,0,0,0,6,COLVIN L
"",100.00%,0.00%,0.00%,0.00%,0.00%,,,,,,,,,
COURSE TOTAL:,6,0,0,0,0,6,4.000,0,0,0,0,0,6,
"",100.00%,0.00%,0.00%,0.00%,0.00%,,,,,,,,,
KINE-433-501,14,10,9,1,0,34,3.088,0,0,0,1,0,35,WOODMAN C
"",41.18%,29.41%,26.47%,2.94%,0.00%,,,,,,,,,
KINE-433-502,33,1,1,0,0,35,3.914,0,0,0,0,0,35,COLVIN L
"",94.29%,2.86%,2.86%,0.00%,0.00%,,,,,,,,,
KINE-433-503,15,13,7,0,0,35,3.228,0,0,0,0,0,35,MARTIN S
"",42.86%,37.14%,20.00%,0.00%,0.00%,,,,,,,,,
KINE-433-504,17,9,5,0,0,31,3.387,0,0,0,2,0,33,MORTON A
"",54.84%,29.03%,16.13%,0.00%,0.00%,,,,,,,,,
KINE-433-505,3,13,13,0,1,30,2.566,0,0,0,0,0,30,JANINI GOMES M
"",10.00%,43.33%,43.33%,0.00%,3.33%,,,,,,,,,
COURSE TOTAL:,82,46,35,1,1,165,3.254,0,0,0,3,0,168,
"",49.70%,27.88%,21.21%,0.61%,0.61%,,,,,,,,,
KINE-435-901,19,3,0,0,0,22,3.863,0,0,0,0,0,22,DICKERSON B
"",86.36%,13.64%,0.00%,0.00%,0.00%,,,,,,,,,
KINE-435-902,18,4,0,0,0,22,3.818,0,0,0,0,0,22,DICKERSON B
"",81.82%,18.18%,0.00%,0.00%,0.00%,,,,,,,,,
KINE-435-903,22,0,0,0,0,22,4.000,0,0,0,0,0,22,GONZALEZ A
"",100.00%,0.00%,0.00%,0.00%,0.00%,,,,,,,,,
KINE-435-904,22,0,0,0,0,22,4.000,0,0,0,0,0,22,MOHAJERI A
"",100.00%,0.00%,0.00%,0.00%,0.00%,,,,,,,,,
KINE-435-905,20,2,0,0,0,22,3.909,0,0,0,0,0,22,MOHAJERI A
"",90.91%,9.09%,0.00%,0.00%,0.00%,,,,,,,,,
KINE-435-906,22,0,0,0,0,22,4.000,0,0,0,0,0,22,GONZALEZ A
"",100.00%,0.00%,0.00%,0.00%,0.00%,,,,,,,,,
KINE-435-907,21,1,0,0,0,22,3.954,0,0,0,0,0,22,DEWANDEL S
"",95.45%,4.55%,0.00%,0.00%,0.00%,,,,,,,,,
COURSE TOTAL:,144,10,0,0,0,154,3.935,0,0,0,0,0,154,
"",93.51%,6.49%,0.00%,0.00%,0.00%,,,,,,,,,
KINE-439-900,11,11,0,0,0,22,3.500,0,0,0,0,0,22,MARTIN S
"",50.00%,50.00%,0.00%,0.00%,0.00%,,,,,,,,,
COURSE TOTAL:,11,11,0,0,0,22,3.500,0,0,0,0,0,22,
"",50.00%,50.00%,0.00%,0.00%,0.00%,,,,,,,,,
KINE-483-501,10,0,0,0,0,10,4.000,0,0,0,0,0,10,MARTIN S
"",100.00%,0.00%,0.00%,0.00%,0.00%,,,,,,,,,
COURSE TOTAL:,10,0,0,0,0,10,4.000,0,0,0,0,0,10,
"",100.00%,0.00%,0.00%,0.00%,0.00%,,,,,,,,,
KINE-484-500,12,0,0,0,0,12,4.000,0,0,0,0,0,12,MARTIN S
"",100.00%,0.00%,0.00%,0.00%,0.00%,,,,,,,,,
COURSE TOTAL:,12,0,0,0,0,12,4.000,0,0,0,0,0,12,
"",100.00%,0.00%,0.00%,0.00%,0.00%,,,,,,,,,
KINE-491-508,5,0,0,0,0,5,4.000,0,0,0,0,0,5,KENNEDY D
"",100.00%,0.00%,0.00%,0.00%,0.00%,,,,,,,,,
KINE-491-511,7,0,0,0,0,7,4.000,0,0,0,0,0,7,ENGELEN M
"",100.00%,0.00%,0.00%,0.00%,0.00%,,,,,,,,,
COURSE TOTAL:,12,0,0,0,0,12,4.000,0,0,0,0,0,12,
"",100.00%,0.00%,0.00%,0.00%,0.00%,,,,,,,,,
KINE-601-600,6,1,0,0,0,7,3.857,0,0,0,0,0,7,ENGELEN M
"",85.71%,14.29%,0.00%,0.00%,0.00%,,,,,,,,,
COURSE TOTAL:,6,1,0,0,0,7,3.857,0,0,0,0,0,7,
"",85.71%,14.29%,0.00%,0.00%,0.00%,,,,,,,,,
KINE-626-600,9,1,1,0,0,11,3.727,0,0,0,0,0,11,WOODMAN C
"",81.82%,9.09%,9.09%,0.00%,0.00%,,,,,,,,,
COURSE TOTAL:,9,1,1,0,0,11,3.727,0,0,0,0,0,11,
"",81.82%,9.09%,9.09%,0.00%,0.00%,,,,,,,,,
KINE-627-600,8,0,2,0,0,10,3.600,0,0,0,0,0,10,NORDIN A
"",80.00%,0.00%,20.00%,0.00%,0.00%,,,,,,,,,
COURSE TOTAL:,8,0,2,0,0,10,3.600,0,0,0,0,0,10,
"",80.00%,0.00%,20.00%,0.00%,0.00%,,,,,,,,,
KINE-629-601,16,0,1,0,0,17,3.882,0,0,0,0,0,17,COLVIN L
"",94.12%,0.00%,5.88%,0.00%,0.00%,,,,,,,,,
COURSE TOTAL:,16,0,1,0,0,17,3.882,0,0,0,0,0,17,
"",94.12%,0.00%,5.88%,0.00%,0.00%,,,,,,,,,
KINE-637-600,24,2,0,0,0,26,3.923,0,0,0,0,0,26,LAWLER J
"",92.31%,7.69%,0.00%,0.00%,0.00%,,,,,,,,,
COURSE TOTAL:,24,2,0,0,0,26,3.923,0,0,0,0,0,26,
"",92.31%,7.69%,0.00%,0.00%,0.00%,,,,,,,,,
KINE-639-600,11,0,0,0,0,11,4.000,0,0,0,0,0,11,MARTIN S
"",100.00%,0.00%,0.00%,0.00%,0.00%,,,,,,,,,
COURSE TOTAL:,11,0,0,0,0,11,4.000,0,0,0,0,0,11,
"",100.00%,0.00%,0.00%,0.00%,0.00%,,,,,,,,,
KINE-651-601,8,1,0,0,0,9,3.888,0,0,0,0,0,9,ENGELEN M
"",88.89%,11.11%,0.00%,0.00%,0.00%,,,,,,,,,
COURSE TOTAL:,8,1,0,0,0,9,3.888,0,0,0,0,0,9,
"",88.89%,11.11%,0.00%,0.00%,0.00%,,,,,,,,,
KINE-683-601,5,0,0,0,0,5,4.000,0,0,0,0,0,5,CENTINEO M
"",100.00%,0.00%,0.00%,0.00%,0.00%,,,,,,,,,
COURSE TOTAL:,5,0,0,0,0,5,4.000,0,0,0,0,0,5,
"",100.00%,0.00%,0.00%,0.00%,0.00%,,,,,,,,,
KINE-685-630,7,0,0,0,0,7,4.000,0,0,0,0,0,7,RIECHMAN S
"",100.00%,0.00%,0.00%,0.00%,0.00%,,,,,,,,,
COURSE TOTAL:,7,0,0,0,0,7,4.000,0,0,0,0,0,7,
"",100.00%,0.00%,0.00%,0.00%,0.00%,,,,,,,,,
KNFB-324-500,8,0,0,0,0,8,4.000,0,0,0,0,0,8,LIU J
"",100.00%,0.00%,0.00%,0.00%,0.00%,,,,,,,,,
COURSE TOTAL:,8,0,0,0,0,8,4.000,0,0,0,0,0,8,
"",100.00%,0.00%,0.00%,0.00%,0.00%,,,,,,,,,
SPMT-220-299,30,0,0,0,0,30,4.000,0,0,0,0,0,30,CHATZIEFSTATHIOU D
"",100.00%,0.00%,0.00%,0.00%,0.00%,,,,,,,,,
SPMT-220-500,27,21,2,0,0,50,3.500,0,0,0,0,0,50,KEIPER P
"",54.00%,42.00%,4.00%,0.00%,0.00%,,,,,,,,,
SPMT-220-598,95,20,6,1,0,122,3.713,0,0,0,2,0,124,ALTINER B
"",77.87%,16.39%,4.92%,0.82%,0.00%,,,,,,,,,
SPMT-220-599,91,30,2,0,1,124,3.693,0,0,0,0,0,124,KEIPER P
"",73.39%,24.19%,1.61%,0.00%,0.81%,,,,,,,,,
COURSE TOTAL:,243,71,10,1,1,326,3.699,0,0,0,2,0,328,
"",74.54%,21.78%,3.07%,0.31%,0.31%,,,,,,,,,
SPMT-230-599,18,6,1,0,0,25,3.680,0,0,0,0,0,25,GUINN J
"",72.00%,24.00%,4.00%,0.00%,0.00%,,,,,,,,,
COURSE TOTAL:,18,6,1,0,0,25,3.680,0,0,0,0,0,25,
"",72.00%,24.00%,4.00%,0.00%,0.00%,,,,,,,,,
SPMT-260-599,30,51,29,5,1,116,2.896,0,0,0,4,0,120,GRIZZARD B
"",25.86%,43.97%,25.00%,4.31%,0.86%,,,,,,,,,
SPMT-260-700,15,9,0,0,0,24,3.625,0,0,0,1,0,25,GRIZZARD B
"",62.50%,37.50%,0.00%,0.00%,0.00%,,,,,,,,,
COURSE TOTAL:,45,60,29,5,1,140,3.021,0,0,0,5,0,145,
"",32.14%,42.86%,20.71%,3.57%,0.71%,,,,,,,,,
SPMT-262-500,52,30,10,2,0,94,3.404,0,0,0,0,0,94,KEIPER P
"",55.32%,31.91%,10.64%,2.13%,0.00%,,,,,,,,,
SPMT-262-501,23,19,6,0,2,50,3.220,0,0,0,2,0,52,MALCOMB H
"",46.00%,38.00%,12.00%,0.00%,4.00%,,,,,,,,,
COURSE TOTAL:,75,49,16,2,2,144,3.340,0,0,0,2,0,146,
"",52.08%,34.03%,11.11%,1.39%,1.39%,,,,,,,,,
SPMT-265-901,8,2,2,0,3,15,2.800,0,0,0,0,0,15,ZIMMER W
"",53.33%,13.33%,13.33%,0.00%,20.00%,,,,,,,,,
SPMT-265-902,15,3,1,0,0,19,3.736,0,0,0,0,0,19,ZIMMER W
"",78.95%,15.79%,5.26%,0.00%,0.00%,,,,,,,,,
SPMT-265-903,11,5,1,0,0,17,3.588,0,0,0,1,0,18,ZIMMER W
"",64.71%,29.41%,5.88%,0.00%,0.00%,,,,,,,,,
SPMT-265-904,16,2,0,0,2,20,3.500,0,0,0,0,0,20,ZIMMER W
"",80.00%,10.00%,0.00%,0.00%,10.00%,,,,,,,,,
SPMT-265-905,7,7,1,0,1,16,3.187,0,0,0,2,0,18,ZIMMER W
"",43.75%,43.75%,6.25%,0.00%,6.25%,,,,,,,,,
SPMT-265-906,16,2,1,0,0,19,3.789,0,0,0,0,0,19,ZIMMER W
"",84.21%,10.53%,5.26%,0.00%,0.00%,,,,,,,,,
COURSE TOTAL:,73,21,6,0,6,106,3.462,0,0,0,3,0,109,
"",68.87%,19.81%,5.66%,0.00%,5.66%,,,,,,,,,
SPMT-270-599,29,58,29,10,2,128,2.796,0,0,0,0,0,128,UHM J
"",22.66%,45.31%,22.66%,7.81%,1.56%,,,,,,,,,
SPMT-270-700,12,7,3,0,0,22,3.409,0,0,0,2,0,24,UHM J
"",54.55%,31.82%,13.64%,0.00%,0.00%,,,,,,,,,
COURSE TOTAL:,41,65,32,10,2,150,2.886,0,0,0,2,0,152,
"",27.33%,43.33%,21.33%,6.67%,1.33%,,,,,,,,,
SPMT-272-500,38,11,2,0,1,52,3.634,0,0,0,0,0,52,HEIDTKE J
"",73.08%,21.15%,3.85%,0.00%,1.92%,,,,,,,,,
SPMT-272-501,65,18,8,1,1,93,3.559,0,0,0,0,0,93,ALTINER B
"",69.89%,19.35%,8.60%,1.08%,1.08%,,,,,,,,,
COURSE TOTAL:,103,29,10,1,2,145,3.586,0,0,0,0,0,145,
"",71.03%,20.00%,6.90%,0.69%,1.38%,,,,,,,,,
SPMT-285-536,12,0,0,0,0,12,4.000,0,0,0,0,0,12,GOMEZ D
"",100.00%,0.00%,0.00%,0.00%,0.00%,,,,,,,,,
COURSE TOTAL:,12,0,0,0,0,12,4.000,0,0,0,0,0,12,
"",100.00%,0.00%,0.00%,0.00%,0.00%,,,,,,,,,
SPMT-295-500,19,13,6,0,0,38,3.342,0,0,0,3,0,41,JONES K
"",50.00%,34.21%,15.79%,0.00%,0.00%,,,,,,,,,
SPMT-295-501,8,9,8,2,0,27,2.851,0,0,0,3,0,30,JONES K
"",29.63%,33.33%,29.63%,7.41%,0.00%,,,,,,,,,
SPMT-295-502,25,9,4,0,2,40,3.375,0,0,0,3,0,43,JONES K
"",62.50%,22.50%,10.00%,0.00%,5.00%,,,,,,,,,
COURSE TOTAL:,52,31,18,2,2,105,3.228,0,0,0,9,0,114,
"",49.52%,29.52%,17.14%,1.90%,1.90%,,,,,,,,,
SPMT-304-599,124,54,17,0,1,196,3.530,0,0,0,3,0,199,FULK C
"",63.27%,27.55%,8.67%,0.00%,0.51%,,,,,,,,,
SPMT-304-700,33,1,1,0,2,37,3.914,0,0,0,0,0,37,ALTINER B
"",89.19%,2.70%,2.70%,0.00%,5.41%,,,,,,,,,
COURSE TOTAL:,157,55,18,0,3,233,3.588,0,0,0,3,0,236,
"",67.38%,23.61%,7.73%,0.00%,1.29%,,,,,,,,,
SPMT-319-500,13,16,8,1,0,38,3.078,0,0,0,0,0,38,WALTEMYER D
"",34.21%,42.11%,21.05%,2.63%,0.00%,,,,,,,,,
SPMT-319-599,144,58,24,5,8,239,3.359,0,0,0,9,0,248,ALANIS M
"",60.25%,24.27%,10.04%,2.09%,3.35%,,,,,,,,,
SPMT-319-700,20,13,0,1,0,34,3.529,0,0,0,2,0,36,ALANIS M
"",58.82%,38.24%,0.00%,2.94%,0.00%,,,,,,,,,
COURSE TOTAL:,177,87,32,7,8,311,3.344,0,0,0,11,0,322,
"",56.91%,27.97%,10.29%,2.25%,2.57%,,,,,,,,,
SPMT-330-599,24,1,0,0,0,25,3.960,0,0,0,0,0,25,GUINN J
"",96.00%,4.00%,0.00%,0.00%,0.00%,,,,,,,,,
COURSE TOTAL:,24,1,0,0,0,25,3.960,0,0,0,0,0,25,
"",96.00%,4.00%,0.00%,0.00%,0.00%,,,,,,,,,
SPMT-336-500,16,13,3,1,0,33,3.333,0,0,0,1,0,34,ALANIS M
"",48.48%,39.39%,9.09%,3.03%,0.00%,,,,,,,,,
SPMT-336-599,134,6,5,0,2,147,3.836,0,0,0,2,0,149,MURFREE J
"",91.16%,4.08%,3.40%,0.00%,1.36%,,,,,,,,,
SPMT-336-700,28,9,1,0,0,38,3.710,0,0,0,0,0,38,FULK C
"",73.68%,23.68%,2.63%,0.00%,0.00%,,,,,,,,,
COURSE TOTAL:,178,28,9,1,2,218,3.738,0,0,0,3,0,221,
"",81.65%,12.84%,4.13%,0.46%,0.92%,,,,,,,,,
SPMT-337-599,217,27,4,2,0,250,3.836,0,0,0,2,0,252,MCCULLOUGH B
"",86.80%,10.80%,1.60%,0.80%,0.00%,,,,,,,,,
SPMT-337-700,76,8,0,0,0,84,3.904,0,0,0,4,0,88,MCCULLOUGH B
"",90.48%,9.52%,0.00%,0.00%,0.00%,,,,,,,,,
COURSE TOTAL:,293,35,4,2,0,334,3.853,0,0,0,6,0,340,
"",87.72%,10.48%,1.20%,0.60%,0.00%,,,,,,,,,
SPMT-340-599,27,19,13,1,1,61,3.147,1,0,0,3,0,65,ZIMMER W
"",44.26%,31.15%,21.31%,1.64%,1.64%,,,,,,,,,
SPMT-340-700,14,5,1,0,0,20,3.650,0,0,0,2,0,22,HILL J
"",70.00%,25.00%,5.00%,0.00%,0.00%,,,,,,,,,
COURSE TOTAL:,41,24,14,1,1,81,3.271,1,0,0,5,0,87,
"",50.62%,29.63%,17.28%,1.23%,1.23%,,,,,,,,,
SPMT-360-500,28,11,0,0,1,40,3.625,0,0,0,0,0,40,FULK C
"",70.00%,27.50%,0.00%,0.00%,2.50%,,,,,,,,,
SPMT-360-501,36,3,0,1,0,40,3.850,0,0,0,0,0,40,GUINN J
"",90.00%,7.50%,0.00%,2.50%,0.00%,,,,,,,,,
SPMT-360-502,25,11,3,0,1,40,3.475,0,0,0,0,0,40,LASOTA M
"",62.50%,27.50%,7.50%,0.00%,2.50%,,,,,,,,,
COURSE TOTAL:,89,25,3,1,2,120,3.650,0,0,0,0,0,120,
"",74.17%,20.83%,2.50%,0.83%,1.67%,,,,,,,,,
SPMT-362-500,24,8,3,1,1,37,3.432,0,0,0,0,0,37,LASOTA M
"",64.86%,21.62%,8.11%,2.70%,2.70%,,,,,,,,,
SPMT-362-501,24,14,1,0,0,39,3.589,0,0,0,0,0,39,LASOTA M
"",61.54%,35.90%,2.56%,0.00%,0.00%,,,,,,,,,
SPMT-362-502,26,10,2,0,0,38,3.631,0,0,0,0,0,38,NITE K
"",68.42%,26.32%,5.26%,0.00%,0.00%,,,,,,,,,
COURSE TOTAL:,74,32,6,1,1,114,3.552,0,0,0,0,0,114,
"",64.91%,28.07%,5.26%,0.88%,0.88%,,,,,,,,,
SPMT-364-500,22,14,0,0,1,37,3.513,0,0,0,0,0,37,LASOTA M
"",59.46%,37.84%,0.00%,0.00%,2.70%,,,,,,,,,
SPMT-364-501,26,10,3,0,0,39,3.589,0,0,0,0,0,39,LASOTA M
"",66.67%,25.64%,7.69%,0.00%,0.00%,,,,,,,,,
SPMT-364-502,14,17,1,0,0,32,3.406,0,0,0,0,0,32,UHM J
"",43.75%,53.13%,3.13%,0.00%,0.00%,,,,,,,,,
COURSE TOTAL:,62,41,4,0,1,108,3.509,0,0,0,0,0,108,
"",57.41%,37.96%,3.70%,0.00%,0.93%,,,,,,,,,
SPMT-366-500,37,3,0,0,0,40,3.925,0,0,0,0,0,40,MCCULLOUGH B
"",92.50%,7.50%,0.00%,0.00%,0.00%,,,,,,,,,
SPMT-366-501,30,0,0,0,0,30,4.000,0,0,0,0,0,30,SULLINS A
"",100.00%,0.00%,0.00%,0.00%,0.00%,,,,,,,,,
SPMT-366-502,10,7,2,0,0,19,3.421,0,0,0,1,0,20,HARRIS H
"",52.63%,36.84%,10.53%,0.00%,0.00%,,,,,,,,,
COURSE TOTAL:,77,10,2,0,0,89,3.842,0,0,0,1,0,90,
"",86.52%,11.24%,2.25%,0.00%,0.00%,,,,,,,,,
SPMT-370-900,8,7,2,1,0,18,3.222,0,0,0,0,0,18,WALTEMYER D
"",44.44%,38.89%,11.11%,5.56%,0.00%,,,,,,,,,
SPMT-370-901,15,4,1,0,0,20,3.700,0,0,0,0,0,20,BENNETT G
"",75.00%,20.00%,5.00%,0.00%,0.00%,,,,,,,,,
SPMT-370-902,7,7,5,0,0,19,3.105,0,0,0,0,0,19,WALTEMYER D
"",36.84%,36.84%,26.32%,0.00%,0.00%,,,,,,,,,
SPMT-370-903,15,5,0,0,0,20,3.750,0,0,0,0,0,20,BALL J
"",75.00%,25.00%,0.00%,0.00%,0.00%,,,,,,,,,
SPMT-370-904,9,7,2,0,0,18,3.388,0,0,0,0,0,18,HILL J
"",50.00%,38.89%,11.11%,0.00%,0.00%,,,,,,,,,
SPMT-370-905,10,7,2,0,0,19,3.421,0,0,0,0,0,19,HILL J
"",52.63%,36.84%,10.53%,0.00%,0.00%,,,,,,,,,
COURSE TOTAL:,64,37,12,1,0,114,3.438,0,0,0,0,0,114,
"",56.14%,32.46%,10.53%,0.88%,0.00%,,,,,,,,,
SPMT-372-500,35,6,2,0,0,43,3.767,0,0,0,0,0,43,BRISON N
"",81.40%,13.95%,4.65%,0.00%,0.00%,,,,,,,,,
SPMT-372-501,10,20,6,0,0,36,3.111,0,0,0,1,0,37,HUDSON S
"",27.78%,55.56%,16.67%,0.00%,0.00%,,,,,,,,,
SPMT-372-502,14,18,5,0,0,37,3.243,0,0,0,0,0,37,HUDSON S
"",37.84%,48.65%,13.51%,0.00%,0.00%,,,,,,,,,
COURSE TOTAL:,59,44,13,0,0,116,3.396,0,0,0,1,0,117,
"",50.86%,37.93%,11.21%,0.00%,0.00%,,,,,,,,,
SPMT-374-500,30,10,0,0,0,40,3.750,0,0,0,0,0,40,GUINN J
"",75.00%,25.00%,0.00%,0.00%,0.00%,,,,,,,,,
SPMT-374-501,12,9,4,0,1,26,3.192,0,0,0,0,0,26,GUINN J
"",46.15%,34.62%,15.38%,0.00%,3.85%,,,,,,,,,
SPMT-374-502,26,13,1,0,0,40,3.625,0,0,0,0,0,40,GUINN J
"",65.00%,32.50%,2.50%,0.00%,0.00%,,,,,,,,,
COURSE TOTAL:,68,32,5,0,1,106,3.566,0,0,0,0,0,106,
"",64.15%,30.19%,4.72%,0.00%,0.94%,,,,,,,,,
SPMT-402-500,4,9,2,0,1,16,2.937,0,0,0,0,0,16,HUDSON S
"",25.00%,56.25%,12.50%,0.00%,6.25%,,,,,,,,,
COURSE TOTAL:,4,9,2,0,1,16,2.937,0,0,0,0,0,16,
"",25.00%,56.25%,12.50%,0.00%,6.25%,,,,,,,,,
SPMT-421-501,10,1,1,0,0,12,3.750,1,0,0,0,0,13,BATISTA P
"",83.33%,8.33%,8.33%,0.00%,0.00%,,,,,,,,,
COURSE TOTAL:,10,1,1,0,0,12,3.750,1,0,0,0,0,13,
"",83.33%,8.33%,8.33%,0.00%,0.00%,,,,,,,,,
SPMT-450-500,4,0,0,0,2,6,2.666,0,0,0,0,0,6,GUINN J
"",66.67%,0.00%,0.00%,0.00%,33.33%,,,,,,,,,
COURSE TOTAL:,4,0,0,0,2,6,2.666,0,0,0,0,0,6,
"",66.67%,0.00%,0.00%,0.00%,33.33%,,,,,,,,,
SPMT-460-500,15,12,4,0,0,31,3.354,0,0,0,0,0,31,HARDIE A
"",48.39%,38.71%,12.90%,0.00%,0.00%,,,,,,,,,
SPMT-460-501,26,7,0,0,0,33,3.787,0,0,0,1,0,34,HUDSON S
"",78.79%,21.21%,0.00%,0.00%,0.00%,,,,,,,,,
COURSE TOTAL:,41,19,4,0,0,64,3.578,0,0,0,1,0,65,
"",64.06%,29.69%,6.25%,0.00%,0.00%,,,,,,,,,
SPMT-462-500,30,1,0,0,0,31,3.967,0,0,0,0,0,31,ELIOT J
"",96.77%,3.23%,0.00%,0.00%,0.00%,,,,,,,,,
SPMT-462-501,31,1,0,0,0,32,3.968,0,0,0,1,0,33,ELIOT J
"",96.88%,3.13%,0.00%,0.00%,0.00%,,,,,,,,,
COURSE TOTAL:,61,2,0,0,0,63,3.968,0,0,0,1,0,64,
"",96.83%,3.17%,0.00%,0.00%,0.00%,,,,,,,,,
SPMT-470-500,20,15,0,0,0,35,3.571,0,0,0,1,0,36,BENNETT G
"",57.14%,42.86%,0.00%,0.00%,0.00%,,,,,,,,,
SPMT-470-501,23,0,0,0,1,24,3.833,0,0,0,0,0,24,BRISON N
"",95.83%,0.00%,0.00%,0.00%,4.17%,,,,,,,,,
COURSE TOTAL:,43,15,0,0,1,59,3.677,0,0,0,1,0,60,
"",72.88%,25.42%,0.00%,0.00%,1.69%,,,,,,,,,
SPMT-472-500,31,1,0,0,0,32,3.968,0,0,0,0,0,32,ELIOT J
"",96.88%,3.13%,0.00%,0.00%,0.00%,,,,,,,,,
SPMT-472-501,28,1,1,0,0,30,3.900,0,0,0,1,0,31,ELIOT J
"",93.33%,3.33%,3.33%,0.00%,0.00%,,,,,,,,,
COURSE TOTAL:,59,2,1,0,0,62,3.935,0,0,0,1,0,63,
"",95.16%,3.23%,1.61%,0.00%,0.00%,,,,,,,,,
SPMT-481-500,8,1,0,0,1,10,3.500,0,0,0,1,0,11,GEYER B
"",80.00%,10.00%,0.00%,0.00%,10.00%,,,,,,,,,
SPMT-481-501,9,1,0,0,0,10,3.900,0,0,0,0,0,10,ZIMMER W
"",90.00%,10.00%,0.00%,0.00%,0.00%,,,,,,,,,
SPMT-481-502,11,0,0,0,0,11,4.000,0,0,0,0,0,11,KEIPER P
"",100.00%,0.00%,0.00%,0.00%,0.00%,,,,,,,,,
SPMT-481-597,8,1,0,0,0,9,3.888,0,0,0,1,0,10,WALTEMYER D
"",88.89%,11.11%,0.00%,0.00%,0.00%,,,,,,,,,
SPMT-481-598,6,2,1,0,0,9,3.555,0,0,0,0,0,9,BATISTA P
"",66.67%,22.22%,11.11%,0.00%,0.00%,,,,,,,,,
SPMT-481-599,1,13,4,1,1,20,2.600,0,0,0,2,0,22,OWIRO E
"",5.00%,65.00%,20.00%,5.00%,5.00%,,,,,,,,,
COURSE TOTAL:,43,18,5,1,2,69,3.434,0,0,0,4,0,73,
"",62.32%,26.09%,7.25%,1.45%,2.90%,,,,,,,,,
SPMT-482-901,2,2,4,0,0,8,2.750,0,0,0,1,0,9,JONES K
"",25.00%,25.00%,50.00%,0.00%,0.00%,,,,,,,,,
COURSE TOTAL:,2,2,4,0,0,8,2.750,0,0,0,1,0,9,
"",25.00%,25.00%,50.00%,0.00%,0.00%,,,,,,,,,
SPMT-484-501,16,0,0,0,0,16,4.000,0,0,0,0,0,16,HUDSON S
"",100.00%,0.00%,0.00%,0.00%,0.00%,,,,,,,,,
SPMT-484-551,7,2,0,0,0,9,3.777,0,0,0,0,0,9,HUDSON S
"",77.78%,22.22%,0.00%,0.00%,0.00%,,,,,,,,,
COURSE TOTAL:,23,2,0,0,0,25,3.920,0,0,0,0,0,25,
"",92.00%,8.00%,0.00%,0.00%,0.00%,,,,,,,,,
SPMT-491-503,4,0,1,0,1,6,3.000,0,0,0,0,0,6,ZIMMER W
"",66.67%,0.00%,16.67%,0.00%,16.67%,,,,,,,,,
COURSE TOTAL:,4,0,1,0,1,6,3.000,0,0,0,0,0,6,
"",66.67%,0.00%,16.67%,0.00%,16.67%,,,,,,,,,
SPMT-601-699,1,9,4,1,0,15,2.666,0,0,0,0,0,15,ANDERSON A
"",6.67%,60.00%,26.67%,6.67%,0.00%,,,,,,,,,
SPMT-601-700,10,9,5,0,0,24,3.208,0,0,0,2,0,26,ANDERSON A
"",41.67%,37.50%,20.83%,0.00%,0.00%,,,,,,,,,
COURSE TOTAL:,11,18,9,1,0,39,3.000,0,0,0,2,0,41,
"",28.21%,46.15%,23.08%,2.56%,0.00%,,,,,,,,,
SPMT-611-700,18,8,2,0,0,28,3.571,0,0,0,1,0,29,HODGE C
"",64.29%,28.57%,7.14%,0.00%,0.00%,,,,,,,,,
COURSE TOTAL:,18,8,2,0,0,28,3.571,0,0,0,1,0,29,
"",64.29%,28.57%,7.14%,0.00%,0.00%,,,,,,,,,
SPMT-612-600,15,2,0,0,1,18,3.666,0,0,0,0,0,18,NITE K
"",83.33%,11.11%,0.00%,0.00%,5.56%,,,,,,,,,
SPMT-612-700,21,8,2,1,0,32,3.531,0,0,0,0,0,32,HODGE C
"",65.63%,25.00%,6.25%,3.13%,0.00%,,,,,,,,,
COURSE TOTAL:,36,10,2,1,1,50,3.580,0,0,0,0,0,50,
"",72.00%,20.00%,4.00%,2.00%,2.00%,,,,,,,,,
SPMT-613-600,12,5,0,0,0,17,3.705,0,0,0,0,0,17,WALTEMYER D
"",70.59%,29.41%,0.00%,0.00%,0.00%,,,,,,,,,
SPMT-613-700,9,10,2,0,0,21,3.333,0,0,0,0,0,21,WALTEMYER D
"",42.86%,47.62%,9.52%,0.00%,0.00%,,,,,,,,,
COURSE TOTAL:,21,15,2,0,0,38,3.500,0,0,0,0,0,38,
"",55.26%,39.47%,5.26%,0.00%,0.00%,,,,,,,,,
SPMT-615-700,23,2,0,0,1,26,3.769,0,0,0,0,0,26,BALLOULI K
"",88.46%,7.69%,0.00%,0.00%,3.85%,,,,,,,,,
COURSE TOTAL:,23,2,0,0,1,26,3.769,0,0,0,0,0,26,
"",88.46%,7.69%,0.00%,0.00%,3.85%,,,,,,,,,
SPMT-623-699,6,2,0,0,0,8,3.750,0,0,0,0,0,8,HUDSON S
"",75.00%,25.00%,0.00%,0.00%,0.00%,,,,,,,,,
SPMT-623-700,11,9,1,1,0,22,3.363,0,0,0,1,0,23,HUDSON S
"",50.00%,40.91%,4.55%,4.55%,0.00%,,,,,,,,,
COURSE TOTAL:,17,11,1,1,0,30,3.466,0,0,0,1,0,31,
"",56.67%,36.67%,3.33%,3.33%,0.00%,,,,,,,,,
SPMT-646-699,9,3,0,0,0,12,3.750,0,0,0,0,0,12,BREITHAUPT C
"",75.00%,25.00%,0.00%,0.00%,0.00%,,,,,,,,,
SPMT-646-700,28,1,0,0,0,29,3.965,0,0,0,1,0,30,BREITHAUPT C
"",96.55%,3.45%,0.00%,0.00%,0.00%,,,,,,,,,
COURSE TOTAL:,37,4,0,0,0,41,3.902,0,0,0,1,0,42,
"",90.24%,9.76%,0.00%,0.00%,0.00%,,,,,,,,,
SPMT-682-603,6,4,0,0,0,10,3.600,0,0,0,0,0,10,MCCULLOUGH B
"",60.00%,40.00%,0.00%,0.00%,0.00%,,,,,,,,,
SPMT-682-604,6,4,0,0,0,10,3.600,0,0,0,0,0,10,MCCULLOUGH B
"",60.00%,40.00%,0.00%,0.00%,0.00%,,,,,,,,,
COURSE TOTAL:,12,8,0,0,0,20,3.600,00,,0,0,0,20,
"",60.00%,40.00%,0.00%,0.00%,0.00%,,,,,,,,,
SPMT-685-603,5,0,0,0,0,5,4.000,00,,0,0,0,5,BRISON N
"",100.00%,0.00%,0.00%,0.00%,0.00%,,,,,,,,,
SPMT-685-605,7,0,0,0,0,7,4.000,00,,0,0,0,7,MCCULLOUGH B
"",100.00%,0.00%,0.00%,0.00%,0.00%,,,,,,,,,
COURSE TOTAL:,12,0,0,0,0,12,4.000,00,,0,0,0,12,
"",100.00%,0.00%,0.00%,0.00%,0.00%,,,,,,,,,
DEPARTMENT TOTAL:,6991,1874,586,83,94,9628,3.580,18  1605,,33,278,0,11562,
"",72.61%,19.46%,6.09%,0.86%,0.98%,,,,,,,,,
CEHD-603-600,4,2,0,0,0,6,3.666,0,0,0,0,0,6,GOODSON P
"",66.67%,33.33%,0.00%,0.00%,0.00%,,,,,,,,,
COURSE TOTAL:,4,2,0,0,0,6,3.666,0,0,0,0,0,6,
"",66.67%,33.33%,0.00%,0.00%,0.00%,,,,,,,,,
DEPARTMENT TOTAL:,4,2,0,0,0,6,3.666,0,0,0,0,0,6,
"",66.67%,33.33%,0.00%,0.00%,0.00%,,,,,,,,,
EDCI-353-500,18,5,0,1,0,24,3.666,0,0,0,1,0,25,THOMAS R
"",75.00%,20.83%,0.00%,4.17%,0.00%,,,,,,,,,
EDCI-353-501,19,6,1,0,0,26,3.692,0,0,0,0,0,26,THOMAS R
"",73.08%,23.08%,3.85%,0.00%,0.00%,,,,,,,,,
EDCI-353-502,17,8,1,0,1,27,3.481,0,0,0,0,0,27,VIRURU R
"",62.96%,29.63%,3.70%,0.00%,3.70%,,,,,,,,,
EDCI-353-503,22,6,0,0,0,28,3.785,0,0,0,0,0,28,VIRURU R
"",78.57%,21.43%,0.00%,0.00%,0.00%,,,,,,,,,
COURSE TOTAL:,76,25,2,1,1,105,3.657,0,0,0,1,0,106,
"",72.38%,23.81%,1.90%,0.95%,0.95%,,,,,,,,,
EDCI-354-501,26,2,0,0,0,28,3.928,0,0,0,0,0,28,JOLLY A
"",92.86%,7.14%,0.00%,0.00%,0.00%,,,,,,,,,
EDCI-354-502,17,3,1,0,0,21,3.761,0,0,0,0,0,21,THOMAS R
"",80.95%,14.29%,4.76%,0.00%,0.00%,,,,,,,,,
EDCI-354-503,23,4,1,0,0,28,3.785,0,0,0,0,0,28,SHUMBERA K
"",82.14%,14.29%,3.57%,0.00%,0.00%,,,,,,,,,
EDCI-354-504,20,9,1,0,0,30,3.633,0,0,0,0,0,30,THOMAS R
"",66.67%,30.00%,3.33%,0.00%,0.00%,,,,,,,,,
EDCI-354-505,26,1,0,0,1,28,3.821,0,0,0,0,0,28,SHUMBERA K
"",92.86%,3.57%,0.00%,0.00%,3.57%,,,,,,,,,
EDCI-354-506,21,3,0,0,0,24,3.875,0,0,0,0,0,24,JOLLY A
"",87.50%,12.50%,0.00%,0.00%,0.00%,,,,,,,,,
COURSE TOTAL:,133,22,3,0,1,159,3.798,0,0,0,0,0,159,
"",83.65%,13.84%,1.89%,0.00%,0.63%,,,,,,,,,
EDCI-365-501,18,11,3,2,0,34,3.323,0,0,0,0,0,34,HAWK N
"",52.94%,32.35%,8.82%,5.88%,0.00%,,,,,,,,,
EDCI-365-503,22,10,2,0,2,36,3.388,0,0,0,0,0,36,HAWK N
"",61.11%,27.78%,5.56%,0.00%,5.56%,,,,,,,,,
EDCI-365-504,30,4,0,0,0,34,3.882,0,0,0,0,0,34,RIFE K
"",88.24%,11.76%,0.00%,0.00%,0.00%,,,,,,,,,
EDCI-365-505,32,0,0,0,0,32,4.000,0,0,0,0,0,32,ETCHELLS M
"",100.00%,0.00%,0.00%,0.00%,0.00%,,,,,,,,,
COURSE TOTAL:,102,25,5,2,2,136,3.639,0,0,0,0,0,136,
"",75.00%,18.38%,3.68%,1.47%,1.47%,,,,,,,,,
EDCI-601-700,15,1,0,0,0,16,3.937,1,0,0,0,0,17,VIRURU R
"",93.75%,6.25%,0.00%,0.00%,0.00%,,,,,,,,,
COURSE TOTAL:,15,1,0,0,0,16,3.937,1,0,0,0,0,17,
"",93.75%,6.25%,0.00%,0.00%,0.00%,,,,,,,,,
EDCI-602-600,6,0,0,0,0,6,4.000,0,0,0,0,0,6,OGLETREE Q
"",100.00%,0.00%,0.00%,0.00%,0.00%,,,,,,,,,
EDCI-602-700,12,0,0,0,1,13,3.692,0,0,0,2,0,15,WILLIAMS K
"",92.31%,0.00%,0.00%,0.00%,7.69%,,,,,,,,,
EDCI-602-701,24,0,1,0,0,25,3.920,0,0,0,0,0,25,WILLIAMS K
"",96.00%,0.00%,4.00%,0.00%,0.00%,,,,,,,,,
COURSE TOTAL:,42,0,1,0,1,44,3.863,0,0,0,2,0,46,
"",95.45%,0.00%,2.27%,0.00%,2.27%,,,,,,,,,
EDCI-603-700,16,2,0,0,0,18,3.888,1,0,0,0,0,19,DAVIS T
"",88.89%,11.11%,0.00%,0.00%,0.00%,,,,,,,,,
COURSE TOTAL:,16,2,0,0,0,18,3.888,1,0,0,0,0,19,
"",88.89%,11.11%,0.00%,0.00%,0.00%,,,,,,,,,
EDCI-604-700,23,0,0,0,1,24,3.833,0,0,0,0,0,24,KWOK A
"",95.83%,0.00%,0.00%,0.00%,4.17%,,,,,,,,,
EDCI-604-701,20,3,0,0,0,23,3.869,0,0,0,0,0,23,KWOK M
"",86.96%,13.04%,0.00%,0.00%,0.00%,,,,,,,,,
COURSE TOTAL:,43,3,0,0,1,47,3.851,0,0,0,0,0,47,
"",91.49%,6.38%,0.00%,0.00%,2.13%,,,,,,,,,
EDCI-609-700,13,2,0,0,0,15,3.866,0,0,0,0,0,15,HUTCHINS S
"",86.67%,13.33%,0.00%,0.00%,0.00%,,,,,,,,,
COURSE TOTAL:,13,2,0,0,0,15,3.866,0,0,0,0,0,15,
"",86.67%,13.33%,0.00%,0.00%,0.00%,,,,,,,,,
EDCI-631-700,20,0,0,0,0,20,4.000,0,0,0,1,0,21,RACKLEY R
"",100.00%,0.00%,0.00%,0.00%,0.00%,,,,,,,,,
EDCI-631-701,21,0,0,0,0,21,4.000,0,0,0,1,0,22,RACKLEY R
"",100.00%,0.00%,0.00%,0.00%,0.00%,,,,,,,,,
COURSE TOTAL:,41,0,0,0,0,41,4.000,0,0,0,2,0,43,
"",100.00%,0.00%,0.00%,0.00%,0.00%,,,,,,,,,
EDCI-634-700,22,0,0,0,0,22,4.000,0,0,0,0,0,22,SLATTERY G
"",100.00%,0.00%,0.00%,0.00%,0.00%,,,,,,,,,
COURSE TOTAL:,22,0,0,0,0,22,4.000,0,0,0,0,0,22,
"",100.00%,0.00%,0.00%,0.00%,0.00%,,,,,,,,,
EDCI-636-700,22,3,0,0,0,25,3.880,0,0,0,0,0,25,JAMES-GALLAWAY A
"",88.00%,12.00%,0.00%,0.00%,0.00%,,,,,,,,,
EDCI-636-701,15,1,0,0,0,16,3.937,0,0,0,0,0,16,HUTCHINS S
"",93.75%,6.25%,0.00%,0.00%,0.00%,,,,,,,,,
COURSE TOTAL:,37,4,0,0,0,41,3.902,0,0,0,0,0,41,
"",90.24%,9.76%,0.00%,0.00%,0.00%,,,,,,,,,
EDCI-638-700,14,0,0,0,0,14,4.000,0,0,0,0,0,14,SLATTERY G
"",100.00%,0.00%,0.00%,0.00%,0.00%,,,,,,,,,
COURSE TOTAL:,14,0,0,0,0,14,4.000,0,0,0,0,0,14,
"",100.00%,0.00%,0.00%,0.00%,0.00%,,,,,,,,,
EDCI-641-600,14,0,0,0,0,14,4.000,0,0,0,0,0,14,WILLIAMS J
"",100.00%,0.00%,0.00%,0.00%,0.00%,,,,,,,,,
COURSE TOTAL:,14,0,0,0,0,14,4.000,0,0,0,0,0,14,
"",100.00%,0.00%,0.00%,0.00%,0.00%,,,,,,,,,
EDCI-643-701,17,0,0,0,0,17,4.000,0,0,0,0,0,17,WILLIAMS K
"",100.00%,0.00%,0.00%,0.00%,0.00%,,,,,,,,,
COURSE TOTAL:,17,0,0,0,0,17,4.000,0,0,0,0,0,17,
"",100.00%,0.00%,0.00%,0.00%,0.00%,,,,,,,,,
EDCI-644-700,16,1,1,0,2,20,3.450,0,0,0,0,0,20,HAWK N
"",80.00%,5.00%,5.00%,0.00%,10.00%,,,,,,,,,
EDCI-644-702,10,3,2,0,0,15,3.533,0,0,0,0,0,15,JAMES-GALLAWAY A
"",66.67%,20.00%,13.33%,0.00%,0.00%,,,,,,,,,
COURSE TOTAL:,26,4,3,0,2,35,3.485,0,0,0,0,0,35,
"",74.29%,11.43%,8.57%,0.00%,5.71%,,,,,,,,,
EDCI-645-700,14,0,0,0,0,14,4.000,0,0,0,0,0,14,KWOK M
"",100.00%,0.00%,0.00%,0.00%,0.00%,,,,,,,,,
EDCI-645-701,21,0,0,0,0,21,4.000,2,0,0,0,0,23,CRAIG C
"",100.00%,0.00%,0.00%,0.00%,0.00%,,,,,,,,,
EDCI-645-702,19,3,0,0,0,22,3.863,0,0,0,0,0,22,HAWK N
"",86.36%,13.64%,0.00%,0.00%,0.00%,,,,,,,,,
COURSE TOTAL:,54,3,0,0,0,57,3.947,2,0,0,0,0,59,
"",94.74%,5.26%,0.00%,0.00%,0.00%,,,,,,,,,
EDCI-647-600,15,3,0,0,0,18,3.833,0,0,0,0,0,18,OLSON J
"",83.33%,16.67%,0.00%,0.00%,0.00%,,,,,,,,,
COURSE TOTAL:,15,3,0,0,0,18,3.833,0,0,0,0,0,18,
"",83.33%,16.67%,0.00%,0.00%,0.00%,,,,,,,,,
EDCI-648-700,15,0,0,0,0,15,4.000,0,0,0,0,0,15,OGLETREE Q
"",100.00%,0.00%,0.00%,0.00%,0.00%,,,,,,,,,
COURSE TOTAL:,15,0,0,0,0,15,4.000,0,0,0,0,0,15,
"",100.00%,0.00%,0.00%,0.00%,0.00%,,,,,,,,,
EDCI-652-700,8,0,0,0,0,8,4.000,0,0,0,1,0,9,GERDE H
"",100.00%,0.00%,0.00%,0.00%,0.00%,,,,,,,,,
COURSE TOTAL:,8,0,0,0,0,8,4.000,0,0,0,1,0,9,
"",100.00%,0.00%,0.00%,0.00%,0.00%,,,,,,,,,
EDCI-656-700,13,3,0,0,0,16,3.812,0,0,0,0,0,16,KWOK M
"",81.25%,18.75%,0.00%,0.00%,0.00%,,,,,,,,,
COURSE TOTAL:,13,3,0,0,0,16,3.812,0,0,0,0,0,16,
"",81.25%,18.75%,0.00%,0.00%,0.00%,,,,,,,,,
EDCI-661-600,11,0,0,0,0,11,4.000,0,0,0,1,0,12,WAXMAN H
"",100.00%,0.00%,0.00%,0.00%,0.00%,,,,,,,,,
COURSE TOTAL:,11,0,0,0,0,11,4.000,0,0,0,1,0,12,
"",100.00%,0.00%,0.00%,0.00%,0.00%,,,,,,,,,
EDCI-673-700,15,0,0,0,0,15,4.000,1,0,0,0,0,16,PARKER D
"",100.00%,0.00%,0.00%,0.00%,0.00%,,,,,,,,,
EDCI-673-701,23,1,0,0,0,24,3.958,0,0,0,0,0,24,ASHLEY C
"",95.83%,4.17%,0.00%,0.00%,0.00%,,,,,,,,,
COURSE TOTAL:,38,1,0,0,0,39,3.974,1,0,0,0,0,40,
"",97.44%,2.56%,0.00%,0.00%,0.00%,,,,,,,,,
EDCI-676-700,7,0,0,0,0,7,4.000,0,0,0,1,0,8,DAVIS T
"",100.00%,0.00%,0.00%,0.00%,0.00%,,,,,,,,,
COURSE TOTAL:,7,0,0,0,0,7,4.000,0,0,0,1,0,8,
"",100.00%,0.00%,0.00%,0.00%,0.00%,,,,,,,,,
EDCI-677-700,23,0,0,0,1,24,3.833,0,0,0,0,0,24,SINGER S
"",95.83%,0.00%,0.00%,0.00%,4.17%,,,,,,,,,
EDCI-677-701,22,0,1,0,0,23,3.913,0,0,0,0,0,23,SINGER S
"",95.65%,0.00%,4.35%,0.00%,0.00%,,,,,,,,,
COURSE TOTAL:,45,0,1,0,1,47,3.872,0,0,0,0,0,47,
"",95.74%,0.00%,2.13%,0.00%,2.13%,,,,,,,,,
EDCI-687-600,5,2,0,0,0,7,3.714,0,0,0,0,0,7,RAMBO K
"",71.43%,28.57%,0.00%,0.00%,0.00%,,,,,,,,,
COURSE TOTAL:,5,2,0,0,0,7,3.714,0,0,0,0,0,7,
"",71.43%,28.57%,0.00%,0.00%,0.00%,,,,,,,,,
EDCI-689-600,5,0,0,0,0,5,4.000,0,0,0,0,0,5,KOGUT A
"",100.00%,0.00%,0.00%,0.00%,0.00%,,,,,,,,,
COURSE TOTAL:,5,0,0,0,0,5,4.000,0,0,0,0,0,5,
"",100.00%,0.00%,0.00%,0.00%,0.00%,,,,,,,,,
EDCI-690-700,14,1,0,0,0,15,3.933,1,0,0,0,0,16,VIRURU R
"",93.33%,6.67%,0.00%,0.00%,0.00%,,,,,,,,,
COURSE TOTAL:,14,1,0,0,0,15,3.933,1,0,0,0,0,16,
"",93.33%,6.67%,0.00%,0.00%,0.00%,,,,,,,,,
EDCI-707-601,9,0,0,0,0,9,4.000,0,0,0,0,0,9,CRAIG C
"",100.00%,0.00%,0.00%,0.00%,0.00%,,,,,,,,,
COURSE TOTAL:,9,0,0,0,0,9,4.000,0,0,0,0,0,9,
"",100.00%,0.00%,0.00%,0.00%,0.00%,,,,,,,,,
EDCI-711-600,11,0,0,0,0,11,4.000,0,0,0,0,0,11,RACKLEY R
"",100.00%,0.00%,0.00%,0.00%,0.00%,,,,,,,,,
EDCI-711-601,11,0,0,0,0,11,4.000,0,0,0,0,0,11,ASHLEY C
"",100.00%,0.00%,0.00%,0.00%,0.00%,,,,,,,,,
COURSE TOTAL:,22,0,0,0,0,22,4.000,0,0,0,0,0,22,
"",100.00%,0.00%,0.00%,0.00%,0.00%,,,,,,,,,
EDCI-715-600,11,1,1,0,0,13,3.769,1,0,0,0,0,14,MCKEOWN D
"",84.62%,7.69%,7.69%,0.00%,0.00%,,,,,,,,,
COURSE TOTAL:,11,1,1,0,0,13,3.769,1,0,0,0,0,14,
"",84.62%,7.69%,7.69%,0.00%,0.00%,,,,,,,,,
EDCI-722-700,7,0,0,0,0,7,4.000,0,0,0,0,0,7,QUEK F
"",100.00%,0.00%,0.00%,0.00%,0.00%,,,,,,,,,
COURSE TOTAL:,7,0,0,0,0,7,4.000,0,0,0,0,0,7,
"",100.00%,0.00%,0.00%,0.00%,0.00%,,,,,,,,,
EDCI-724-700,7,0,0,0,0,7,4.000,0,0,0,0,0,7,YALVAC B
"",100.00%,0.00%,0.00%,0.00%,0.00%,,,,,,,,,
COURSE TOTAL:,7,0,0,0,0,7,4.000,0,0,0,0,0,7,
"",100.00%,0.00%,0.00%,0.00%,0.00%,,,,,,,,,
EDCI-726-700,11,0,0,0,0,11,4.000,0,0,0,0,0,11,KIPP A
"",100.00%,0.00%,0.00%,0.00%,0.00%,,,,,,,,,
COURSE TOTAL:,11,0,0,0,0,11,4.000,0,0,0,0,0,11,
"",100.00%,0.00%,0.00%,0.00%,0.00%,,,,,,,,,
EDCI-751-700,16,1,0,0,0,17,3.941,0,0,0,0,0,17,HUTCHINS S
"",94.12%,5.88%,0.00%,0.00%,0.00%,,,,,,,,,
COURSE TOTAL:,16,1,0,0,0,17,3.941,0,0,0,0,0,17,
"",94.12%,5.88%,0.00%,0.00%,0.00%,,,,,,,,,
EDCI-752-700,14,0,0,1,0,15,3.800,0,0,0,0,0,15,SHAPIRO C
"",93.33%,0.00%,0.00%,6.67%,0.00%,,,,,,,,,
COURSE TOTAL:,14,0,0,1,0,15,3.800,0,0,0,0,0,15,
"",93.33%,0.00%,0.00%,6.67%,0.00%,,,,,,,,,
INST-222-500,29,0,1,0,0,30,3.933,0,0,0,0,0,30,HOLTZ E
"",96.67%,0.00%,3.33%,0.00%,0.00%,,,,,,,,,
INST-222-501,15,9,4,2,0,30,3.233,0,0,0,2,0,32,WORLEY C
"",50.00%,30.00%,13.33%,6.67%,0.00%,,,,,,,,,
INST-222-502,28,1,1,0,0,30,3.900,0,0,0,0,0,30,SARPY-SIMPSON C
"",93.33%,3.33%,3.33%,0.00%,0.00%,,,,,,,,,
INST-222-503,15,3,0,0,0,18,3.833,0,0,0,0,0,18,WORLEY C
"",83.33%,16.67%,0.00%,0.00%,0.00%,,,,,,,,,
INST-222-504,37,4,0,0,0,41,3.902,0,0,0,0,0,41,SARPY-SIMPSON C
"",90.24%,9.76%,0.00%,0.00%,0.00%,,,,,,,,,
INST-222-505,26,0,0,0,0,26,4.000,0,0,0,0,0,26,CANTRELL E
"",100.00%,0.00%,0.00%,0.00%,0.00%,,,,,,,,,
INST-222-506,27,2,0,0,0,29,3.931,0,0,0,0,1,30,JIMENEZ L
"",93.10%,6.90%,0.00%,0.00%,0.00%,,,,,,,,,
INST-222-507,31,0,0,0,0,31,4.000,0,0,0,0,0,31,PHILLIPS-DRUERY D
"",100.00%,0.00%,0.00%,0.00%,0.00%,,,,,,,,,
COURSE TOTAL:,208,19,6,2,0,235,3.842,0,0,0,2,1,238,
"",88.51%,8.09%,2.55%,0.85%,0.00%,,,,,,,,,
INST-362-901,21,6,0,0,0,27,3.777,0,0,0,0,0,27,DARDASHTI A
"",77.78%,22.22%,0.00%,0.00%,0.00%,,,,,,,,,
INST-362-902,24,2,0,0,0,26,3.923,0,0,0,1,0,27,BEMANI
"",92.31%,7.69%,0.00%,0.00%,0.00%,,,,,,,,,
COURSE TOTAL:,45,8,0,0,0,53,3.849,0,0,0,1,0,54,
"",84.91%,15.09%,0.00%,0.00%,0.00%,,,,,,,,,
INST-363-503,15,0,2,0,0,17,3.764,0,0,0,0,0,17,LYNCH J
"",88.24%,0.00%,11.76%,0.00%,0.00%,,,,,,,,,
INST-363-591,26,2,1,0,0,29,3.862,0,0,0,1,0,30,ESLAMI Z
"",89.66%,6.90%,3.45%,0.00%,0.00%,,,,,,,,,
INST-363-592,22,1,0,0,0,23,3.956,1,0,0,1,0,25,WALICHOWSKI M
"",95.65%,4.35%,0.00%,0.00%,0.00%,,,,,,,,,
COURSE TOTAL:,63,3,3,0,0,69,3.869,1,0,0,2,0,72,
"",91.30%,4.35%,4.35%,0.00%,0.00%,,,,,,,,,
MASC-320-500,28,2,0,0,0,30,3.933,0,0,0,0,0,30,SINGLETON J
"",93.33%,6.67%,0.00%,0.00%,0.00%,,,,,,,,,
MASC-320-501,20,0,1,0,0,21,3.904,0,0,0,0,0,21,PEDERSEN R
"",95.24%,0.00%,4.76%,0.00%,0.00%,,,,,,,,,
MASC-320-502,16,8,0,0,0,24,3.666,0,0,0,1,0,25,SINGLETON J
"",66.67%,33.33%,0.00%,0.00%,0.00%,,,,,,,,,
MASC-320-503,20,7,0,0,0,27,3.740,0,0,0,0,0,27,WILKERSON N
"",74.07%,25.93%,0.00%,0.00%,0.00%,,,,,,,,,
MASC-320-504,20,6,0,0,0,26,3.769,0,0,0,0,0,26,POOR S
"",76.92%,23.08%,0.00%,0.00%,0.00%,,,,,,,,,
COURSE TOTAL:,104,23,1,0,0,128,3.804,0,0,0,1,0,129,
"",81.25%,17.97%,0.78%,0.00%,0.00%,,,,,,,,,
MASC-351-500,24,2,0,0,0,26,3.923,0,0,0,0,0,26,RIVERA RODRIGUEZ E
"",92.31%,7.69%,0.00%,0.00%,0.00%,,,,,,,,,
MASC-351-501,27,1,0,0,0,28,3.964,0,0,0,0,0,28,FLEMING K
"",96.43%,3.57%,0.00%,0.00%,0.00%,,,,,,,,,
MASC-351-502,25,4,0,0,0,29,3.862,0,0,0,0,0,29,FLEMING K
"",86.21%,13.79%,0.00%,0.00%,0.00%,,,,,,,,,
MASC-351-503,17,7,0,0,0,24,3.708,0,0,0,0,0,24,LI Y
"",70.83%,29.17%,0.00%,0.00%,0.00%,,,,,,,,,
MASC-351-504,24,4,0,0,0,28,3.857,0,0,0,0,0,28,SANDERS M
"",85.71%,14.29%,0.00%,0.00%,0.00%,,,,,,,,,
COURSE TOTAL:,117,18,0,0,0,135,3.866,0,0,0,0,0,135,
"",86.67%,13.33%,0.00%,0.00%,0.00%,,,,,,,,,
MASC-420-500,22,4,1,0,0,27,3.777,0,0,0,0,0,27,SU-KEENE E
"",81.48%,14.81%,3.70%,0.00%,0.00%,,,,,,,,,
MASC-420-501,30,3,1,0,0,34,3.852,0,0,0,0,0,34,SINGLETON J
"",88.24%,8.82%,2.94%,0.00%,0.00%,,,,,,,,,
MASC-420-502,32,2,0,0,0,34,3.941,0,0,0,0,0,34,SU-KEENE E
"",94.12%,5.88%,0.00%,0.00%,0.00%,,,,,,,,,
COURSE TOTAL:,84,9,2,0,0,95,3.863,0,0,0,0,0,95,
"",88.42%,9.47%,2.11%,0.00%,0.00%,,,,,,,,,
MASC-450-501,20,0,0,0,0,20,4.000,0,0,0,0,0,20,FLEMING K
"",100.00%,0.00%,0.00%,0.00%,0.00%,,,,,,,,,
COURSE TOTAL:,20,0,0,0,0,20,4.000,0,0,0,0,0,20,
"",100.00%,0.00%,0.00%,0.00%,0.00%,,,,,,,,,
MEFB-450-502,16,0,0,0,0,16,4.000,0,0,0,0,0,16,SINGER E
"",100.00%,0.00%,0.00%,0.00%,0.00%,,,,,,,,,
COURSE TOTAL:,16,0,0,0,0,16,4.000,0,0,0,0,0,16,
"",100.00%,0.00%,0.00%,0.00%,0.00%,,,,,,,,,
MEFB-452-502,13,2,0,0,0,15,3.866,0,0,0,0,0,15,ASHLEY C
"",86.67%,13.33%,0.00%,0.00%,0.00%,,,,,,,,,
MEFB-452-503,17,1,0,0,0,18,3.944,0,0,0,0,0,18,ASHLEY C
"",94.44%,5.56%,0.00%,0.00%,0.00%,,,,,,,,,
COURSE TOTAL:,30,3,0,0,0,33,3.909,0,0,0,0,0,33,
"",90.91%,9.09%,0.00%,0.00%,0.00%,,,,,,,,,
MEFB-460-503,18,0,0,0,0,18,4.000,0,0,0,0,0,18,PARKER D
"",100.00%,0.00%,0.00%,0.00%,0.00%,,,,,,,,,
COURSE TOTAL:,18,0,0,0,0,18,4.000,0,0,0,0,0,18,
"",100.00%,0.00%,0.00%,0.00%,0.00%,,,,,,,,,
MEFB-470-503,18,0,0,0,0,18,4.000,0,0,0,0,0,18,FLEMING K
"",100.00%,0.00%,0.00%,0.00%,0.00%,,,,,,,,,
COURSE TOTAL:,18,0,0,0,0,18,4.000,0,0,0,0,0,18,
"",100.00%,0.00%,0.00%,0.00%,0.00%,,,,,,,,,
RDNG-351-501,25,3,1,0,0,29,3.827,0,0,0,0,0,29,RUPLEY W
"",86.21%,10.34%,3.45%,0.00%,0.00%,,,,,,,,,
RDNG-351-503,27,1,0,0,0,28,3.964,0,0,0,2,0,30,HUDSON A
"",96.43%,3.57%,0.00%,0.00%,0.00%,,,,,,,,,
RDNG-351-590,28,2,0,0,0,30,3.933,0,0,0,0,0,30,RUPLEY W
"",93.33%,6.67%,0.00%,0.00%,0.00%,,,,,,,,,
COURSE TOTAL:,80,6,1,0,0,87,3.908,0,0,0,2,0,89,
"",91.95%,6.90%,1.15%,0.00%,0.00%,,,,,,,,,
RDNG-371-901,20,2,0,0,0,22,3.909,0,0,0,0,0,22,FIELDS S
"",90.91%,9.09%,0.00%,0.00%,0.00%,,,,,,,,,
COURSE TOTAL:,20,2,0,0,0,22,3.909,0,0,0,0,0,22,
"",90.91%,9.09%,0.00%,0.00%,0.00%,,,,,,,,,
RDNG-372-900,20,1,0,0,0,21,3.952,0,0,0,0,0,21,MCMAHAN H
"",95.24%,4.76%,0.00%,0.00%,0.00%,,,,,,,,,
RDNG-372-904,21,0,1,0,0,22,3.909,0,0,0,0,0,22,MCMAHAN H
"",95.45%,0.00%,4.55%,0.00%,0.00%,,,,,,,,,
COURSE TOTAL:,41,1,1,0,0,43,3.930,0,0,0,0,0,43,
"",95.35%,2.33%,2.33%,0.00%,0.00%,,,,,,,,,
RDNG-373-901,29,0,0,0,1,30,3.866,0,0,0,0,0,30,MATTHEWS S
"",96.67%,0.00%,0.00%,0.00%,3.33%,,,,,,,,,
RDNG-373-902,19,8,0,0,0,27,3.703,0,0,0,3,0,30,WILKINS G
"",70.37%,29.63%,0.00%,0.00%,0.00%,,,,,,,,,
RDNG-373-903,15,11,2,1,0,29,3.379,0,0,0,1,0,30,WILKINS G
"",51.72%,37.93%,6.90%,3.45%,0.00%,,,,,,,,,
COURSE TOTAL:,63,19,2,1,1,86,3.651,0,0,0,4,0,90,
"",73.26%,22.09%,2.33%,1.16%,1.16%,,,,,,,,,
RDNG-465-501,38,0,0,0,0,38,4.000,0,0,0,1,0,39,FIELDS S
"",100.00%,0.00%,0.00%,0.00%,0.00%,,,,,,,,,
COURSE TOTAL:,38,0,0,0,0,38,4.000,0,0,0,1,0,39,
"",100.00%,0.00%,0.00%,0.00%,0.00%,,,,,,,,,
RDNG-467-501,35,0,1,0,0,36,3.944,0,0,0,0,0,36,HUDSON A
"",97.22%,0.00%,2.78%,0.00%,0.00%,,,,,,,,,
RDNG-467-503,31,1,0,0,0,32,3.968,0,0,0,0,0,32,STILES M
"",96.88%,3.13%,0.00%,0.00%,0.00%,,,,,,,,,
COURSE TOTAL:,66,1,1,0,0,68,3.955,0,0,0,0,0,68,
"",97.06%,1.47%,1.47%,0.00%,0.00%,,,,,,,,,
RDNG-468-503,20,4,0,0,0,24,3.833,0,0,0,0,0,24,GOODRICH J
"",83.33%,16.67%,0.00%,0.00%,0.00%,,,,,,,,,
RDNG-468-504,22,5,1,0,0,28,3.750,1,0,0,0,0,29,CANTRELL E
"",78.57%,17.86%,3.57%,0.00%,0.00%,,,,,,,,,
RDNG-468-505,20,7,1,0,0,28,3.678,0,0,0,0,0,28,STILES M
"",71.43%,25.00%,3.57%,0.00%,0.00%,,,,,,,,,
RDNG-468-506,17,6,1,0,0,24,3.666,1,0,0,0,0,25,CANTRELL E
"",70.83%,25.00%,4.17%,0.00%,0.00%,,,,,,,,,
COURSE TOTAL:,79,22,3,0,0,104,3.730,2,0,0,0,0,106,
"",75.96%,21.15%,2.88%,0.00%,0.00%,,,,,,,,,
RDNG-470-502,15,1,1,0,0,17,3.823,0,0,0,0,0,17,MATTHEWS S
"",88.24%,5.88%,5.88%,0.00%,0.00%,,,,,,,,,
COURSE TOTAL:,15,1,1,0,0,17,3.823,0,0,0,0,0,17,
"",88.24%,5.88%,5.88%,0.00%,0.00%,,,,,,,,,
RDNG-473-500,25,3,2,0,0,30,3.766,0,0,0,0,0,30,STILES M
"",83.33%,10.00%,6.67%,0.00%,0.00%,,,,,,,,,
RDNG-473-501,26,3,2,0,0,31,3.774,0,0,0,0,0,31,WAKEFIELD J
"",83.87%,9.68%,6.45%,0.00%,0.00%,,,,,,,,,
RDNG-473-502,23,4,2,0,0,29,3.724,0,0,0,1,0,30,STILES M
"",79.31%,13.79%,6.90%,0.00%,0.00%,,,,,,,,,
RDNG-473-503,29,4,1,0,0,34,3.823,0,0,0,0,0,34,WAKEFIELD J
"",85.29%,11.76%,2.94%,0.00%,0.00%,,,,,,,,,
COURSE TOTAL:,103,14,7,0,0,124,3.774,0,0,0,1,0,125,
"",83.06%,11.29%,5.65%,0.00%,0.00%,,,,,,,,,
RDNG-490-502,15,1,1,0,0,17,3.823,0,0,0,0,0,17,FIELDS S
"",88.24%,5.88%,5.88%,0.00%,0.00%,,,,,,,,,
RDNG-490-503,16,2,0,0,0,18,3.888,0,0,0,0,0,18,KWOK M
"",88.89%,11.11%,0.00%,0.00%,0.00%,,,,,,,,,
COURSE TOTAL:,31,3,1,0,0,35,3.857,0,0,0,0,0,35,
"",88.57%,8.57%,2.86%,0.00%,0.00%,,,,,,,,,
RDNG-603-700,31,0,0,0,0,31,4.000,0,0,0,0,0,31,WIJEKUMAR K
"",100.00%,0.00%,0.00%,0.00%,0.00%,,,,,,,,,
COURSE TOTAL:,31,0,0,0,0,31,4.000,0,0,0,0,0,31,
"",100.00%,0.00%,0.00%,0.00%,0.00%,,,,,,,,,
RDNG-605-700,17,1,0,0,0,18,3.944,1,0,0,0,0,19,HUDSON A
"",94.44%,5.56%,0.00%,0.00%,0.00%,,,,,,,,,
COURSE TOTAL:,17,1,0,0,0,18,3.944,1,0,0,0,0,19,
"",94.44%,5.56%,0.00%,0.00%,0.00%,,,,,,,,,
RDNG-609-700,28,0,0,0,0,28,4.000,1,0,0,0,0,29,CANTRELL E
"",100.00%,0.00%,0.00%,0.00%,0.00%,,,,,,,,,
COURSE TOTAL:,28,0,0,0,0,28,4.000,1,0,0,0,0,29,
"",100.00%,0.00%,0.00%,0.00%,0.00%,,,,,,,,,
RDNG-630-700,14,3,0,0,0,17,3.823,0,0,0,0,0,17,JOSHI R
"",82.35%,17.65%,0.00%,0.00%,0.00%,,,,,,,,,
COURSE TOTAL:,14,3,0,0,0,17,3.823,0,0,0,0,0,17,
"",82.35%,17.65%,0.00%,0.00%,0.00%,,,,,,,,,
RDNG-634-600,5,0,0,0,1,6,3.333,0,0,0,0,0,6,PITTMAN R
"",83.33%,0.00%,0.00%,0.00%,16.67%,,,,,,,,,
COURSE TOTAL:,5,0,0,0,1,6,3.333,0,0,0,0,0,6,
"",83.33%,0.00%,0.00%,0.00%,16.67%,,,,,,,,,
TEED-682-700,32,0,0,0,0,32,4.000,0,0,0,0,0,32,FIELDS S
"",100.00%,0.00%,0.00%,0.00%,0.00%,,,,,,,,,
COURSE TOTAL:,32,0,0,0,0,32,4.000,0,0,0,0,0,32,
"",100.00%,0.00%,0.00%,0.00%,0.00%,,,,,,,,,
TEFB-273-501,28,0,0,0,0,28,4.000,0,0,0,0,0,28,OGLETREE Q
"",100.00%,0.00%,0.00%,0.00%,0.00%,,,,,,,,,
TEFB-273-502,22,2,1,1,0,26,3.730,0,0,0,2,0,28,OGLETREE Q
"",84.62%,7.69%,3.85%,3.85%,0.00%,,,,,,,,,
TEFB-273-504,26,1,0,0,0,27,3.962,1,0,0,0,0,28,SARPY-SIMPSON C
"",96.30%,3.70%,0.00%,0.00%,0.00%,,,,,,,,,
COURSE TOTAL:,76,3,1,1,0,81,3.901,1,0,0,2,0,84,
"",93.83%,3.70%,1.23%,1.23%,0.00%,,,,,,,,,
TEFB-322-506,3,1,1,0,0,5,3.400,0,0,0,0,0,5,TAYLOR B
"",60.00%,20.00%,20.00%,0.00%,0.00%,,,,,,,,,
COURSE TOTAL:,3,1,1,0,0,5,3.400,0,0,0,0,0,5,
"",60.00%,20.00%,20.00%,0.00%,0.00%,,,,,,,,,
TEFB-324-502,4,1,0,0,0,5,3.800,0,0,0,0,0,5,PARKER D
"",80.00%,20.00%,0.00%,0.00%,0.00%,,,,,,,,,
TEFB-324-503,5,0,0,0,0,5,4.000,0,0,0,0,0,5,PARKER D
"",100.00%,0.00%,0.00%,0.00%,0.00%,,,,,,,,,
TEFB-324-505,5,0,0,0,0,5,4.000,0,0,0,0,0,5,PARKER D
"",100.00%,0.00%,0.00%,0.00%,0.00%,,,,,,,,,
TEFB-324-506,5,0,0,0,0,5,4.000,0,0,0,0,0,5,PARKER D
"",100.00%,0.00%,0.00%,0.00%,0.00%,,,,,,,,,
TEFB-324-507,6,0,0,0,0,6,4.000,0,0,0,0,0,6,PARKER D
"",100.00%,0.00%,0.00%,0.00%,0.00%,,,,,,,,,
TEFB-324-509,4,1,0,0,0,5,3.800,0,0,0,0,0,5,PARKER D
"",80.00%,20.00%,0.00%,0.00%,0.00%,,,,,,,,,
TEFB-324-590,33,3,0,0,0,36,3.916,0,0,0,0,0,36,PARKER D
"",91.67%,8.33%,0.00%,0.00%,0.00%,,,,,,,,,
COURSE TOTAL:,62,5,0,0,0,67,3.925,0,0,0,0,0,67,
"",92.54%,7.46%,0.00%,0.00%,0.00%,,,,,,,,,
TEFB-371-501,30,0,0,0,0,30,4.000,0,0,0,0,0,30,SVAJDA-HARDY M
"",100.00%,0.00%,0.00%,0.00%,0.00%,,,,,,,,,
TEFB-371-502,21,0,0,0,0,21,4.000,0,0,0,0,0,21,SHUMBERA K
"",100.00%,0.00%,0.00%,0.00%,0.00%,,,,,,,,,
TEFB-371-503,30,0,0,0,0,30,4.000,0,0,0,0,0,30,JOLLY A
"",100.00%,0.00%,0.00%,0.00%,0.00%,,,,,,,,,
TEFB-371-504,25,3,0,0,0,28,3.892,0,0,0,0,0,28,SHUMBERA K
"",89.29%,10.71%,0.00%,0.00%,0.00%,,,,,,,,,
TEFB-371-505,28,0,0,0,1,29,3.862,0,0,0,0,0,29,JOLLY A
"",96.55%,0.00%,0.00%,0.00%,3.45%,,,,,,,,,
TEFB-371-506,27,1,0,0,0,28,3.964,0,0,0,1,0,29,WAKEFIELD J
"",96.43%,3.57%,0.00%,0.00%,0.00%,,,,,,,,,
COURSE TOTAL:,161,4,0,0,1,166,3.951,0,0,0,1,0,167,
"",96.99%,2.41%,0.00%,0.00%,0.60%,,,,,,,,,
TEFB-410-501,35,1,0,0,0,36,3.972,0,0,0,0,0,36,GRIFFITH K
"",97.22%,2.78%,0.00%,0.00%,0.00%,,,,,,,,,
TEFB-410-503,32,0,0,0,0,32,4.000,0,0,0,0,0,32,GRIFFITH K
"",100.00%,0.00%,0.00%,0.00%,0.00%,,,,,,,,,
COURSE TOTAL:,67,1,0,0,0,68,3.985,0,0,0,0,0,68,
"",98.53%,1.47%,0.00%,0.00%,0.00%,,,,,,,,,
TEFB-412-501,31,5,0,0,0,36,3.861,0,0,0,0,0,36,BARRETT J
"",86.11%,13.89%,0.00%,0.00%,0.00%,,,,,,,,,
TEFB-412-503,32,0,0,0,0,32,4.000,0,0,0,0,0,32,BARRETT J
"",100.00%,0.00%,0.00%,0.00%,0.00%,,,,,,,,,
COURSE TOTAL:,63,5,0,0,0,68,3.926,0,0,0,0,0,68,
"",92.65%,7.35%,0.00%,0.00%,0.00%,,,,,,,,,
TEFB-413-501,35,1,0,0,0,36,3.972,0,0,0,0,0,36,SINGLETON J
"",97.22%,2.78%,0.00%,0.00%,0.00%,,,,,,,,,
TEFB-413-503,32,0,0,0,0,32,4.000,0,0,0,0,0,32,JANNEY B
"",100.00%,0.00%,0.00%,0.00%,0.00%,,,,,,,,,
TEFB-413-504,12,1,0,0,0,13,3.923,00,,0,0,0,13,ESPARZA A
"",92.31%,7.69%,0.00%,0.00%,0.00%,,,,,,,,,
COURSE TOTAL:,79,2,0,0,0,81,3.975,00,,0,0,0,81,
"",97.53%,2.47%,0.00%,0.00%,0.00%,,,,,,,,,
DEPARTMENT TOTAL:,2835,280,47,8,12,3182,3.859,130,,0,25,1,3221,
"",89.09%,8.80%,1.48%,0.25%,0.38%,,,,,,,,,
COLLEGE TOTAL:,12523,2565,746,112,133,16079,3.685,47  1605,,33,348,7,18119,
"",77.88%,15.95%,4.64%,0.70%,0.83%,,,,,,,,,
