BIOL-111-404,2,7,1,0,0,10,3.100,0,0,0,0,0,10,SCHWEIGHOFER M
"",20.00%,70.00%,10.00%,0.00%,0.00%,,,,,,,,,
BIOL-111-405,1,7,3,2,1,14,2.357,0,0,0,1,0,15,SCHWEIGHOFER M
"",7.14%,50.00%,21.43%,14.29%,7.14%,,,,,,,,,
BIOL-111-406,8,3,0,1,1,13,3.230,0,0,0,2,0,15,SCHWEIGHOFER M
"",61.54%,23.08%,0.00%,7.69%,7.69%,,,,,,,,,
BIOL-111-407,0,1,6,0,1,8,1.875,0,0,0,0,0,8,SCHWEIGHOFER M
"",0.00%,12.50%,75.00%,0.00%,12.50%,,,,,,,,,
BIOL-111-408,6,5,3,2,0,16,2.937,0,0,0,1,0,17,SCHWEIGHOFER M
"",37.50%,31.25%,18.75%,12.50%,0.00%,,,,,,,,,
BIOL-111-409,2,2,3,0,0,7,2.857,0,0,0,0,0,7,SCHWEIGHOFER M
"",28.57%,28.57%,42.86%,0.00%,0.00%,,,,,,,,,
COURSE TOTAL:,19,25,16,5,3,68,2.764,0,0,0,4,0,72,
"",27.94%,36.76%,23.53%,7.35%,4.41%,,,,,,,,,
CHEM-106-400,7,5,4,2,1,19,2.789,0,0,0,0,0,19,TOWNSEND G
"",36.84%,26.32%,21.05%,10.53%,5.26%,,,,,,,,,
COURSE TOTAL:,7,5,4,2,1,19,2.789,0,0,0,0,0,19,
"",36.84%,26.32%,21.05%,10.53%,5.26%,,,,,,,,,
CHEM-107-401,4,23,24,10,3,64,2.234,0,0,0,4,0,68,NAIR R
"",6.25%,35.94%,37.50%,15.63%,4.69%,,,,,,,,,
CHEM-107-402,4,20,25,6,3,58,2.275,0,0,0,6,0,64,NAIR R
"",6.90%,34.48%,43.10%,10.34%,5.17%,,,,,,,,,
CHEM-107-403,2,5,13,12,3,35,1.742,0,0,0,3,0,38,ARONSON C
"",5.71%,14.29%,37.14%,34.29%,8.57%,,,,,,,,,
CHEM-107-404,6,13,20,10,3,52,2.173,0,0,0,2,0,54,ARONSON C
"",11.54%,25.00%,38.46%,19.23%,5.77%,,,,,,,,,
COURSE TOTAL:,16,61,82,38,12,209,2.148,0,0,0,15,0,224,
"",7.66%,29.19%,39.23%,18.18%,5.74%,,,,,,,,,
CHEM-116-400,2,0,1,1,2,6,1.833,0,0,0,0,0,6,TOWNSEND G
"",33.33%,0.00%,16.67%,16.67%,33.33%,,,,,,,,,
COURSE TOTAL:,2,0,1,1,2,6,1.833,0,0,0,0,0,6,
"",33.33%,0.00%,16.67%,16.67%,33.33%,,,,,,,,,
CHEM-117-401,5,6,4,1,1,17,2.764,0,0,0,2,0,19,TOWNSEND G
"",29.41%,35.29%,23.53%,5.88%,5.88%,,,,,,,,,
CHEM-117-402,4,9,2,0,2,17,2.764,0,0,0,0,0,17,TOWNSEND G
"",23.53%,52.94%,11.76%,0.00%,11.76%,,,,,,,,,
CHEM-117-403,6,4,3,1,2,16,2.687,0,0,0,3,0,19,TOWNSEND G
"",37.50%,25.00%,18.75%,6.25%,12.50%,,,,,,,,,
CHEM-117-404,3,7,6,2,2,20,2.350,0,0,0,0,0,20,TOWNSEND G
"",15.00%,35.00%,30.00%,10.00%,10.00%,,,,,,,,,
CHEM-117-405,11,6,1,0,1,19,3.368,0,0,0,1,0,20,TOWNSEND G
"",57.89%,31.58%,5.26%,0.00%,5.26%,,,,,,,,,
CHEM-117-406,11,7,1,0,0,19,3.526,0,0,0,0,0,19,TOWNSEND G
"",57.89%,36.84%,5.26%,0.00%,0.00%,,,,,,,,,
CHEM-117-407,4,5,6,3,0,18,2.555,0,0,0,0,0,18,TOWNSEND G
"",22.22%,27.78%,33.33%,16.67%,0.00%,,,,,,,,,
CHEM-117-408,3,4,2,2,2,13,2.307,0,0,0,3,0,16,TOWNSEND G
"",23.08%,30.77%,15.38%,15.38%,15.38%,,,,,,,,,
CHEM-117-409,2,8,6,1,1,18,2.500,0,0,0,1,0,19,TOWNSEND G
"",11.11%,44.44%,33.33%,5.56%,5.56%,,,,,,,,,
CHEM-117-410,1,8,5,1,1,16,2.437,0,0,0,1,0,17,TOWNSEND G
"",6.25%,50.00%,31.25%,6.25%,6.25%,,,,,,,,,
CHEM-117-412,15,3,1,1,0,20,3.600,0,0,0,0,0,20,TOWNSEND G
"",75.00%,15.00%,5.00%,5.00%,0.00%,,,,,,,,,
COURSE TOTAL:,65,67,37,12,12,193,2.834,0,0,0,11,0,204,
"",33.68%,34.72%,19.17%,6.22%,6.22%,,,,,,,,,
CHEM-119-400,2,2,4,3,4,15,1.666,0,0,0,3,0,18,ULLOA O
"",13.33%,13.33%,26.67%,20.00%,26.67%,,,,,,,,,
CHEM-119-401,1,3,2,1,7,14,1.285,0,0,0,4,0,18,ULLOA O
"",7.14%,21.43%,14.29%,7.14%,50.00%,,,,,,,,,
CHEM-119-402,3,0,2,2,2,9,2.000,0,0,0,3,0,12,ULLOA O
"",33.33%,0.00%,22.22%,22.22%,22.22%,,,,,,,,,
COURSE TOTAL:,6,5,8,6,13,38,1.605,0,0,0,10,0,48,
"",15.79%,13.16%,21.05%,15.79%,34.21%,,,,,,,,,
CHEM-120-200,4,3,0,0,0,7,3.571,0,0,0,0,0,7,GALAN J
"",57.14%,42.86%,0.00%,0.00%,0.00%,,,,,,,,,
CHEM-120-400,2,12,4,0,0,18,2.888,0,0,0,1,0,19,TOWNSEND G
"",11.11%,66.67%,22.22%,0.00%,0.00%,,,,,,,,,
CHEM-120-401,4,11,3,1,0,19,2.947,0,0,0,1,0,20,TOWNSEND G
"",21.05%,57.89%,15.79%,5.26%,0.00%,,,,,,,,,
CHEM-120-402,7,9,2,0,0,18,3.277,0,0,0,0,0,18,TOWNSEND G
"",38.89%,50.00%,11.11%,0.00%,0.00%,,,,,,,,,
CHEM-120-403,3,5,2,4,1,15,2.333,0,0,0,1,0,16,GALAN J
"",20.00%,33.33%,13.33%,26.67%,6.67%,,,,,,,,,
CHEM-120-404,7,5,2,0,1,15,3.133,0,0,0,1,0,16,GALAN J
"",46.67%,33.33%,13.33%,0.00%,6.67%,,,,,,,,,
CHEM-120-405,5,6,3,1,0,15,3.000,0,0,0,1,0,16,GALAN J
"",33.33%,40.00%,20.00%,6.67%,0.00%,,,,,,,,,
CHEM-120-406,3,5,4,3,2,17,2.235,1,0,0,2,0,20,NAIR R
"",17.65%,29.41%,23.53%,17.65%,11.76%,,,,,,,,,
CHEM-120-407,1,2,1,0,1,5,2.400,0,0,0,6,0,11,NAIR R
"",20.00%,40.00%,20.00%,0.00%,20.00%,,,,,,,,,
CHEM-120-408,1,3,0,0,1,5,2.600,0,0,0,2,0,7,NAIR R
"",20.00%,60.00%,0.00%,0.00%,20.00%,,,,,,,,,
COURSE TOTAL:,37,61,21,9,6,134,2.850,1,0,0,15,0,150,
"",27.61%,45.52%,15.67%,6.72%,4.48%,,,,,,,,,
CHEM-227-401,1,7,9,7,1,25,2.000,0,0,0,1,0,26,ULLOA O
"",4.00%,28.00%,36.00%,28.00%,4.00%,,,,,,,,,
COURSE TOTAL:,1,7,9,7,1,25,2.000,0,0,0,1,0,26,
"",4.00%,28.00%,36.00%,28.00%,4.00%,,,,,,,,,
CHEM-228-401,7,6,5,4,2,24,2.500,0,0,0,2,0,26,MOSER M
"",29.17%,25.00%,20.83%,16.67%,8.33%,,,,,,,,,
CHEM-228-402,2,6,9,4,2,23,2.086,0,0,0,2,0,25,ULLOA O
"",8.70%,26.09%,39.13%,17.39%,8.70%,,,,,,,,,
COURSE TOTAL:,9,12,14,8,4,47,2.297,0,0,0,4,0,51,
"",19.15%,25.53%,29.79%,17.02%,8.51%,,,,,,,,,
CHEM-237-401,3,6,2,1,1,13,2.692,0,0,0,0,0,13,TOWNSEND G
"",23.08%,46.15%,15.38%,7.69%,7.69%,,,,,,,,,
CHEM-237-402,2,2,3,1,1,9,2.333,0,0,0,0,0,9,TOWNSEND G
"",22.22%,22.22%,33.33%,11.11%,11.11%,,,,,,,,,
COURSE TOTAL:,5,8,5,2,2,22,2.545,0,0,0,0,0,22,
"",22.73%,36.36%,22.73%,9.09%,9.09%,,,,,,,,,
CHEM-238-401,8,5,1,1,0,15,3.333,0,0,0,0,0,15,TOWNSEND G
"",53.33%,33.33%,6.67%,6.67%,0.00%,,,,,,,,,
CHEM-238-402,8,5,1,0,0,14,3.500,0,0,0,0,0,14,TOWNSEND G
"",57.14%,35.71%,7.14%,0.00%,0.00%,,,,,,,,,
CHEM-238-404,6,0,0,0,0,6,4.000,0,0,0,0,0,6,TOWNSEND G
"",100.00%,0.00%,0.00%,0.00%,0.00%,,,,,,,,,
CHEM-238-406,7,6,1,0,0,14,3.428,0,0,0,0,0,14,TOWNSEND G
"",50.00%,42.86%,7.14%,0.00%,0.00%,,,,,,,,,
COURSE TOTAL:,29,16,3,1,0,49,3.489,0,0,0,0,0,49,
"",59.18%,32.65%,6.12%,2.04%,0.00%,,,,,,,,,
MATH-140-401,1,6,3,3,5,18,1.722,0,0,0,0,0,18,ACERO-SCHERTZER C
"",5.56%,33.33%,16.67%,16.67%,27.78%,,,,,,,,,
MATH-140-403,7,2,2,0,2,13,2.923,0,0,0,0,0,13,ACERO-SCHERTZER C
"",53.85%,15.38%,15.38%,0.00%,15.38%,,,,,,,,,
COURSE TOTAL:,8,8,5,3,7,31,2.225,0,0,0,0,0,31,
"",25.81%,25.81%,16.13%,9.68%,22.58%,,,,,,,,,
MATH-142-402,20,15,10,2,0,47,3.127,0,0,0,3,0,50,WARREN J
"",42.55%,31.91%,21.28%,4.26%,0.00%,,,,,,,,,
MATH-142-404,3,5,1,1,0,10,3.000,0,0,0,4,0,14,ACERO-SCHERTZER C
"",30.00%,50.00%,10.00%,10.00%,0.00%,,,,,,,,,
COURSE TOTAL:,23,20,11,3,0,57,3.105,0,0,0,7,0,64,
"",40.35%,35.09%,19.30%,5.26%,0.00%,,,,,,,,,
MATH-147-400,9,10,5,1,2,27,2.851,0,0,0,1,0,28,PANGEMANAN A
"",33.33%,37.04%,18.52%,3.70%,7.41%,,,,,,,,,
MATH-147-401,0,2,8,9,12,31,1.000,0,0,0,17,0,48,ARISTIDOU M
"",0.00%,6.45%,25.81%,29.03%,38.71%,,,,,,,,,
MATH-147-402,5,13,5,3,0,26,2.769,0,0,0,2,0,28,PANGEMANAN A
"",19.23%,50.00%,19.23%,11.54%,0.00%,,,,,,,,,
COURSE TOTAL:,14,25,18,13,14,84,2.142,0,0,0,20,0,104,
"",16.67%,29.76%,21.43%,15.48%,16.67%,,,,,,,,,
MATH-150-401,4,9,11,6,7,37,1.918,0,0,0,4,0,41,PANGEMANAN A
"",10.81%,24.32%,29.73%,16.22%,18.92%,,,,,,,,,
COURSE TOTAL:,4,9,11,6,7,37,1.918,0,0,0,4,0,41,
"",10.81%,24.32%,29.73%,16.22%,18.92%,,,,,,,,,
MATH-151-400,18,13,12,7,3,53,2.679,0,0,0,1,0,54,WARREN J
"",33.96%,24.53%,22.64%,13.21%,5.66%,,,,,,,,,
MATH-151-401,9,15,14,0,3,41,2.658,0,0,0,3,0,44,SUEN C
"",21.95%,36.59%,34.15%,0.00%,7.32%,,,,,,,,,
MATH-151-402,6,14,7,8,2,37,2.378,0,0,0,13,0,50,BROWN P
"",16.22%,37.84%,18.92%,21.62%,5.41%,,,,,,,,,
MATH-151-403,10,7,19,3,2,41,2.487,0,0,0,2,0,43,ARISTIDOU M
"",24.39%,17.07%,46.34%,7.32%,4.88%,,,,,,,,,
MATH-151-404,14,13,14,3,3,47,2.680,0,0,0,3,0,50,QIU L
"",29.79%,27.66%,29.79%,6.38%,6.38%,,,,,,,,,
MATH-151-409,1,0,12,11,0,24,1.625,0,0,0,2,0,26,ARISTIDOU M
"",4.17%,0.00%,50.00%,45.83%,0.00%,,,,,,,,,
COURSE TOTAL:,58,62,78,32,13,243,2.493,0,0,0,24,0,267,
"",23.87%,25.51%,32.10%,13.17%,5.35%,,,,,,,,,
MATH-152-402,18,20,16,5,2,61,2.770,0,0,0,7,0,68,QIU L
"",29.51%,32.79%,26.23%,8.20%,3.28%,,,,,,,,,
MATH-152-403,7,9,15,0,0,31,2.741,0,0,0,6,0,37,SUEN C
"",22.58%,29.03%,48.39%,0.00%,0.00%,,,,,,,,,
MATH-152-405,19,13,21,0,2,55,2.854,0,0,0,8,0,63,YI E
"",34.55%,23.64%,38.18%,0.00%,3.64%,,,,,,,,,
MATH-152-409,34,19,9,3,1,66,3.242,0,0,0,2,0,68,QIU L
"",51.52%,28.79%,13.64%,4.55%,1.52%,,,,,,,,,
COURSE TOTAL:,78,61,61,8,5,213,2.934,0,0,0,23,0,236,
"",36.62%,28.64%,28.64%,3.76%,2.35%,,,,,,,,,
MATH-251-401,3,4,4,0,0,11,2.909,0,0,0,3,0,14,KANG C
"",27.27%,36.36%,36.36%,0.00%,0.00%,,,,,,,,,
COURSE TOTAL:,3,4,4,0,0,11,2.909,0,0,0,3,0,14,
"",27.27%,36.36%,36.36%,0.00%,0.00%,,,,,,,,,
MATH-308-401,2,0,4,0,0,6,2.666,0,0,0,1,0,7,LUXEMBURG L
"",33.33%,0.00%,66.67%,0.00%,0.00%,,,,,,,,,
COURSE TOTAL:,2,0,4,0,0,6,2.666,0,0,0,1,0,7,
"",33.33%,0.00%,66.67%,0.00%,0.00%,,,,,,,,,
PHYS-201-401,9,5,2,0,1,17,3.235,1,0,0,0,0,18,RANTSCHLER J
"",52.94%,29.41%,11.76%,0.00%,5.88%,,,,,,,,,
PHYS-201-402,4,7,5,1,0,17,2.823,0,0,0,1,0,18,RANTSCHLER J
"",23.53%,41.18%,29.41%,5.88%,0.00%,,,,,,,,,
PHYS-201-403,4,5,2,1,1,13,2.769,0,0,0,0,0,13,RANTSCHLER J
"",30.77%,38.46%,15.38%,7.69%,7.69%,,,,,,,,,
COURSE TOTAL:,17,17,9,2,2,47,2.957,1,0,0,1,0,49,
"",36.17%,36.17%,19.15%,4.26%,4.26%,,,,,,,,,
PHYS-202-401,5,2,4,2,1,14,2.571,0,0,0,0,0,14,BOULAHOUACHE C
"",35.71%,14.29%,28.57%,14.29%,7.14%,,,,,,,,,
PHYS-202-405,5,4,5,3,0,17,2.647,0,0,0,1,0,18,BOULAHOUACHE C
"",29.41%,23.53%,29.41%,17.65%,0.00%,,,,,,,,,
COURSE TOTAL:,10,6,9,5,1,31,2.612,0,0,0,1,0,32,
"",32.26%,19.35%,29.03%,16.13%,3.23%,,,,,,,,,
PHYS-206-401,14,12,13,1,1,41,2.902,0,0,0,0,0,41,RANTSCHLER J
"",34.15%,29.27%,31.71%,2.44%,2.44%,,,,,,,,,
PHYS-206-402,44,15,6,2,1,68,3.455,0,0,0,1,0,69,RANTSCHLER J
"",64.71%,22.06%,8.82%,2.94%,1.47%,,,,,,,,,
PHYS-206-403,25,23,24,1,0,73,2.986,0,0,0,3,0,76,BOULAHOUACHE C
"",34.25%,31.51%,32.88%,1.37%,0.00%,,,,,,,,,
PHYS-206-404,26,12,5,0,1,44,3.409,0,0,0,1,0,45,KLEIN D
"",59.09%,27.27%,11.36%,0.00%,2.27%,,,,,,,,,
COURSE TOTAL:,109,62,48,4,3,226,3.194,0,0,0,5,0,231,
"",48.23%,27.43%,21.24%,1.77%,1.33%,,,,,,,,,
PHYS-207-400,0,3,6,0,1,10,2.100,0,0,0,2,0,12,KLEIN D
"",0.00%,30.00%,60.00%,0.00%,10.00%,,,,,,,,,
COURSE TOTAL:,0,3,6,0,1,10,2.100,0,0,0,2,0,12,
"",0.00%,30.00%,60.00%,0.00%,10.00%,,,,,,,,,
PHYS-226-400,3,3,4,0,0,10,2.900,0,0,0,0,0,10,BOULAHOUACHE C
"",30.00%,30.00%,40.00%,0.00%,0.00%,,,,,,,,,
COURSE TOTAL:,3,3,4,0,0,10,2.900,0,0,0,0,0,10,
"",30.00%,30.00%,40.00%,0.00%,0.00%,,,,,,,,,
PHYS-227-400,2,4,1,0,0,7,3.142,0,0,0,0,0,7,BOULAHOUACHE C
"",28.57%,57.14%,14.29%,0.00%,0.00%,,,,,,,,,
COURSE TOTAL:,2,4,1,0,0,7,3.142,0,0,0,0,0,7
"",28.57%,57.14%,14.29%,0.00%,0.00%,,,,,,,,
DEPARTMENT TOTAL:,527,551,469,167,109,1823,2.635,2,0,0,151,0,1976
"",28.91%,30.22%,25.73%,9.16%,5.98%,,,,,,,,
ANTH-202-401,12,2,1,0,0,15,3.733,0,0,0,1,0,16,DALLY R
"",80.00%,13.33%,6.67%,0.00%,0.00%,,,,,,,,,
COURSE TOTAL:,12,2,1,0,0,15,3.733,0,0,0,1,0,16,
"",80.00%,13.33%,6.67%,0.00%,0.00%,,,,,,,,,
ANTH-210-401,17,11,5,0,1,34,3.264,0,0,0,2,0,36,FURTH B
"",50.00%,32.35%,14.71%,0.00%,2.94%,,,,,,,,,
ANTH-210-700,25,8,2,1,2,38,3.394,0,0,0,2,0,40,FURTH B
"",65.79%,21.05%,5.26%,2.63%,5.26%,,,,,,,,,
ANTH-210-701,12,8,6,1,5,32,2.656,0,0,0,8,0,40,FURTH B
"",37.50%,25.00%,18.75%,3.13%,15.63%,,,,,,,,,
COURSE TOTAL:,54,27,13,2,8,104,3.125,0,0,0,12,0,116,
"",51.92%,25.96%,12.50%,1.92%,7.69%,,,,,,,,,
ANTH-225-400,9,2,1,1,2,15,3.000,0,0,0,1,0,16,WHITE L
"",60.00%,13.33%,6.67%,6.67%,13.33%,,,,,,,,,
COURSE TOTAL:,9,2,1,1,2,15,3.000,0,0,0,1,0,16,
"",60.00%,13.33%,6.67%,6.67%,13.33%,,,,,,,,,
ANTH-409-400,4,2,1,1,0,8,3.125,0,0,0,0,0,8,FURTH B
"",50.00%,25.00%,12.50%,12.50%,0.00%,,,,,,,,,
COURSE TOTAL:,4,2,1,1,0,8,3.125,0,0,0,0,0,8,
"",50.00%,25.00%,12.50%,12.50%,0.00%,,,,,,,,,
ANTH-423-400,22,9,0,0,0,31,3.709,0,0,0,0,0,31,MARK S
"",70.97%,29.03%,0.00%,0.00%,0.00%,,,,,,,,,
COURSE TOTAL:,22,9,0,0,0,31,3.709,0,0,0,0,0,31,
"",70.97%,29.03%,0.00%,0.00%,0.00%,,,,,,,,,
COMM-203-400,6,6,1,1,2,16,2.812,0,0,0,2,0,18,VISER V
"",37.50%,37.50%,6.25%,6.25%,12.50%,,,,,,,,,
COMM-203-406,2,16,3,0,1,22,2.818,0,0,0,0,0,22,VISER V
"",9.09%,72.73%,13.64%,0.00%,4.55%,,,,,,,,,
COURSE TOTAL:,8,22,4,1,3,38,2.815,0,0,0,2,0,40,
"",21.05%,57.89%,10.53%,2.63%,7.89%,,,,,,,,,
COMM-205-400,6,12,1,0,3,22,2.818,0,0,0,0,0,22,VISER V
"",27.27%,54.55%,4.55%,0.00%,13.64%,,,,,,,,,
COURSE TOTAL:,6,12,1,0,3,22,2.818,0,0,0,0,0,22,
"",27.27%,54.55%,4.55%,0.00%,13.64%,,,,,,,,,
DIVE-250-401,4,4,0,0,0,8,3.500,0,0,0,0,0,8,WILLIAMS S
"",50.00%,50.00%,0.00%,0.00%,0.00%,,,,,,,,,
COURSE TOTAL:,4,4,0,0,0,8,3.500,0,0,0,0,0,8,
"",50.00%,50.00%,0.00%,0.00%,0.00%,,,,,,,,,
DIVE-260-401,4,5,1,0,0,10,3.300,0,0,0,0,0,10,PINTACUDA J
"",40.00%,50.00%,10.00%,0.00%,0.00%,,,,,,,,,
DIVE-260-402,3,6,2,0,0,11,3.090,0,0,0,0,0,11,PINTACUDA J
"",27.27%,54.55%,18.18%,0.00%,0.00%,,,,,,,,,
COURSE TOTAL:,7,11,3,0,0,21,3.190,0,0,0,0,0,21,
"",33.33%,52.38%,14.29%,0.00%,0.00%,,,,,,,,,
DIVE-331-401,4,2,0,0,0,6,3.666,0,0,0,0,0,6,LEDFORD C
"",66.67%,33.33%,0.00%,0.00%,0.00%,,,,,,,,,
COURSE TOTAL:,4,2,0,0,0,6,3.666,0,0,0,0,0,6,
"",66.67%,33.33%,0.00%,0.00%,0.00%,,,,,,,,,
DIVE-410-400,3,4,0,0,0,7,3.428,0,0,0,0,0,7,WHITE L
"",42.86%,57.14%,0.00%,0.00%,0.00%,,,,,,,,,
DIVE-410-401,4,3,0,0,0,7,3.571,0,0,0,0,0,7,WHITE L
"",57.14%,42.86%,0.00%,0.00%,0.00%,,,,,,,,,
COURSE TOTAL:,7,7,0,0,0,14,3.500,0,0,0,0,0,14,
"",50.00%,50.00%,0.00%,0.00%,0.00%,,,,,,,,,
DIVE-489-700,8,2,2,0,0,12,3.500,0,0,0,1,0,13,LEDFORD C
"",66.67%,16.67%,16.67%,0.00%,0.00%,,,,,,,,,
COURSE TOTAL:,8,2,2,0,0,12,3.500,0,0,0,1,0,13,
"",66.67%,16.67%,16.67%,0.00%,0.00%,,,,,,,,,
ENGL-104-400,6,7,5,1,2,21,2.666,0,0,0,0,0,21,OTTMAN R
"",28.57%,33.33%,23.81%,4.76%,9.52%,,,,,,,,,
ENGL-104-401,20,1,0,0,1,22,3.772,0,0,0,0,0,22,WALLACE D
"",90.91%,4.55%,0.00%,0.00%,4.55%,,,,,,,,,
ENGL-104-412,7,8,3,1,0,19,3.105,0,0,0,2,0,21,OTTMAN R
"",36.84%,42.11%,15.79%,5.26%,0.00%,,,,,,,,,
ENGL-104-413,5,5,4,3,2,19,2.421,0,0,0,3,0,22,OTTMAN R
"",26.32%,26.32%,21.05%,15.79%,10.53%,,,,,,,,,
ENGL-104-415,20,0,1,0,0,21,3.904,0,0,0,0,1,22,PRESSWOOD P
"",95.24%,0.00%,4.76%,0.00%,0.00%,,,,,,,,,
ENGL-104-416,21,1,0,0,0,22,3.954,0,0,0,0,0,22,PRESSWOOD P
"",95.45%,4.55%,0.00%,0.00%,0.00%,,,,,,,,,
ENGL-104-514,19,1,1,0,0,21,3.857,0,0,0,0,0,21,PRESSWOOD P
"",90.48%,4.76%,4.76%,0.00%,0.00%,,,,,,,,,
COURSE TOTAL:,98,23,14,5,5,145,3.406,0,0,0,5,1,151,
"",67.59%,15.86%,9.66%,3.45%,3.45%,,,,,,,,,
ENGL-203-400,6,5,0,1,2,14,2.857,0,0,0,1,0,15,TRABER D
"",42.86%,35.71%,0.00%,7.14%,14.29%,,,,,,,,,
COURSE TOTAL:,6,5,0,1,2,14,2.857,0,0,0,1,0,15,
"",42.86%,35.71%,0.00%,7.14%,14.29%,,,,,,,,,
ENGL-210-402,18,3,0,0,1,22,3.681,0,0,0,0,0,22,ECHOLS K
"",81.82%,13.64%,0.00%,0.00%,4.55%,,,,,,,,,
ENGL-210-403,15,5,1,1,0,22,3.545,0,0,0,0,0,22,ECHOLS K
"",68.18%,22.73%,4.55%,4.55%,0.00%,,,,,,,,,
ENGL-210-404,14,4,1,0,0,19,3.684,0,0,0,2,0,21,BALLINGALL T
"",73.68%,21.05%,5.26%,0.00%,0.00%,,,,,,,,,
ENGL-210-405,10,2,2,1,5,20,2.550,0,0,0,0,0,20,BALLINGALL T
"",50.00%,10.00%,10.00%,5.00%,25.00%,,,,,,,,,
ENGL-210-406,14,6,1,1,0,22,3.500,0,0,0,0,0,22,BALLINGALL T
"",63.64%,27.27%,4.55%,4.55%,0.00%,,,,,,,,,
ENGL-210-407,11,4,5,0,1,21,3.142,0,0,0,1,0,22,BALLINGALL T
"",52.38%,19.05%,23.81%,0.00%,4.76%,,,,,,,,,
COURSE TOTAL:,82,24,10,3,7,126,3.357,0,0,0,3,0,129,
"",65.08%,19.05%,7.94%,2.38%,5.56%,,,,,,,,,
ENGL-335-400,12,2,4,0,1,19,3.263,0,0,0,0,0,19,ECHOLS K
"",63.16%,10.53%,21.05%,0.00%,5.26%,,,,,,,,,
COURSE TOTAL:,12,2,4,0,1,19,3.263,0,0,0,0,0,19,
"",63.16%,10.53%,21.05%,0.00%,5.26%,,,,,,,,,
ENGL-415-400,2,7,0,0,2,11,2.636,0,0,0,0,0,11,TRABER D
"",18.18%,63.64%,0.00%,0.00%,18.18%,,,,,,,,,
COURSE TOTAL:,2,7,0,0,2,11,2.636,0,0,0,0,0,11,
"",18.18%,63.64%,0.00%,0.00%,18.18%,,,,,,,,,
GALV-101-400,4,1,0,0,0,5,3.800,0,0,0,1,0,6,FALVO K
"",80.00%,20.00%,0.00%,0.00%,0.00%,,,,,,,,,
COURSE TOTAL:,4,1,0,0,0,5,3.800,0,0,0,1,0,6,
"",80.00%,20.00%,0.00%,0.00%,0.00%,,,,,,,,,
HISP-204-499,25,1,1,0,5,32,3.281,0,0,0,5,1,38,MANDUJANO M
"",78.13%,3.13%,3.13%,0.00%,15.63%,,,,,,,,,
COURSE TOTAL:,25,1,1,0,5,32,3.281,0,0,0,5,1,38,
"",78.13%,3.13%,3.13%,0.00%,15.63%,,,,,,,,,
HIST-105-700,20,16,6,2,4,48,2.958,0,0,0,2,0,50,FALVO K
"",41.67%,33.33%,12.50%,4.17%,8.33%,,,,,,,,,
HIST-105-701,9,11,15,4,6,45,2.288,0,0,0,2,0,47,FALVO K
"",20.00%,24.44%,33.33%,8.89%,13.33%,,,,,,,,,
COURSE TOTAL:,29,27,21,6,10,93,2.634,0,0,0,4,0,97,
"",31.18%,29.03%,22.58%,6.45%,10.75%,,,,,,,,,
HIST-106-400,0,3,5,2,1,11,1.909,0,0,0,0,0,11,RYAN J
"",0.00%,27.27%,45.45%,18.18%,9.09%,,,,,,,,,
HIST-106-403,2,15,7,2,2,28,2.464,0,0,0,2,0,30,RYAN J
"",7.14%,53.57%,25.00%,7.14%,7.14%,,,,,,,,,
COURSE TOTAL:,2,18,12,4,3,39,2.307,0,0,0,2,0,41,
"",5.13%,46.15%,30.77%,10.26%,7.69%,,,,,,,,,
HIST-226-400,33,17,14,5,11,80,2.700,0,0,0,11,0,91,FALVO K
"",41.25%,21.25%,17.50%,6.25%,13.75%,,,,,,,,,
COURSE TOTAL:,33,17,14,5,11,80,2.700,0,0,0,11,0,91,
"",41.25%,21.25%,17.50%,6.25%,13.75%,,,,,,,,,
HIST-242-400,9,49,29,5,7,99,2.484,0,0,0,1,0,100,EARLE T
"",9.09%,49.49%,29.29%,5.05%,7.07%,,,,,,,,,
COURSE TOTAL:,9,49,29,5,7,99,2.484,0,0,0,1,0,100,
"",9.09%,49.49%,29.29%,5.05%,7.07%,,,,,,,,,
KINE-120-401,9,3,3,0,1,16,3.187,0,0,0,1,0,17,SLATTON K
"",56.25%,18.75%,18.75%,0.00%,6.25%,,,,,,,,,
KINE-120-403,6,3,3,2,1,15,2.733,1,0,0,1,0,17,SLATTON K
"",40.00%,20.00%,20.00%,13.33%,6.67%,,,,,,,,,
KINE-120-404,4,1,0,1,0,6,3.333,0,0,0,0,0,6,SLATTON K
"",66.67%,16.67%,0.00%,16.67%,0.00%,,,,,,,,,
KINE-120-405,8,2,0,0,2,12,3.166,0,0,0,0,0,12,SLATTON K
"",66.67%,16.67%,0.00%,0.00%,16.67%,,,,,,,,,
COURSE TOTAL:,27,9,6,3,4,49,3.061,1,0,0,2,0,52,
"",55.10%,18.37%,12.24%,6.12%,8.16%,,,,,,,,,
KINE-199-400,6,0,1,0,0,7,3.714,0,7,0,0,0,14,SLATTON K
"",85.71%,0.00%,14.29%,0.00%,0.00%,,,,,,,,,
KINE-199-401,6,0,0,0,0,6,4.000,0,4,0,0,0,10,HUFTON A
"",100.00%,0.00%,0.00%,0.00%,0.00%,,,,,,,,,
KINE-199-412,5,1,0,0,0,6,3.285,0,11,1,1,0,19,SLATTON K
"",83.33%,16.67%,0.00%,0.00%,0.00%,,,,,,,,,
COURSE TOTAL:,17,1,1,0,0,19,3.650,0,22,1,1,0,43,
"",89.47%,5.26%,5.26%,0.00%,0.00%,,,,,,,,,
KINE-223-401,13,4,4,0,0,21,3.428,0,0,0,0,0,21,HUFTON A
"",61.90%,19.05%,19.05%,0.00%,0.00%,,,,,,,,,
KINE-223-402,8,6,4,0,3,21,2.761,0,0,0,0,0,21,HUFTON A
"",38.10%,28.57%,19.05%,0.00%,14.29%,,,,,,,,,
COURSE TOTAL:,21,10,8,0,3,42,3.095,0,0,0,0,0,42,
"",50.00%,23.81%,19.05%,0.00%,7.14%,,,,,,,,,
KINE-282-400,9,7,3,0,1,20,3.150,0,0,0,0,0,20,SLATTON K
"",45.00%,35.00%,15.00%,0.00%,5.00%,,,,,,,,,
COURSE TOTAL:,9,7,3,0,1,20,3.150,0,0,0,0,0,20,
"",45.00%,35.00%,15.00%,0.00%,5.00%,,,,,,,,,
MAST-226-400,8,4,1,0,1,14,3.285,0,0,0,1,0,15,JOSVOLL K
"",57.14%,28.57%,7.14%,0.00%,7.14%,,,,,,,,,
COURSE TOTAL:,8,4,1,0,1,14,3.285,0,0,0,1,0,15,
"",57.14%,28.57%,7.14%,0.00%,7.14%,,,,,,,,,
MAST-230-400,5,2,3,0,0,10,3.200,0,0,0,0,0,10,JOSVOLL K
"",50.00%,20.00%,30.00%,0.00%,0.00%,,,,,,,,,
COURSE TOTAL:,5,2,3,0,0,10,3.200,0,0,0,0,0,10,
"",50.00%,20.00%,30.00%,0.00%,0.00%,,,,,,,,,
MAST-240-401,5,6,1,0,1,13,3.076,0,0,0,0,0,13,JOSVOLL K
"",38.46%,46.15%,7.69%,0.00%,7.69%,,,,,,,,,
COURSE TOTAL:,5,6,1,0,1,13,3.076,0,0,0,0,0,13,
"",38.46%,46.15%,7.69%,0.00%,7.69%,,,,,,,,,
MAST-354-400,16,8,6,0,0,30,3.333,0,0,0,0,0,30,MARK S
"",53.33%,26.67%,20.00%,0.00%,0.00%,,,,,,,,,
COURSE TOTAL:,16,8,6,0,0,30,3.333,0,0,0,0,0,30,
"",53.33%,26.67%,20.00%,0.00%,0.00%,,,,,,,,,
MAST-369-400,6,2,1,0,0,9,3.555,0,0,0,0,0,9,JOSVOLL K
"",66.67%,22.22%,11.11%,0.00%,0.00%,,,,,,,,,
COURSE TOTAL:,6,2,1,0,0,9,3.555,0,0,0,0,0,9,
"",66.67%,22.22%,11.11%,0.00%,0.00%,,,,,,,,,
MAST-411-901,9,4,1,0,0,14,3.571,0,0,0,1,0,15,DIGEORGIO-LUTZ J
"",64.29%,28.57%,7.14%,0.00%,0.00%,,,,,,,,,
COURSE TOTAL:,9,4,1,0,0,14,3.571,0,0,0,1,0,15,
"",64.29%,28.57%,7.14%,0.00%,0.00%,,,,,,,,,
MAST-441-900,7,2,0,0,1,10,3.400,0,0,0,0,0,10,NYMAN E
"",70.00%,20.00%,0.00%,0.00%,10.00%,,,,,,,,,
COURSE TOTAL:,7,2,0,0,1,10,3.400,0,0,0,0,0,10,
"",70.00%,20.00%,0.00%,0.00%,10.00%,,,,,,,,,
MAST-489-400,10,0,0,0,0,10,4.000,0,0,0,0,0,10,HANEY A
"",100.00%,0.00%,0.00%,0.00%,0.00%,,,,,,,,,
MAST-489-499,5,2,0,0,0,7,3.714,0,0,0,3,0,10,DIGEORGIO-LUTZ J
"",71.43%,28.57%,0.00%,0.00%,0.00%,,,,,,,,,
COURSE TOTAL:,15,2,0,0,0,17,3.909,0,0,0,3,0,20,
"",88.24%,11.76%,0.00%,0.00%,0.00%,,,,,,,,,
MAST-491-401,4,1,0,0,0,5,3.666,0,0,0,0,0,5,WHITE L
"",80.00%,20.00%,0.00%,0.00%,0.00%,,,,,,,,,
COURSE TOTAL:,4,1,0,0,0,5,3.666,0,0,0,0,0,5,
"",80.00%,20.00%,0.00%,0.00%,0.00%,,,,,,,,,
PERF-226-400,59,0,0,0,0,59,4.000,0,0,0,0,0,59,KATES-HAMMOND C
"",100.00%,0.00%,0.00%,0.00%,0.00%,,,,,,,,,
PERF-226-700,40,0,0,0,0,40,4.000,0,0,0,0,0,40,KATES-HAMMOND C
"",100.00%,0.00%,0.00%,0.00%,0.00%,,,,,,,,,
COURSE TOTAL:,99,0,0,0,0,99,4.000,0,0,0,0,0,99,
"",100.00%,0.00%,0.00%,0.00%,0.00%,,,,,,,,,
PERF-281-400,16,7,5,4,2,34,2.911,0,0,0,0,0,34,NEALON W
"",47.06%,20.59%,14.71%,11.76%,5.88%,,,,,,,,,
COURSE TOTAL:,16,7,5,4,2,34,2.911,0,0,0,0,0,34,
"",47.06%,20.59%,14.71%,11.76%,5.88%,,,,,,,,,
PERF-301-700,26,7,2,0,0,35,3.685,0,0,0,0,0,35,NEALON W
"",74.29%,20.00%,5.71%,0.00%,0.00%,,,,,,,,,
COURSE TOTAL:,26,7,2,0,0,35,3.685,0,0,0,0,0,35,
"",74.29%,20.00%,5.71%,0.00%,0.00%,,,,,,,,,
PHIL-111-400,17,14,3,0,0,34,3.411,0,0,0,4,0,38,DOMSKY D
"",50.00%,41.18%,8.82%,0.00%,0.00%,,,,,,,,,
COURSE TOTAL:,17,14,3,0,0,34,3.411,0,0,0,4,0,38,
"",50.00%,41.18%,8.82%,0.00%,0.00%,,,,,,,,,
PHIL-240-400,9,6,5,0,1,21,3.047,0,0,0,0,0,21,DOMSKY D
"",42.86%,28.57%,23.81%,0.00%,4.76%,,,,,,,,,
COURSE TOTAL:,9,6,5,0,1,21,3.047,0,0,0,0,0,21,
"",42.86%,28.57%,23.81%,0.00%,4.76%,,,,,,,,,
POLS-206-400,0,0,0,3,4,7,0.428,0,0,0,0,0,7,HANEY A
"",0.00%,0.00%,0.00%,42.86%,57.14%,,,,,,,,,
POLS-206-404,5,15,14,8,6,48,2.104,0,0,0,6,0,54,HANEY A
"",10.42%,31.25%,29.17%,16.67%,12.50%,,,,,,,,,
POLS-206-405,4,18,9,11,9,51,1.941,0,0,0,7,0,58,HANEY A
"",7.84%,35.29%,17.65%,21.57%,17.65%,,,,,,,,,
POLS-206-499,16,14,6,3,1,40,3.025,0,0,0,0,0,40,NYMAN E
"",40.00%,35.00%,15.00%,7.50%,2.50%,,,,,,,,,
COURSE TOTAL:,25,47,29,25,20,146,2.219,0,0,0,13,0,159,
"",17.12%,32.19%,19.86%,17.12%,13.70%,,,,,,,,,
POLS-207-401,15,44,34,11,4,108,2.509,0,0,0,24,0,132,HANEY A
"",13.89%,40.74%,31.48%,10.19%,3.70%,,,,,,,,,
COURSE TOTAL:,15,44,34,11,4,108,2.509,0,0,0,24,0,132,
"",13.89%,40.74%,31.48%,10.19%,3.70%,,,,,,,,,
PSYC-107-400,33,0,0,0,0,33,4.000,0,0,0,1,0,34,MCCLOUD D
"",100.00%,0.00%,0.00%,0.00%,0.00%,,,,,,,,,
COURSE TOTAL:,33,0,0,0,0,33,4.000,0,0,0,1,0,34,
"",100.00%,0.00%,0.00%,0.00%,0.00%,,,,,,,,,
SOCI-205-400,5,9,8,3,3,28,2.357,1,0,0,0,0,29,LAMPHERE J
"",17.86%,32.14%,28.57%,10.71%,10.71%,,,,,,,,,
COURSE TOTAL:,5,9,8,3,3,28,2.357,1,0,0,0,0,29,
"",17.86%,32.14%,28.57%,10.71%,10.71%,,,,,,,,,
DEPARTMENT TOTAL:,841,468,248,80,110,1747,3.049,2,22,1,100,2,1874
"",48.14%,26.79%,14.20%,4.58%,6.30%,,,,,,,,
MARS-102-400,6,6,3,0,1,16,3.000,0,0,0,0,0,16,SMITH C
"",37.50%,37.50%,18.75%,0.00%,6.25%,,,,,,,,,
MARS-102-401,5,5,2,0,0,12,3.250,0,0,0,0,0,12,SMITH C
"",41.67%,41.67%,16.67%,0.00%,0.00%,,,,,,,,,
MARS-102-402,5,7,3,1,0,16,3.000,0,0,0,0,0,16,SMITH C
"",31.25%,43.75%,18.75%,6.25%,0.00%,,,,,,,,,
MARS-102-403,3,8,3,1,1,16,2.687,0,0,0,0,0,16,SMITH C
"",18.75%,50.00%,18.75%,6.25%,6.25%,,,,,,,,,
MARS-102-404,4,1,2,0,2,9,2.555,0,0,0,0,0,9,SMITH C
"",44.44%,11.11%,22.22%,0.00%,22.22%,,,,,,,,,
MARS-102-405,6,3,4,0,0,13,3.153,0,0,0,0,0,13,SMITH C
"",46.15%,23.08%,30.77%,0.00%,0.00%,,,,,,,,,
COURSE TOTAL:,29,30,17,2,4,82,2.951,0,0,0,0,0,82,
"",35.37%,36.59%,20.73%,2.44%,4.88%,,,,,,,,,
MARS-303-401,5,2,0,3,0,10,2.900,0,0,0,3,0,13,PARK K
"",50.00%,20.00%,0.00%,30.00%,0.00%,,,,,,,,,
COURSE TOTAL:,5,2,0,3,0,10,2.900,0,0,0,3,0,13,
"",50.00%,20.00%,0.00%,30.00%,0.00%,,,,,,,,,
MARS-310-401,6,13,3,1,0,23,3.043,0,0,0,0,0,23,SMITH C
"",26.09%,56.52%,13.04%,4.35%,0.00%,,,,,,,,,
COURSE TOTAL:,6,13,3,1,0,23,3.043,0,0,0,0,0,23,
"",26.09%,56.52%,13.04%,4.35%,0.00%,,,,,,,,,
MARS-325-401,6,3,2,1,0,12,3.166,0,0,0,0,0,12,RETCHLESS D
"",50.00%,25.00%,16.67%,8.33%,0.00%,,,,,,,,,
COURSE TOTAL:,6,3,2,1,0,12,3.166,0,0,0,0,0,12,
"",50.00%,25.00%,16.67%,8.33%,0.00%,,,,,,,,,
MARS-330-400,6,4,1,0,0,11,3.454,0,0,0,0,0,11,HILL A
"",54.55%,36.36%,9.09%,0.00%,0.00%,,,,,,,,,
COURSE TOTAL:,6,4,1,0,0,11,3.454,0,0,0,0,0,11,
"",54.55%,36.36%,9.09%,0.00%,0.00%,,,,,,,,,
MARS-350-400,14,3,0,0,1,18,3.611,0,0,0,0,0,18,KOVACEVICH J
"",77.78%,16.67%,0.00%,0.00%,5.56%,,,,,,,,,
COURSE TOTAL:,14,3,0,0,1,18,3.611,0,0,0,0,0,18,
"",77.78%,16.67%,0.00%,0.00%,5.56%,,,,,,,,,
MARS-428-901,3,4,1,1,0,9,3.000,0,0,0,0,0,9,TOWNSEND G
"",33.33%,44.44%,11.11%,11.11%,0.00%,,,,,,,,,
COURSE TOTAL:,3,4,1,1,0,9,3.000,0,0,0,0,0,9,
"",33.33%,44.44%,11.11%,11.11%,0.00%,,,,,,,,,
MARS-430-900,3,5,6,1,0,15,2.666,0,0,0,0,0,15,DELLAPENNA T
"",20.00%,33.33%,40.00%,6.67%,0.00%,,,,,,,,,
MARS-430-901,7,6,4,3,0,20,2.850,0,0,0,0,0,20,DELLAPENNA T
"",35.00%,30.00%,20.00%,15.00%,0.00%,,,,,,,,,
COURSE TOTAL:,10,11,10,4,0,35,2.771,0,0,0,0,0,35,
"",28.57%,31.43%,28.57%,11.43%,0.00%,,,,,,,,,
MARS-440-400,2,6,9,0,0,17,2.588,0,0,0,0,0,17,KAISER K
"",11.76%,35.29%,52.94%,0.00%,0.00%,,,,,,,,,
COURSE TOTAL:,2,6,9,0,0,17,2.588,0,0,0,0,0,17,
"",11.76%,35.29%,52.94%,0.00%,0.00%,,,,,,,,,
MARS-461-901,8,2,1,0,0,11,3.636,0,0,0,0,0,11,DELLAPENNA T
"",72.73%,18.18%,9.09%,0.00%,0.00%,,,,,,,,,
COURSE TOTAL:,8,2,1,0,0,11,3.636,0,0,0,0,0,11,
"",72.73%,18.18%,9.09%,0.00%,0.00%,,,,,,,,,
MARS-481-401,17,0,0,0,0,17,4.000,0,0,0,0,0,17,SANTSCHI P
"",100.00%,0.00%,0.00%,0.00%,0.00%,,,,,,,,,
COURSE TOTAL:,17,0,0,0,0,17,4.000,0,0,0,0,0,17,
"",100.00%,0.00%,0.00%,0.00%,0.00%,,,,,,,,,
MARS-491-406,6,0,0,0,0,6,4.000,0,0,0,0,0,6,DELLAPENNA T
"",100.00%,0.00%,0.00%,0.00%,0.00%,,,,,,,,,
COURSE TOTAL:,6,0,0,0,0,6,4.000,0,0,0,0,0,6,
"",100.00%,0.00%,0.00%,0.00%,0.00%,,,,,,,,,
MARS-625-601,8,3,2,0,0,13,3.461,0,0,0,1,0,14,RETCHLESS D
"",61.54%,23.08%,15.38%,0.00%,0.00%,,,,,,,,,
COURSE TOTAL:,8,3,2,0,0,13,3.461,0,0,0,1,0,14,
"",61.54%,23.08%,15.38%,0.00%,0.00%,,,,,,,,,
MARS-626-600,12,0,0,0,0,12,4.000,0,0,0,0,0,12,HIGHFIELD W
"",100.00%,0.00%,0.00%,0.00%,0.00%,,,,,,,,,
COURSE TOTAL:,12,0,0,0,0,12,4.000,0,0,0,0,0,12,
"",100.00%,0.00%,0.00%,0.00%,0.00%,,,,,,,,,
MARS-635-600,12,1,1,0,0,14,3.785,0,0,0,0,0,14,BODSON B
"",85.71%,7.14%,7.14%,0.00%,0.00%,,,,,,,,,
COURSE TOTAL:,12,1,1,0,0,14,3.785,0,0,0,0,0,14,
"",85.71%,7.14%,7.14%,0.00%,0.00%,,,,,,,,,
MARS-644-600,6,0,0,0,0,6,4.000,0,0,0,0,0,6,ROSS A
"",100.00%,0.00%,0.00%,0.00%,0.00%,,,,,,,,,
COURSE TOTAL:,6,0,0,0,0,6,4.000,0,0,0,0,0,6,
"",100.00%,0.00%,0.00%,0.00%,0.00%,,,,,,,,,
MARS-675-601,7,1,0,0,0,8,3.875,0,0,0,0,0,8,ROSS A
"",87.50%,12.50%,0.00%,0.00%,0.00%,,,,,,,,,
COURSE TOTAL:,7,1,0,0,0,8,3.875,0,0,0,0,0,8,
"",87.50%,12.50%,0.00%,0.00%,0.00%,,,,,,,,,
MARS-689-699,6,4,0,0,0,10,3.600,0,0,0,0,0,10,BRODY S
"",60.00%,40.00%,0.00%,0.00%,0.00%,,,,,,,,,
COURSE TOTAL:,6,4,0,0,0,10,3.600,0,0,0,0,0,10,
"",60.00%,40.00%,0.00%,0.00%,0.00%,,,,,,,,,
OCNG-251-401,6,6,4,11,1,28,2.178,0,0,0,4,0,32,SMITH C
"",21.43%,21.43%,14.29%,39.29%,3.57%,,,,,,,,,
COURSE TOTAL:,6,6,4,11,1,28,2.178,0,0,0,4,0,32,
"",21.43%,21.43%,14.29%,39.29%,3.57%,,,,,,,,,
DEPARTMENT TOTAL:,169,93,51,23,6,342,3.077,0,0,0,8,0,350
"",49.42%,27.19%,14.91%,6.73%,1.75%,,,,,,,,
BIOL-111-401,4,2,3,1,0,10,2.900,0,0,0,0,0,10,SCHWEIGHOFER M
"",40.00%,20.00%,30.00%,10.00%,0.00%,,,,,,,,,
BIOL-111-402,5,4,2,0,0,11,3.272,0,0,0,0,0,11,SCHWEIGHOFER M
"",45.45%,36.36%,18.18%,0.00%,0.00%,,,,,,,,,
BIOL-111-403,3,3,3,2,1,12,2.416,0,0,0,1,0,13,SCHWEIGHOFER M
"",25.00%,25.00%,25.00%,16.67%,8.33%,,,,,,,,,
COURSE TOTAL:,12,9,8,3,1,33,2.848,0,0,0,1,0,34,
"",36.36%,27.27%,24.24%,9.09%,3.03%,,,,,,,,,
BIOL-112-406,7,1,2,0,0,10,3.500,0,0,0,0,0,10,MATICH P
"",70.00%,10.00%,20.00%,0.00%,0.00%,,,,,,,,,
BIOL-112-408,8,1,2,0,0,11,3.545,0,0,0,0,0,11,MATICH P
"",72.73%,9.09%,18.18%,0.00%,0.00%,,,,,,,,,
COURSE TOTAL:,15,2,4,0,0,21,3.523,0,0,0,0,0,21,
"",71.43%,9.52%,19.05%,0.00%,0.00%,,,,,,,,,
MARB-101-401,9,4,1,1,0,15,3.400,0,0,0,0,0,15,STEICHEN J
"",60.00%,26.67%,6.67%,6.67%,0.00%,,,,,,,,,
MARB-101-402,14,8,0,0,2,24,3.333,0,0,0,0,0,24,STEICHEN J
"",58.33%,33.33%,0.00%,0.00%,8.33%,,,,,,,,,
MARB-101-403,13,5,1,2,0,21,3.380,0,0,0,0,0,21,STEICHEN J
"",61.90%,23.81%,4.76%,9.52%,0.00%,,,,,,,,,
MARB-101-404,6,2,3,0,0,11,3.272,0,0,0,0,0,11,STEICHEN J
"",54.55%,18.18%,27.27%,0.00%,0.00%,,,,,,,,,
MARB-101-405,14,6,3,0,1,24,3.333,0,0,0,0,0,24,STEICHEN J
"",58.33%,25.00%,12.50%,0.00%,4.17%,,,,,,,,,
COURSE TOTAL:,56,25,8,3,3,95,3.347,0,0,0,0,0,95,
"",58.95%,26.32%,8.42%,3.16%,3.16%,,,,,,,,,
MARB-215-400,1,3,3,0,0,7,2.714,0,0,0,0,0,7,SCHWEIGHOFER M
"",14.29%,42.86%,42.86%,0.00%,0.00%,,,,,,,,,
MARB-215-401,4,3,2,0,2,11,2.636,0,0,0,2,0,13,SCHWEIGHOFER M
"",36.36%,27.27%,18.18%,0.00%,18.18%,,,,,,,,,
MARB-215-402,2,3,3,1,2,11,2.181,0,0,0,0,0,11,SCHWEIGHOFER M
"",18.18%,27.27%,27.27%,9.09%,18.18%,,,,,,,,,
COURSE TOTAL:,7,9,8,1,4,29,2.482,0,0,0,2,0,31,
"",24.14%,31.03%,27.59%,3.45%,13.79%,,,,,,,,,
MARB-301-401,2,2,6,1,1,12,2.250,0,0,0,0,0,12,MIGLIETTA M
"",16.67%,16.67%,50.00%,8.33%,8.33%,,,,,,,,,
MARB-301-403,5,3,2,3,1,14,2.571,0,0,0,0,0,14,MIGLIETTA M
"",35.71%,21.43%,14.29%,21.43%,7.14%,,,,,,,,,
COURSE TOTAL:,7,5,8,4,2,26,2.423,0,0,0,0,0,26,
"",26.92%,19.23%,30.77%,15.38%,7.69%,,,,,,,,,
MARB-310-401,14,1,0,0,0,15,3.933,0,0,0,0,0,15,HALA D
"",93.33%,6.67%,0.00%,0.00%,0.00%,,,,,,,,,
MARB-310-402,18,0,0,0,0,18,4.000,0,0,0,0,0,18,HALA D
"",100.00%,0.00%,0.00%,0.00%,0.00%,,,,,,,,,
MARB-310-403,14,2,0,0,0,16,3.875,0,0,0,0,0,16,HALA D
"",87.50%,12.50%,0.00%,0.00%,0.00%,,,,,,,,,
MARB-310-404,19,0,0,0,0,19,4.000,0,0,0,0,0,19,HALA D
"",100.00%,0.00%,0.00%,0.00%,0.00%,,,,,,,,,
MARB-310-405,17,0,0,0,0,17,4.000,0,0,0,0,0,17,HALA D
"",100.00%,0.00%,0.00%,0.00%,0.00%,,,,,,,,,
MARB-310-406,16,0,0,0,0,16,4.000,0,0,0,0,0,16,HALA D
"",100.00%,0.00%,0.00%,0.00%,0.00%,,,,,,,,,
COURSE TOTAL:,98,3,0,0,0,101,3.970,0,0,0,0,0,101,
"",97.03%,2.97%,0.00%,0.00%,0.00%,,,,,,,,,
MARB-311-401,7,6,4,0,0,17,3.176,0,0,0,0,0,17,WELLS R
"",41.18%,35.29%,23.53%,0.00%,0.00%,,,,,,,,,
MARB-311-402,6,9,2,0,0,17,3.235,0,0,0,0,0,17,WELLS R
"",35.29%,52.94%,11.76%,0.00%,0.00%,,,,,,,,,
MARB-311-403,7,8,2,1,0,18,3.166,0,0,0,0,0,18,WELLS R
"",38.89%,44.44%,11.11%,5.56%,0.00%,,,,,,,,,
COURSE TOTAL:,20,23,8,1,0,52,3.192,0,0,0,0,0,52,
"",38.46%,44.23%,15.38%,1.92%,0.00%,,,,,,,,,
MARB-315-401,4,4,2,0,0,10,3.200,0,0,0,0,0,10,MARSHALL C
"",40.00%,40.00%,20.00%,0.00%,0.00%,,,,,,,,,
MARB-315-402,3,5,1,1,0,10,3.000,0,0,0,1,0,11,MARSHALL C
"",30.00%,50.00%,10.00%,10.00%,0.00%,,,,,,,,,
MARB-315-403,2,5,4,1,0,12,2.666,0,0,0,0,0,12,MARSHALL C
"",16.67%,41.67%,33.33%,8.33%,0.00%,,,,,,,,,
MARB-315-404,2,5,4,1,1,13,2.461,0,0,0,1,0,14,MARSHALL C
"",15.38%,38.46%,30.77%,7.69%,7.69%,,,,,,,,,
MARB-315-405,4,3,2,0,2,11,2.636,0,0,0,0,0,11,MARSHALL C
"",36.36%,27.27%,18.18%,0.00%,18.18%,,,,,,,,,
MARB-315-406,5,2,2,1,0,10,3.100,0,0,0,0,0,10,MARSHALL C
"",50.00%,20.00%,20.00%,10.00%,0.00%,,,,,,,,,
COURSE TOTAL:,20,24,15,4,3,66,2.818,0,0,0,2,0,68,
"",30.30%,36.36%,22.73%,6.06%,4.55%,,,,,,,,,
MARB-335-401,38,10,3,1,0,52,3.634,0,0,0,0,0,52,PETERSEN L
"",73.08%,19.23%,5.77%,1.92%,0.00%,,,,,,,,,
COURSE TOTAL:,38,10,3,1,0,52,3.634,0,0,0,0,0,52,
"",73.08%,19.23%,5.77%,1.92%,0.00%,,,,,,,,,
MARB-360-401,4,6,1,0,0,11,3.272,1,0,0,0,0,12,ALVARADO-BREMER J
"",36.36%,54.55%,9.09%,0.00%,0.00%,,,,,,,,,
MARB-360-402,5,7,0,0,0,12,3.416,1,0,0,0,0,13,ALVARADO-BREMER J
"",41.67%,58.33%,0.00%,0.00%,0.00%,,,,,,,,,
MARB-360-403,9,1,0,0,0,10,3.900,0,0,0,0,0,10,ALVARADO-BREMER J
"",90.00%,10.00%,0.00%,0.00%,0.00%,,,,,,,,,
MARB-360-404,6,1,3,0,1,11,3.000,0,0,0,0,0,11,ALVARADO-BREMER J
"",54.55%,9.09%,27.27%,0.00%,9.09%,,,,,,,,,
MARB-360-405,7,4,0,0,0,11,3.636,0,0,0,0,0,11,ALVARADO-BREMER J
"",63.64%,36.36%,0.00%,0.00%,0.00%,,,,,,,,,
MARB-360-406,7,4,0,0,0,11,3.636,0,0,0,0,0,11,ALVARADO-BREMER J
"",63.64%,36.36%,0.00%,0.00%,0.00%,,,,,,,,,
COURSE TOTAL:,38,23,4,0,1,66,3.469,2,0,0,0,0,68,
"",57.58%,34.85%,6.06%,0.00%,1.52%,,,,,,,,,
MARB-403-900,30,6,1,0,0,37,3.783,0,0,0,0,0,37,MATICH P
"",81.08%,16.22%,2.70%,0.00%,0.00%,,,,,,,,,
COURSE TOTAL:,30,6,1,0,0,37,3.783,0,0,0,0,0,37,
"",81.08%,16.22%,2.70%,0.00%,0.00%,,,,,,,,,
MARB-408-900,1,5,1,0,0,7,3.000,0,0,0,0,0,7,CAGLE S
"",14.29%,71.43%,14.29%,0.00%,0.00%,,,,,,,,,
MARB-408-901,2,7,1,0,0,10,3.100,0,0,0,0,0,10,CAGLE S
"",20.00%,70.00%,10.00%,0.00%,0.00%,,,,,,,,,
COURSE TOTAL:,3,12,2,0,0,17,3.058,0,0,0,0,0,17,
"",17.65%,70.59%,11.76%,0.00%,0.00%,,,,,,,,,
MARB-420-401,18,6,2,0,0,26,3.615,0,0,0,0,0,26,PETERSEN L
"",69.23%,23.08%,7.69%,0.00%,0.00%,,,,,,,,,
MARB-420-402,17,9,0,0,0,26,3.653,0,0,0,0,0,26,PETERSEN L
"",65.38%,34.62%,0.00%,0.00%,0.00%,,,,,,,,,
MARB-420-403,15,8,3,0,0,26,3.461,0,0,0,0,0,26,PETERSEN L
"",57.69%,30.77%,11.54%,0.00%,0.00%,,,,,,,,,
COURSE TOTAL:,50,23,5,0,0,78,3.576,0,0,0,0,0,78,
"",64.10%,29.49%,6.41%,0.00%,0.00%,,,,,,,,,
MARB-433-400,3,2,0,0,0,5,3.600,1,0,0,0,0,6,LABONTE J
"",60.00%,40.00%,0.00%,0.00%,0.00%,,,,,,,,,
COURSE TOTAL:,3,2,0,0,0,5,3.600,1,0,0,0,0,6,
"",60.00%,40.00%,0.00%,0.00%,0.00%,,,,,,,,,
MARB-435-901,5,2,1,0,0,8,3.500,0,0,0,0,0,8,JURGENS L
"",62.50%,25.00%,12.50%,0.00%,0.00%,,,,,,,,,
MARB-435-902,5,2,1,0,0,8,3.500,0,0,0,0,0,8,JURGENS L
"",62.50%,25.00%,12.50%,0.00%,0.00%,,,,,,,,,
MARB-435-903,1,1,1,0,2,5,1.800,0,0,0,0,0,5,JURGENS L
"",20.00%,20.00%,20.00%,0.00%,40.00%,,,,,,,,,
COURSE TOTAL:,11,5,3,0,2,21,3.095,0,0,0,0,0,21,
"",52.38%,23.81%,14.29%,0.00%,9.52%,,,,,,,,,
MARB-445-900,15,5,4,1,0,25,3.360,0,0,0,0,0,25,MATICH P
"",60.00%,20.00%,16.00%,4.00%,0.00%,,,,,,,,,
COURSE TOTAL:,15,5,4,1,0,25,3.360,0,0,0,0,0,25,
"",60.00%,20.00%,16.00%,4.00%,0.00%,,,,,,,,,
MARB-482-901,8,1,0,0,0,9,3.888,0,0,0,0,0,9,THOMPSON J
"",88.89%,11.11%,0.00%,0.00%,0.00%,,,,,,,,,
MARB-482-902,11,0,1,0,0,12,3.833,0,0,0,0,0,12,THOMPSON J
"",91.67%,0.00%,8.33%,0.00%,0.00%,,,,,,,,,
MARB-482-903,14,0,0,0,0,14,4.000,1,0,0,0,0,15,THOMPSON J
"",100.00%,0.00%,0.00%,0.00%,0.00%,,,,,,,,,
MARB-482-904,12,0,0,0,0,12,4.000,0,0,0,0,0,12,THOMPSON J
"",100.00%,0.00%,0.00%,0.00%,0.00%,,,,,,,,,
MARB-482-905,13,1,0,1,0,15,3.733,0,0,0,0,0,15,THOMPSON J
"",86.67%,6.67%,0.00%,6.67%,0.00%,,,,,,,,,
COURSE TOTAL:,58,2,1,1,0,62,3.887,1,0,0,0,0,63,
"",93.55%,3.23%,1.61%,1.61%,0.00%,,,,,,,,,
MARB-484-403,7,0,0,0,0,7,4.000,0,0,0,0,0,7,PETERSEN L
"",100.00%,0.00%,0.00%,0.00%,0.00%,,,,,,,,,
MARB-484-404,8,0,1,0,1,10,3.692,0,0,0,0,0,10,SCHWEIGHOFER M
"",80.00%,0.00%,10.00%,0.00%,10.00%,,,,,,,,,
COURSE TOTAL:,15,0,1,0,1,17,3.800,0,0,0,0,0,17,
"",88.24%,0.00%,5.88%,0.00%,5.88%,,,,,,,,,
MARB-491-402,6,0,0,0,0,6,4.000,0,1,0,0,0,7,WELLS R
"",100.00%,0.00%,0.00%,0.00%,0.00%,,,,,,,,,
MARB-491-411,5,0,0,0,0,5,4.000,0,1,0,0,0,6,PETERSEN L
"",100.00%,0.00%,0.00%,0.00%,0.00%,,,,,,,,,
COURSE TOTAL:,11,0,0,0,0,11,4.000,0,2,0,0,0,13,
"",100.00%,0.00%,0.00%,0.00%,0.00%,,,,,,,,,
MARB-668-600,15,5,1,0,0,21,3.666,0,0,0,1,0,22,SCHULZE A
"",71.43%,23.81%,4.76%,0.00%,0.00%,,,,,,,,,
COURSE TOTAL:,15,5,1,0,0,21,3.666,0,0,0,1,0,22,
"",71.43%,23.81%,4.76%,0.00%,0.00%,,,,,,,,,
MARB-689-601,6,1,0,0,0,7,3.857,0,0,0,0,0,7,ALVARADO-BREMER J
"",85.71%,14.29%,0.00%,0.00%,0.00%,,,,,,,,,
MARB-689-602,3,4,0,0,0,7,3.428,0,0,0,0,0,7,LIU H
"",42.86%,57.14%,0.00%,0.00%,0.00%,,,,,,,,,
MARB-689-603,12,3,0,0,0,15,3.800,0,0,0,0,0,15,WELLS R
"",80.00%,20.00%,0.00%,0.00%,0.00%,,,,,,,,,
COURSE TOTAL:,21,8,0,0,0,29,3.724,0,0,0,0,0,29,
"",72.41%,27.59%,0.00%,0.00%,0.00%,,,,,,,,,
DEPARTMENT TOTAL:,543,201,84,19,17,864,3.381,4,2,0,6,0,876
"",62.85%,23.26%,9.72%,2.20%,1.97%,,,,,,,,
MARE-111-401,9,9,5,1,0,24,3.083,0,0,0,1,0,25,MOORE A
"",37.50%,37.50%,20.83%,4.17%,0.00%,,,,,,,,,
MARE-111-402,14,2,4,1,0,21,3.380,0,0,0,3,0,24,MOORE A
"",66.67%,9.52%,19.05%,4.76%,0.00%,,,,,,,,,
COURSE TOTAL:,23,11,9,2,0,45,3.222,0,0,0,4,0,49,
"",51.11%,24.44%,20.00%,4.44%,0.00%,,,,,,,,,
MARE-205-400,5,2,0,0,0,7,3.714,0,0,0,0,0,7,FATHI N
"",71.43%,28.57%,0.00%,0.00%,0.00%,,,,,,,,,
COURSE TOTAL:,5,2,0,0,0,7,3.714,0,0,0,0,0,7,
"",71.43%,28.57%,0.00%,0.00%,0.00%,,,,,,,,,
MARE-206-401,13,9,4,0,0,26,3.346,0,0,0,0,0,26,MOORE A
"",50.00%,34.62%,15.38%,0.00%,0.00%,,,,,,,,,
COURSE TOTAL:,13,9,4,0,0,26,3.346,0,0,0,0,0,26,
"",50.00%,34.62%,15.38%,0.00%,0.00%,,,,,,,,,
MARE-207-402,0,6,5,1,0,12,2.416,0,0,0,2,0,14,POTIER P
"",0.00%,50.00%,41.67%,8.33%,0.00%,,,,,,,,,
COURSE TOTAL:,0,6,5,1,0,12,2.416,0,0,0,2,0,14,
"",0.00%,50.00%,41.67%,8.33%,0.00%,,,,,,,,,
MARE-209-401,2,2,6,2,1,13,2.153,0,0,0,0,0,13,NYAKITI L
"",15.38%,15.38%,46.15%,15.38%,7.69%,,,,,,,,,
COURSE TOTAL:,2,2,6,2,1,13,2.153,0,0,0,0,0,13,
"",15.38%,15.38%,46.15%,15.38%,7.69%,,,,,,,,,
MARE-211-401,2,9,3,1,0,15,2.800,1,0,0,1,0,17,COLEMAN G
"",13.33%,60.00%,20.00%,6.67%,0.00%,,,,,,,,,
MARE-211-403,3,6,3,1,1,14,2.642,0,0,0,0,0,14,COLEMAN G
"",21.43%,42.86%,21.43%,7.14%,7.14%,,,,,,,,,
COURSE TOTAL:,5,15,6,2,1,29,2.724,1,0,0,1,0,31,
"",17.24%,51.72%,20.69%,6.90%,3.45%,,,,,,,,,
MARE-242-401,8,2,1,0,0,11,3.636,0,0,0,0,0,11,MCQUEEN V
"",72.73%,18.18%,9.09%,0.00%,0.00%,,,,,,,,,
MARE-242-402,1,2,3,0,0,6,2.666,0,0,0,0,0,6,MCQUEEN V
"",16.67%,33.33%,50.00%,0.00%,0.00%,,,,,,,,,
MARE-242-403,12,0,0,0,0,12,4.000,0,0,0,0,0,12,MCQUEEN V
"",100.00%,0.00%,0.00%,0.00%,0.00%,,,,,,,,,
COURSE TOTAL:,21,4,4,0,0,29,3.586,0,0,0,0,0,29,
"",72.41%,13.79%,13.79%,0.00%,0.00%,,,,,,,,,
MARE-243-402,6,1,1,0,0,8,3.625,0,0,0,1,0,9,PEDERSEN F
"",75.00%,12.50%,12.50%,0.00%,0.00%,,,,,,,,,
MARE-243-403,1,6,1,0,0,8,3.000,3,0,0,0,0,11,PEDERSEN F
"",12.50%,75.00%,12.50%,0.00%,0.00%,,,,,,,,,
COURSE TOTAL:,7,7,2,0,0,16,3.312,3,0,0,1,0,20,
"",43.75%,43.75%,12.50%,0.00%,0.00%,,,,,,,,,
MARE-261-401,5,3,7,4,2,21,2.238,0,0,0,0,0,21,KHAN I
"",23.81%,14.29%,33.33%,19.05%,9.52%,,,,,,,,,
COURSE TOTAL:,5,3,7,4,2,21,2.238,0,0,0,0,0,21,
"",23.81%,14.29%,33.33%,19.05%,9.52%,,,,,,,,,
MARE-306-400,1,9,5,0,0,15,2.733,0,0,0,0,0,15,KHAN I
"",6.67%,60.00%,33.33%,0.00%,0.00%,,,,,,,,,
COURSE TOTAL:,1,9,5,0,0,15,2.733,0,0,0,0,0,15,
"",6.67%,60.00%,33.33%,0.00%,0.00%,,,,,,,,,
MARE-309-401,3,8,1,0,0,12,3.166,0,0,0,0,0,12,NYAKITI L
"",25.00%,66.67%,8.33%,0.00%,0.00%,,,,,,,,,
MARE-309-402,2,10,7,0,0,19,2.736,0,0,0,0,0,19,NYAKITI L
"",10.53%,52.63%,36.84%,0.00%,0.00%,,,,,,,,,
COURSE TOTAL:,5,18,8,0,0,31,2.903,0,0,0,0,0,31,
"",16.13%,58.06%,25.81%,0.00%,0.00%,,,,,,,,,
MARE-312-401,2,17,0,0,0,19,3.105,0,0,0,0,0,19,PEDERSEN F
"",10.53%,89.47%,0.00%,0.00%,0.00%,,,,,,,,,
MARE-312-403,1,15,3,0,0,19,2.894,0,0,0,0,0,19,PEDERSEN F
"",5.26%,78.95%,15.79%,0.00%,0.00%,,,,,,,,,
COURSE TOTAL:,3,32,3,0,0,38,3.000,0,0,0,0,0,38,
"",7.89%,84.21%,7.89%,0.00%,0.00%,,,,,,,,,
MARE-401-401,14,7,1,0,0,22,3.590,0,0,0,0,0,22,REEVES A
"",63.64%,31.82%,4.55%,0.00%,0.00%,,,,,,,,,
COURSE TOTAL:,14,7,1,0,0,22,3.590,0,0,0,0,0,22,
"",63.64%,31.82%,4.55%,0.00%,0.00%,,,,,,,,,
MARE-402-400,2,4,1,0,0,7,3.142,0,0,0,0,0,7,WALLACE J
"",28.57%,57.14%,14.29%,0.00%,0.00%,,,,,,,,,
MARE-402-401,0,16,4,0,0,20,2.800,0,0,0,0,0,20,WALLACE J
"",0.00%,80.00%,20.00%,0.00%,0.00%,,,,,,,,,
COURSE TOTAL:,2,20,5,0,0,27,2.888,0,0,0,0,0,27,
"",7.41%,74.07%,18.52%,0.00%,0.00%,,,,,,,,,
MARE-441-401,5,9,10,3,0,27,2.592,0,0,0,0,0,27,COLEMAN G
"",18.52%,33.33%,37.04%,11.11%,0.00%,,,,,,,,,
COURSE TOTAL:,5,9,10,3,0,27,2.592,0,0,0,0,0,27,
"",18.52%,33.33%,37.04%,11.11%,0.00%,,,,,,,,,
MARE-452-901,11,3,0,0,0,14,3.785,0,0,0,0,0,14,POTIER P
"",78.57%,21.43%,0.00%,0.00%,0.00%,,,,,,,,,
MARE-452-902,9,9,1,0,0,19,3.421,0,0,0,0,0,19,FATHI N
"",47.37%,47.37%,5.26%,0.00%,0.00%,,,,,,,,,
COURSE TOTAL:,20,12,1,0,0,33,3.575,0,0,0,0,0,33,
"",60.61%,36.36%,3.03%,0.00%,0.00%,,,,,,,,,
MARE-484-400,8,1,0,0,0,9,3.888,0,0,0,0,0,9,VERMA A
"",88.89%,11.11%,0.00%,0.00%,0.00%,,,,,,,,,
COURSE TOTAL:,8,1,0,0,0,9,3.888,0,0,0,0,0,9,
"",88.89%,11.11%,0.00%,0.00%,0.00%,,,,,,,,,
MARE-485-402,10,0,0,0,0,10,4.000,0,0,0,1,0,11,MOORE A
"",100.00%,0.00%,0.00%,0.00%,0.00%,,,,,,,,,
COURSE TOTAL:,10,0,0,0,0,10,4.000,0,0,0,1,0,11,
"",100.00%,0.00%,0.00%,0.00%,0.00%,,,,,,,,,
MARE-489-400,12,1,0,0,0,13,3.923,0,0,0,0,0,13,MCQUEEN V
"",92.31%,7.69%,0.00%,0.00%,0.00%,,,,,,,,,
COURSE TOTAL:,12,1,0,0,0,13,3.923,0,0,0,0,0,13,
"",92.31%,7.69%,0.00%,0.00%,0.00%,,,,,,,,,
MARR-102-401,5,7,1,0,0,13,3.307,0,0,0,1,0,14,REEVES A
"",38.46%,53.85%,7.69%,0.00%,0.00%,,,,,,,,,
COURSE TOTAL:,5,7,1,0,0,13,3.307,0,0,0,1,0,14
"",38.46%,53.85%,7.69%,0.00%,0.00%,,,,,,,,
DEPARTMENT TOTAL:,166,175,77,14,4,436,3.099,4,0,0,10,0,450
"",38.07%,40.14%,17.66%,3.21%,0.92%,,,,,,,,
ACCT-229-401,9,20,14,6,2,51,2.549,0,0,0,3,0,54,KNOX K
"",17.65%,39.22%,27.45%,11.76%,3.92%,,,,,,,,,
COURSE TOTAL:,9,20,14,6,2,51,2.549,0,0,0,3,0,54,
"",17.65%,39.22%,27.45%,11.76%,3.92%,,,,,,,,,
ACCT-230-401,6,9,12,1,0,28,2.714,0,0,0,1,0,29,KNOX K
"",21.43%,32.14%,42.86%,3.57%,0.00%,,,,,,,,,
COURSE TOTAL:,6,9,12,1,0,28,2.714,0,0,0,1,0,29,
"",21.43%,32.14%,42.86%,3.57%,0.00%,,,,,,,,,
BUSN-101-400,6,0,2,1,1,10,2.900,0,0,0,1,0,11,BOUDREAUX L
"",60.00%,0.00%,20.00%,10.00%,10.00%,,,,,,,,,
COURSE TOTAL:,6,0,2,1,1,10,2.900,0,0,0,1,0,11,
"",60.00%,0.00%,20.00%,10.00%,10.00%,,,,,,,,,
BUSN-203-400,2,34,38,0,0,74,2.513,0,0,0,0,0,74,CAESAR D
"",2.70%,45.95%,51.35%,0.00%,0.00%,,,,,,,,,
COURSE TOTAL:,2,34,38,0,0,74,2.513,0,0,0,0,0,74,
"",2.70%,45.95%,51.35%,0.00%,0.00%,,,,,,,,,
ECON-202-401,27,20,27,9,13,96,2.406,0,0,0,6,0,102,BOUDREAUX L
"",28.13%,20.83%,28.13%,9.38%,13.54%,,,,,,,,,
COURSE TOTAL:,27,20,27,9,13,96,2.406,0,0,0,6,0,102,
"",28.13%,20.83%,28.13%,9.38%,13.54%,,,,,,,,,
ECON-203-401,18,23,5,0,1,47,3.212,0,0,0,0,0,47,AFENYO M
"",38.30%,48.94%,10.64%,0.00%,2.13%,,,,,,,,,
COURSE TOTAL:,18,23,5,0,1,47,3.212,0,0,0,0,0,47,
"",38.30%,48.94%,10.64%,0.00%,2.13%,,,,,,,,,
ECON-311-401,7,16,10,1,0,34,2.852,0,0,0,0,0,34,BOUDREAUX L
"",20.59%,47.06%,29.41%,2.94%,0.00%,,,,,,,,,
COURSE TOTAL:,7,16,10,1,0,34,2.852,0,0,0,0,0,34,
"",20.59%,47.06%,29.41%,2.94%,0.00%,,,,,,,,,
ECON-323-401,1,10,5,1,0,17,2.647,0,0,0,1,0,18,MYKONIATIS N
"",5.88%,58.82%,29.41%,5.88%,0.00%,,,,,,,,,
COURSE TOTAL:,1,10,5,1,0,17,2.647,0,0,0,1,0,18,
"",5.88%,58.82%,29.41%,5.88%,0.00%,,,,,,,,,
ECON-452-401,3,9,18,2,0,32,2.406,0,0,0,0,0,32,MYKONIATIS N
"",9.38%,28.13%,56.25%,6.25%,0.00%,,,,,,,,,
COURSE TOTAL:,3,9,18,2,0,32,2.406,0,0,0,0,0,32,
"",9.38%,28.13%,56.25%,6.25%,0.00%,,,,,,,,,
FINC-341-401,4,9,3,1,0,17,2.941,0,0,0,1,0,18,BRHO M
"",23.53%,52.94%,17.65%,5.88%,0.00%,,,,,,,,,
COURSE TOTAL:,4,9,3,1,0,17,2.941,0,0,0,1,0,18,
"",23.53%,52.94%,17.65%,5.88%,0.00%,,,,,,,,,
ISTM-210-400,27,11,9,0,2,49,3.244,0,0,0,0,0,49,KOVACEVICH J
"",55.10%,22.45%,18.37%,0.00%,4.08%,,,,,,,,,
COURSE TOTAL:,27,11,9,0,2,49,3.244,0,0,0,0,0,49,
"",55.10%,22.45%,18.37%,0.00%,4.08%,,,,,,,,,
MARA-201-499,11,7,3,0,1,22,3.227,0,0,0,1,0,23,DEWITTE P
"",50.00%,31.82%,13.64%,0.00%,4.55%,,,,,,,,,
COURSE TOTAL:,11,7,3,0,1,22,3.227,0,0,0,1,0,23,
"",50.00%,31.82%,13.64%,0.00%,4.55%,,,,,,,,,
MARA-205-401,4,11,4,1,1,21,2.761,0,0,0,0,0,21,BOUDREAUX L
"",19.05%,52.38%,19.05%,4.76%,4.76%,,,,,,,,,
COURSE TOTAL:,4,11,4,1,1,21,2.761,0,0,0,0,0,21,
"",19.05%,52.38%,19.05%,4.76%,4.76%,,,,,,,,,
MARA-212-401,8,9,4,0,0,21,3.190,0,0,0,0,0,21,WOODS K
"",38.10%,42.86%,19.05%,0.00%,0.00%,,,,,,,,,
COURSE TOTAL:,8,9,4,0,0,21,3.190,0,0,0,0,0,21,
"",38.10%,42.86%,19.05%,0.00%,0.00%,,,,,,,,,
MARA-281-401,36,2,0,0,3,41,3.658,0,0,0,0,0,41,MILESKI J
"",87.80%,4.88%,0.00%,0.00%,7.32%,,,,,,,,,
COURSE TOTAL:,36,2,0,0,3,41,3.658,0,0,0,0,0,41,
"",87.80%,4.88%,0.00%,0.00%,7.32%,,,,,,,,,
MARA-301-401,7,22,9,1,0,39,2.897,0,0,0,1,0,40,BAKER R
"",17.95%,56.41%,23.08%,2.56%,0.00%,,,,,,,,,
COURSE TOTAL:,7,22,9,1,0,39,2.897,0,0,0,1,0,40,
"",17.95%,56.41%,23.08%,2.56%,0.00%,,,,,,,,,
MARA-304-401,41,9,0,0,2,52,3.673,0,0,0,0,0,52,DEWITTE P
"",78.85%,17.31%,0.00%,0.00%,3.85%,,,,,,,,,
COURSE TOTAL:,41,9,0,0,2,52,3.673,0,0,0,0,0,52,
"",78.85%,17.31%,0.00%,0.00%,3.85%,,,,,,,,,
MARA-345-700,9,1,1,0,0,11,3.727,0,0,0,0,0,11,GHORAM L
"",81.82%,9.09%,9.09%,0.00%,0.00%,,,,,,,,,
COURSE TOTAL:,9,1,1,0,0,11,3.727,0,0,0,0,0,11,
"",81.82%,9.09%,9.09%,0.00%,0.00%,,,,,,,,,
MARA-363-401,30,7,0,0,0,37,3.810,0,0,0,0,0,37,NWABUEZE U
"",81.08%,18.92%,0.00%,0.00%,0.00%,,,,,,,,,
COURSE TOTAL:,30,7,0,0,0,37,3.810,0,0,0,0,0,37,
"",81.08%,18.92%,0.00%,0.00%,0.00%,,,,,,,,,
MARA-373-401,28,3,1,0,2,34,3.617,0,0,0,1,0,35,NWABUEZE U
"",82.35%,8.82%,2.94%,0.00%,5.88%,,,,,,,,,
COURSE TOTAL:,28,3,1,0,2,34,3.617,0,0,0,1,0,35,
"",82.35%,8.82%,2.94%,0.00%,5.88%,,,,,,,,,
MARA-401-401,16,21,18,4,0,59,2.830,0,0,0,0,0,59,HARK J
"",27.12%,35.59%,30.51%,6.78%,0.00%,,,,,,,,,
COURSE TOTAL:,16,21,18,4,0,59,2.830,0,0,0,0,0,59,
"",27.12%,35.59%,30.51%,6.78%,0.00%,,,,,,,,,
MARA-402-401,18,22,17,3,0,60,2.916,0,0,0,2,0,62,BAKER R
"",30.00%,36.67%,28.33%,5.00%,0.00%,,,,,,,,,
COURSE TOTAL:,18,22,17,3,0,60,2.916,0,0,0,2,0,62,
"",30.00%,36.67%,28.33%,5.00%,0.00%,,,,,,,,,
MARA-416-401,8,11,14,0,0,33,2.818,0,0,0,0,0,33,BAKER R
"",24.24%,33.33%,42.42%,0.00%,0.00%,,,,,,,,,
MARA-416-936,10,13,1,0,0,24,3.375,0,0,0,0,0,24,BAKER R
"",41.67%,54.17%,4.17%,0.00%,0.00%,,,,,,,,,
COURSE TOTAL:,18,24,15,0,0,57,3.052,0,0,0,0,0,57,
"",31.58%,42.11%,26.32%,0.00%,0.00%,,,,,,,,,
MARA-421-402,1,13,4,1,0,19,2.736,0,0,0,0,0,19,WOODS K
"",5.26%,68.42%,21.05%,5.26%,0.00%,,,,,,,,,
COURSE TOTAL:,1,13,4,1,0,19,2.736,0,0,0,0,0,19,
"",5.26%,68.42%,21.05%,5.26%,0.00%,,,,,,,,,
MARA-435-401,14,7,0,0,0,21,3.666,0,0,0,0,0,21,WOODS K
"",66.67%,33.33%,0.00%,0.00%,0.00%,,,,,,,,,
COURSE TOTAL:,14,7,0,0,0,21,3.666,0,0,0,0,0,21,
"",66.67%,33.33%,0.00%,0.00%,0.00%,,,,,,,,,
MARA-440-901,2,7,11,3,1,24,2.250,0,0,0,1,0,25,MYKONIATIS N
"",8.33%,29.17%,45.83%,12.50%,4.17%,,,,,,,,,
COURSE TOTAL:,2,7,11,3,1,24,2.250,0,0,0,1,0,25,
"",8.33%,29.17%,45.83%,12.50%,4.17%,,,,,,,,,
MARA-466-901,9,11,0,0,0,20,3.450,0,0,0,0,0,20,NWABUEZE U
"",45.00%,55.00%,0.00%,0.00%,0.00%,,,,,,,,,
COURSE TOTAL:,9,11,0,0,0,20,3.450,0,0,0,0,0,20,
"",45.00%,55.00%,0.00%,0.00%,0.00%,,,,,,,,,
MARA-470-400,32,15,1,0,0,48,3.645,0,0,0,0,0,48,WOODS K
"",66.67%,31.25%,2.08%,0.00%,0.00%,,,,,,,,,
COURSE TOTAL:,32,15,1,0,0,48,3.645,0,0,0,0,0,48,
"",66.67%,31.25%,2.08%,0.00%,0.00%,,,,,,,,,
MARA-475-499,23,15,0,0,0,38,3.605,0,0,0,1,0,39,CONWAY S
"",60.53%,39.47%,0.00%,0.00%,0.00%,,,,,,,,,
COURSE TOTAL:,23,15,0,0,0,38,3.605,0,0,0,1,0,39,
"",60.53%,39.47%,0.00%,0.00%,0.00%,,,,,,,,,
MARA-489-499,3,0,0,0,2,5,2.400,0,0,0,0,0,5,GALVAO C
"",60.00%,0.00%,0.00%,0.00%,40.00%,,,,,,,,,
COURSE TOTAL:,3,0,0,0,2,5,2.400,0,0,0,0,0,5,
"",60.00%,0.00%,0.00%,0.00%,40.00%,,,,,,,,,
MARA-610-699,16,3,1,0,1,21,3.571,0,0,0,3,0,24,MILESKI J
"",76.19%,14.29%,4.76%,0.00%,4.76%,,,,,,,,,
MARA-610-700,8,2,0,0,0,10,3.800,0,0,0,0,0,10,MILESKI J
"",80.00%,20.00%,0.00%,0.00%,0.00%,,,,,,,,,
COURSE TOTAL:,24,5,1,0,1,31,3.645,0,0,0,3,0,34,
"",77.42%,16.13%,3.23%,0.00%,3.23%,,,,,,,,,
MARA-623-600,7,5,0,0,1,13,3.307,0,0,0,0,0,13,AFENYO M
"",53.85%,38.46%,0.00%,0.00%,7.69%,,,,,,,,,
MARA-623-700,15,12,0,0,1,28,3.428,0,0,0,1,0,29,AFENYO M
"",53.57%,42.86%,0.00%,0.00%,3.57%,,,,,,,,,
COURSE TOTAL:,22,17,0,0,2,41,3.390,0,0,0,1,0,42,
"",53.66%,41.46%,0.00%,0.00%,4.88%,,,,,,,,,
MARA-641-699,8,5,1,1,0,15,3.333,0,0,0,0,0,15,BRHO M
"",53.33%,33.33%,6.67%,6.67%,0.00%,,,,,,,,,
COURSE TOTAL:,8,5,1,1,0,15,3.333,0,0,0,0,0,15,
"",53.33%,33.33%,6.67%,6.67%,0.00%,,,,,,,,,
MARA-645-699,3,3,0,0,0,6,3.500,0,0,0,0,0,6,DEWITTE P
"",50.00%,50.00%,0.00%,0.00%,0.00%,,,,,,,,,
MARA-645-700,3,1,1,0,0,5,3.400,0,0,0,0,0,5,DEWITTE P
"",60.00%,20.00%,20.00%,0.00%,0.00%,,,,,,,,,
COURSE TOTAL:,6,4,1,0,0,11,3.454,0,0,0,0,0,11,
"",54.55%,36.36%,9.09%,0.00%,0.00%,,,,,,,,,
MARA-664-699,7,10,0,0,3,20,2.900,0,0,0,0,0,20,WANG P
"",35.00%,50.00%,0.00%,0.00%,15.00%,,,,,,,,,
MARA-664-700,1,3,0,0,1,5,2.600,0,0,0,0,0,5,WANG P
"",20.00%,60.00%,0.00%,0.00%,20.00%,,,,,,,,,
COURSE TOTAL:,8,13,0,0,4,25,2.840,0,0,0,0,0,25,
"",32.00%,52.00%,0.00%,0.00%,16.00%,,,,,,,,,
MARA-670-699,5,1,0,0,0,6,3.833,0,0,0,0,0,6,WATERWORTH L
"",83.33%,16.67%,0.00%,0.00%,0.00%,,,,,,,,,
MARA-670-700,8,0,0,0,0,8,4.000,0,0,0,0,0,8,WATERWORTH L
"",100.00%,0.00%,0.00%,0.00%,0.00%,,,,,,,,,
COURSE TOTAL:,13,1,0,0,0,14,3.928,0,0,0,0,0,14,
"",92.86%,7.14%,0.00%,0.00%,0.00%,,,,,,,,,
MARA-672-699,6,0,0,0,0,6,4.000,0,0,0,0,0,6,WATERWORTH L
"",100.00%,0.00%,0.00%,0.00%,0.00%,,,,,,,,,
MARA-672-700,5,0,0,0,0,5,4.000,0,0,0,1,0,6,WATERWORTH L
"",100.00%,0.00%,0.00%,0.00%,0.00%,,,,,,,,,
COURSE TOTAL:,11,0,0,0,0,11,4.000,0,0,0,1,0,12,
"",100.00%,0.00%,0.00%,0.00%,0.00%,,,,,,,,,
MGMT-311-400,13,0,0,0,0,13,4.000,0,0,0,0,0,13,NWABUEZE U
"",100.00%,0.00%,0.00%,0.00%,0.00%,,,,,,,,,
COURSE TOTAL:,13,0,0,0,0,13,4.000,0,0,0,0,0,13,
"",100.00%,0.00%,0.00%,0.00%,0.00%,,,,,,,,,
MGMT-481-401,11,0,0,0,1,12,3.666,0,0,0,3,0,15,BRHO M
"",91.67%,0.00%,0.00%,0.00%,8.33%,,,,,,,,,
COURSE TOTAL:,11,0,0,0,1,12,3.666,0,0,0,3,0,15,
"",91.67%,0.00%,0.00%,0.00%,8.33%,,,,,,,,,
MKTG-321-401,3,10,6,5,1,25,2.360,0,0,0,0,0,25,GALVAO C
"",12.00%,40.00%,24.00%,20.00%,4.00%,,,,,,,,,
COURSE TOTAL:,3,10,6,5,1,25,2.360,0,0,0,0,0,25,
"",12.00%,40.00%,24.00%,20.00%,4.00%,,,,,,,,,
SCMT-364-401,3,5,3,3,0,14,2.571,0,0,0,1,0,15,WANG P
"",21.43%,35.71%,21.43%,21.43%,0.00%,,,,,,,,,
COURSE TOTAL:,3,5,3,3,0,14,2.571,0,0,0,1,0,15,
"",21.43%,35.71%,21.43%,21.43%,0.00%,,,,,,,,,
DEPARTMENT TOTAL:,542,427,243,44,40,1296,3.054,0,0,0,29,0,1325,
"",41.82%,32.95%,18.75%,3.40%,3.09%,,,,,,,,,
MART-103-401,3,7,4,0,0,14,2.928,0,0,0,0,0,14,ROTH A
"",21.43%,50.00%,28.57%,0.00%,0.00%,,,,,,,,,
MART-103-402,1,8,1,0,0,10,3.000,0,0,0,0,0,10,ROTH A
"",10.00%,80.00%,10.00%,0.00%,0.00%,,,,,,,,,
MART-103-403,1,5,6,0,1,13,2.384,1,0,0,0,0,14,ROTH A
"",7.69%,38.46%,46.15%,0.00%,7.69%,,,,,,,,,
COURSE TOTAL:,5,20,11,0,1,37,2.756,1,0,0,0,0,38,
"",13.51%,54.05%,29.73%,0.00%,2.70%,,,,,,,,,
MART-115-401,1,5,4,1,0,11,2.545,0,0,0,0,0,11,SPARKS C
"",9.09%,45.45%,36.36%,9.09%,0.00%,,,,,,,,,
MART-115-402,8,5,2,0,0,15,3.400,0,0,0,0,0,15,SPARKS C
"",53.33%,33.33%,13.33%,0.00%,0.00%,,,,,,,,,
MART-115-403,1,9,4,0,1,15,2.600,0,0,0,0,0,15,SPARKS C
"",6.67%,60.00%,26.67%,0.00%,6.67%,,,,,,,,,
COURSE TOTAL:,10,19,10,1,1,41,2.878,0,0,0,0,0,41,
"",24.39%,46.34%,24.39%,2.44%,2.44%,,,,,,,,,
MART-201-401,6,6,5,0,3,20,2.600,0,0,0,1,0,21,NELICK T
"",30.00%,30.00%,25.00%,0.00%,15.00%,,,,,,,,,
COURSE TOTAL:,6,6,5,0,3,20,2.600,0,0,0,1,0,21,
"",30.00%,30.00%,25.00%,0.00%,15.00%,,,,,,,,,
MART-202-401,5,8,7,0,1,21,2.761,0,0,0,0,0,21,ROTH A
"",23.81%,38.10%,33.33%,0.00%,4.76%,,,,,,,,,
MART-202-402,3,5,0,0,0,8,3.375,0,0,0,0,0,8,ROTH A
"",37.50%,62.50%,0.00%,0.00%,0.00%,,,,,,,,,
COURSE TOTAL:,8,13,7,0,1,29,2.931,0,0,0,0,0,29,
"",27.59%,44.83%,24.14%,0.00%,3.45%,,,,,,,,,
MART-204-401,2,7,9,1,2,21,2.285,0,0,0,2,0,23,ROTH A
"",9.52%,33.33%,42.86%,4.76%,9.52%,,,,,,,,,
MART-204-402,8,11,11,0,0,30,2.900,0,0,0,0,0,30,ROTH A
"",26.67%,36.67%,36.67%,0.00%,0.00%,,,,,,,,,
COURSE TOTAL:,10,18,20,1,2,51,2.647,0,0,0,2,0,53,
"",19.61%,35.29%,39.22%,1.96%,3.92%,,,,,,,,,
MART-208-401,6,26,8,1,0,41,2.902,0,0,0,0,0,41,PETERLIN J
"",14.63%,63.41%,19.51%,2.44%,0.00%,,,,,,,,,
COURSE TOTAL:,6,26,8,1,0,41,2.902,0,0,0,0,0,41,
"",14.63%,63.41%,19.51%,2.44%,0.00%,,,,,,,,,
MART-210-401,5,2,0,0,0,7,3.714,0,0,0,0,0,7,WESTFALL K
"",71.43%,28.57%,0.00%,0.00%,0.00%,,,,,,,,,
MART-210-402,3,5,1,0,0,9,3.222,0,0,0,0,0,9,WESTFALL K
"",33.33%,55.56%,11.11%,0.00%,0.00%,,,,,,,,,
MART-210-403,11,3,2,0,0,16,3.562,0,0,0,0,0,16,WESTFALL K
"",68.75%,18.75%,12.50%,0.00%,0.00%,,,,,,,,,
COURSE TOTAL:,19,10,3,0,0,32,3.500,0,0,0,0,0,32,
"",59.38%,31.25%,9.38%,0.00%,0.00%,,,,,,,,,
MART-212-401,5,4,6,0,0,15,2.933,0,0,0,0,0,15,THIGPEN C
"",33.33%,26.67%,40.00%,0.00%,0.00%,,,,,,,,,
COURSE TOTAL:,5,4,6,0,0,15,2.933,0,0,0,0,0,15,
"",33.33%,26.67%,40.00%,0.00%,0.00%,,,,,,,,,
MART-215-901,0,9,7,0,0,16,2.562,0,0,0,0,1,17,PETERLIN J
"",0.00%,56.25%,43.75%,0.00%,0.00%,,,,,,,,,
COURSE TOTAL:,0,9,7,0,0,16,2.562,0,0,0,0,1,17,
"",0.00%,56.25%,43.75%,0.00%,0.00%,,,,,,,,,
MART-265-401,0,4,2,0,0,6,2.666,0,0,0,0,0,6,FARIS J
"",0.00%,66.67%,33.33%,0.00%,0.00%,,,,,,,,,
COURSE TOTAL:,0,4,2,0,0,6,2.666,0,0,0,0,0,6,
"",0.00%,66.67%,33.33%,0.00%,0.00%,,,,,,,,,
MART-303-401,10,8,8,0,1,27,2.962,0,0,0,0,0,27,FARIS J
"",37.04%,29.63%,29.63%,0.00%,3.70%,,,,,,,,,
MART-303-402,2,1,2,0,0,5,3.000,0,0,0,0,0,5,FARIS J
"",40.00%,20.00%,40.00%,0.00%,0.00%,,,,,,,,,
COURSE TOTAL:,12,9,10,0,1,32,2.968,0,0,0,0,0,32,
"",37.50%,28.13%,31.25%,0.00%,3.13%,,,,,,,,,
MART-307-402,5,1,2,0,0,8,3.375,0,0,0,0,0,8,THIGPEN C
"",62.50%,12.50%,25.00%,0.00%,0.00%,,,,,,,,,
MART-307-403,11,1,1,0,0,13,3.769,0,0,0,0,0,13,THIGPEN C
"",84.62%,7.69%,7.69%,0.00%,0.00%,,,,,,,,,
COURSE TOTAL:,16,2,3,0,0,21,3.619,0,0,0,0,0,21,
"",76.19%,9.52%,14.29%,0.00%,0.00%,,,,,,,,,
MART-310-402,1,4,3,1,0,9,2.555,0,0,0,0,0,9,VECHAN R
"",11.11%,44.44%,33.33%,11.11%,0.00%,,,,,,,,,
MART-310-403,2,9,5,0,0,16,2.812,0,0,0,0,0,16,VECHAN R
"",12.50%,56.25%,31.25%,0.00%,0.00%,,,,,,,,,
COURSE TOTAL:,3,13,8,1,0,25,2.720,0,0,0,0,0,25,
"",12.00%,52.00%,32.00%,4.00%,0.00%,,,,,,,,,
MART-313-403,3,7,2,1,0,13,2.923,0,0,0,0,0,13,VECHAN R
"",23.08%,53.85%,15.38%,7.69%,0.00%,,,,,,,,,
MART-313-404,2,5,4,0,0,11,2.818,0,0,0,0,0,11,VECHAN R
"",18.18%,45.45%,36.36%,0.00%,0.00%,,,,,,,,,
COURSE TOTAL:,5,12,6,1,0,24,2.875,0,0,0,0,0,24,
"",20.83%,50.00%,25.00%,4.17%,0.00%,,,,,,,,,
MART-315-402,7,5,0,0,0,12,3.583,0,0,0,0,0,12,COONROD J
"",58.33%,41.67%,0.00%,0.00%,0.00%,,,,,,,,,
MART-315-403,5,2,2,0,0,9,3.333,0,0,0,0,0,9,COONROD J
"",55.56%,22.22%,22.22%,0.00%,0.00%,,,,,,,,,
COURSE TOTAL:,12,7,2,0,0,21,3.476,0,0,0,0,0,21,
"",57.14%,33.33%,9.52%,0.00%,0.00%,,,,,,,,,
MART-321-401,12,20,2,0,0,34,3.294,0,0,0,0,1,35,HOWELL G
"",35.29%,58.82%,5.88%,0.00%,0.00%,,,,,,,,,
COURSE TOTAL:,12,20,2,0,0,34,3.294,0,0,0,0,1,35,
"",35.29%,58.82%,5.88%,0.00%,0.00%,,,,,,,,,
MART-401-401,7,6,0,0,0,13,3.538,0,0,0,0,0,13,THIGPEN C
"",53.85%,46.15%,0.00%,0.00%,0.00%,,,,,,,,,
COURSE TOTAL:,7,6,0,0,0,13,3.538,0,0,0,0,0,13,
"",53.85%,46.15%,0.00%,0.00%,0.00%,,,,,,,,,
MART-403-401,4,4,6,0,1,15,2.666,0,0,0,0,0,15,COONROD J
"",26.67%,26.67%,40.00%,0.00%,6.67%,,,,,,,,,
COURSE TOTAL:,4,4,6,0,1,15,2.666,0,0,0,0,0,15,
"",26.67%,26.67%,40.00%,0.00%,6.67%,,,,,,,,,
MART-404-401,7,13,3,1,0,24,3.083,0,0,0,0,0,24,WESTFALL K
"",29.17%,54.17%,12.50%,4.17%,0.00%,,,,,,,,,
COURSE TOTAL:,7,13,3,1,0,24,3.083,0,0,0,0,0,24,
"",29.17%,54.17%,12.50%,4.17%,0.00%,,,,,,,,,
MART-410-941,2,6,1,0,0,9,3.111,0,0,0,0,0,9,HOWELL G
"",22.22%,66.67%,11.11%,0.00%,0.00%,,,,,,,,,
MART-410-945,5,5,0,0,0,10,3.500,0,0,0,0,0,10,HOWELL G
"",50.00%,50.00%,0.00%,0.00%,0.00%,,,,,,,,,
COURSE TOTAL:,7,11,1,0,0,19,3.315,0,0,0,0,0,19,
"",36.84%,57.89%,5.26%,0.00%,0.00%,,,,,,,,,
MART-498-402,19,1,0,0,0,20,3.950,0,0,0,0,0,20,WEAVER S
"",95.00%,5.00%,0.00%,0.00%,0.00%,,,,,,,,,
COURSE TOTAL:,19,1,0,0,0,20,3.950,0,0,0,0,0,20,
"",95.00%,5.00%,0.00%,0.00%,0.00%,,,,,,,,,
DEPARTMENT TOTAL:,173,227,120,6,10,536,3.009,1,0,0,3,2,542
"",32.28%,42.35%,22.39%,1.12%,1.87%,,,,,,,,
NVSC-101-401,3,6,1,0,0,10,3.200,0,0,0,2,0,12,PEREZ R
"",30.00%,60.00%,10.00%,0.00%,0.00%,,,,,,,,,
COURSE TOTAL:,3,6,1,0,0,10,3.200,0,0,0,2,0,12,
"",30.00%,60.00%,10.00%,0.00%,0.00%,,,,,,,,,
NVSC-200-401,11,3,0,0,0,14,3.785,1,0,0,0,0,15,GILLESPIE P
"",78.57%,21.43%,0.00%,0.00%,0.00%,,,,,,,,,
COURSE TOTAL:,11,3,0,0,0,14,3.785,1,0,0,0,0,15,
"",78.57%,21.43%,0.00%,0.00%,0.00%,,,,,,,,,
NVSC-402-401,3,2,1,0,0,6,3.333,0,0,0,0,0,6,PEREZ R
"",50.00%,33.33%,16.67%,0.00%,0.00%,,,,,,,,,
COURSE TOTAL:,3,2,1,0,0,6,3.333,0,0,0,0,0,6,
"",50.00%,33.33%,16.67%,0.00%,0.00%,,,,,,,,,
DEPARTMENT TOTAL:,17,11,2,0,0,30,3.537,1,0,0,2,0,33,
"",56.67%,36.67%,6.67%,0.00%,0.00%,,,,,,,,,
COLLEGE TOTAL:,2978,2153,1294,353,296,7074,2.987,14,24,1,309,4,7426,
"",42.10%,30.44%,18.29%,4.99%,4.18%,,,,,,,,,
