EDAD-608-700,16,0,0,0,0,16,4.000,0,0,0,0,0,16,FAHRENWALD C
"",100.00%,0.00%,0.00%,0.00%,0.00%,,,,,,,,,
COURSE TOTAL:,16,0,0,0,0,16,4.000,0,0,0,0,0,16,
"",100.00%,0.00%,0.00%,0.00%,0.00%,,,,,,,,,
EDAD-619-300,13,2,0,0,0,15,3.866,0,0,0,0,0,15,WEBB-JOHNSON G
"",86.67%,13.33%,0.00%,0.00%,0.00%,,,,,,,,,
COURSE TOTAL:,13,2,0,0,0,15,3.866,0,0,0,0,0,15,
"",86.67%,13.33%,0.00%,0.00%,0.00%,,,,,,,,,
EDAD-624-700,16,0,0,0,0,16,4.000,0,0,0,0,0,16,FAHRENWALD C
"",100.00%,0.00%,0.00%,0.00%,0.00%,,,,,,,,,
COURSE TOTAL:,16,0,0,0,0,16,4.000,0,0,0,0,0,16,
"",100.00%,0.00%,0.00%,0.00%,0.00%,,,,,,,,,
EDAD-625-300,18,0,2,0,0,20,3.800,0,0,0,0,0,20,POENITZSCH N
"",90.00%,0.00%,10.00%,0.00%,0.00%,,,,,,,,,
COURSE TOTAL:,18,0,2,0,0,20,3.800,0,0,0,0,0,20,
"",90.00%,0.00%,10.00%,0.00%,0.00%,,,,,,,,,
EDAD-635-700,16,0,0,0,0,16,4.000,0,0,0,0,0,16,WEBB-JOHNSON G
"",100.00%,0.00%,0.00%,0.00%,0.00%,,,,,,,,,
COURSE TOTAL:,16,0,0,0,0,16,4.000,0,0,0,0,0,16,
"",100.00%,0.00%,0.00%,0.00%,0.00%,,,,,,,,,
EDAD-669-100,9,0,0,0,0,9,4.000,1,0,0,0,0,10,BAILEY K
"",100.00%,0.00%,0.00%,0.00%,0.00%,,,,,,,,,
COURSE TOTAL:,9,0,0,0,0,9,4.000,1,0,0,0,0,10,
"",100.00%,0.00%,0.00%,0.00%,0.00%,,,,,,,,,
EDAD-689-200,9,0,0,0,0,9,4.000,0,0,0,1,0,10,PUGH D
"",100.00%,0.00%,0.00%,0.00%,0.00%,,,,,,,,,
COURSE TOTAL:,9,0,0,0,0,9,4.000,0,0,0,1,0,10,
"",100.00%,0.00%,0.00%,0.00%,0.00%,,,,,,,,,
EHRD-203-700,14,4,0,0,0,18,3.777,0,0,0,0,0,18,STEPHENS M
"",77.78%,22.22%,0.00%,0.00%,0.00%,,,,,,,,,
COURSE TOTAL:,14,4,0,0,0,18,3.777,0,0,0,0,0,18,
"",77.78%,22.22%,0.00%,0.00%,0.00%,,,,,,,,,
EHRD-315-700,5,8,0,0,0,13,3.384,0,0,0,0,0,13,MARK C
"",38.46%,61.54%,0.00%,0.00%,0.00%,,,,,,,,,
COURSE TOTAL:,5,8,0,0,0,13,3.384,0,0,0,0,0,13,
"",38.46%,61.54%,0.00%,0.00%,0.00%,,,,,,,,,
EHRD-371-700,9,8,5,3,3,28,2.607,1,0,0,1,0,30,BAILEY K
"",32.14%,28.57%,17.86%,10.71%,10.71%,,,,,,,,,
COURSE TOTAL:,9,8,5,3,3,28,2.607,1,0,0,1,0,30,
"",32.14%,28.57%,17.86%,10.71%,10.71%,,,,,,,,,
EHRD-372-700,12,0,0,0,0,12,4.000,0,0,0,0,0,12,YODER P
"",100.00%,0.00%,0.00%,0.00%,0.00%,,,,,,,,,
COURSE TOTAL:,12,0,0,0,0,12,4.000,0,0,0,0,0,12,
"",100.00%,0.00%,0.00%,0.00%,0.00%,,,,,,,,,
EHRD-374-700,13,1,1,0,0,15,3.800,0,0,0,0,1,16,STEPHENS M
"",86.67%,6.67%,6.67%,0.00%,0.00%,,,,,,,,,
COURSE TOTAL:,13,1,1,0,0,15,3.800,0,0,0,0,1,16,
"",86.67%,6.67%,6.67%,0.00%,0.00%,,,,,,,,,
EHRD-391-700,4,16,14,2,1,37,2.540,0,0,0,0,0,37,SANDLIN J
"",10.81%,43.24%,37.84%,5.41%,2.70%,,,,,,,,,
COURSE TOTAL:,4,16,14,2,1,37,2.540,0,0,0,0,0,37,
"",10.81%,43.24%,37.84%,5.41%,2.70%,,,,,,,,,
EHRD-405-700,32,3,0,0,0,35,3.914,0,0,0,0,0,35,YODER P
"",91.43%,8.57%,0.00%,0.00%,0.00%,,,,,,,,,
COURSE TOTAL:,32,3,0,0,0,35,3.914,0,0,0,0,0,35,
"",91.43%,8.57%,0.00%,0.00%,0.00%,,,,,,,,,
EHRD-477-700,27,9,1,0,0,37,3.702,0,0,0,0,0,37,SMITH B
"",72.97%,24.32%,2.70%,0.00%,0.00%,,,,,,,,,
COURSE TOTAL:,27,9,1,0,0,37,3.702,0,0,0,0,0,37,
"",72.97%,24.32%,2.70%,0.00%,0.00%,,,,,,,,,
EHRD-481-100,16,0,0,0,0,16,4.000,0,0,0,0,0,16,FOWLER R
"",100.00%,0.00%,0.00%,0.00%,0.00%,,,,,,,,,
COURSE TOTAL:,16,0,0,0,0,16,4.000,0,0,0,0,0,16,
"",100.00%,0.00%,0.00%,0.00%,0.00%,,,,,,,,,
EHRD-489-700,4,3,7,1,2,17,2.352,0,0,0,3,0,20,MARK C
"",23.53%,17.65%,41.18%,5.88%,11.76%,,,,,,,,,
COURSE TOTAL:,4,3,7,1,2,17,2.352,0,0,0,3,0,20,
"",23.53%,17.65%,41.18%,5.88%,11.76%,,,,,,,,,
EHRD-490-700,13,8,4,0,0,25,3.360,0,0,0,0,0,25,SANDLIN J
"",52.00%,32.00%,16.00%,0.00%,0.00%,,,,,,,,,
EHRD-490-701,15,3,1,0,0,19,3.736,0,0,0,0,0,19,HWANG J
"",78.95%,15.79%,5.26%,0.00%,0.00%,,,,,,,,,
COURSE TOTAL:,28,11,5,0,0,44,3.522,0,0,0,0,0,44,
"",63.64%,25.00%,11.36%,0.00%,0.00%,,,,,,,,,
EHRD-616-199,8,0,0,0,0,8,4.000,0,0,0,0,0,8,KIM J
"",100.00%,0.00%,0.00%,0.00%,0.00%,,,,,,,,,
EHRD-616-700,10,1,0,0,0,11,3.909,0,0,0,0,0,11,KIM J
"",90.91%,9.09%,0.00%,0.00%,0.00%,,,,,,,,,
COURSE TOTAL:,18,1,0,0,0,19,3.947,0,0,0,0,0,19,
"",94.74%,5.26%,0.00%,0.00%,0.00%,,,,,,,,,
EHRD-618-700,14,0,0,0,0,14,4.000,0,0,0,0,0,14,YOON S
"",100.00%,0.00%,0.00%,0.00%,0.00%,,,,,,,,,
COURSE TOTAL:,14,0,0,0,0,14,4.000,0,0,0,0,0,14,
"",100.00%,0.00%,0.00%,0.00%,0.00%,,,,,,,,,
EHRD-627-700,9,0,0,0,0,9,4.000,0,0,0,0,0,9,HAYNES DAVISON C
"",100.00%,0.00%,0.00%,0.00%,0.00%,,,,,,,,,
EHRD-627-701,7,1,0,0,0,8,3.875,0,0,0,1,0,9,HAYNES DAVISON C
"",87.50%,12.50%,0.00%,0.00%,0.00%,,,,,,,,,
COURSE TOTAL:,16,1,0,0,0,17,3.941,0,0,0,1,0,18,
"",94.12%,5.88%,0.00%,0.00%,0.00%,,,,,,,,,
EHRD-630-701,16,0,0,0,0,16,4.000,0,0,0,0,0,16,KIM J
"",100.00%,0.00%,0.00%,0.00%,0.00%,,,,,,,,,
COURSE TOTAL:,16,0,0,0,0,16,4.000,0,0,0,0,0,16,
"",100.00%,0.00%,0.00%,0.00%,0.00%,,,,,,,,,
EHRD-649-700,9,0,0,1,0,10,3.700,0,0,0,1,0,11,STEPHENS M
"",90.00%,0.00%,0.00%,10.00%,0.00%,,,,,,,,,
COURSE TOTAL:,9,0,0,1,0,10,3.700,0,0,0,1,0,11,
"",90.00%,0.00%,0.00%,10.00%,0.00%,,,,,,,,,
EHRD-685-306,5,0,0,0,0,5,4.000,0,0,0,0,0,5,BEYERLEIN M
"",100.00%,0.00%,0.00%,0.00%,0.00%,,,,,,,,,
COURSE TOTAL:,5,0,0,0,0,5,4.000,0,0,0,0,0,5,
"",100.00%,0.00%,0.00%,0.00%,0.00%,,,,,,,,,
DEPARTMENT TOTAL:,339,67,35,7,6,454,3.599,2,0,0,7,1,464,
"",74.67%,14.76%,7.71%,1.54%,1.32%,,,,,,,,,
BESL-616-700,12,7,0,0,0,19,3.631,0,0,0,0,0,19,GUERRERO C
"",63.16%,36.84%,0.00%,0.00%,0.00%,,,,,,,,,
COURSE TOTAL:,12,7,0,0,0,19,3.631,0,0,0,0,0,19,
"",63.16%,36.84%,0.00%,0.00%,0.00%,,,,,,,,,
BESL-622-100,10,0,0,0,0,10,4.000,0,0,0,0,0,10,LYNCH J
"",100.00%,0.00%,0.00%,0.00%,0.00%,,,,,,,,,
COURSE TOTAL:,10,0,0,0,0,10,4.000,0,0,0,0,0,10,
"",100.00%,0.00%,0.00%,0.00%,0.00%,,,,,,,,,
BESL-683-700,7,0,0,0,0,7,4.000,0,0,0,0,0,7,LARA-ALECIO R
"",100.00%,0.00%,0.00%,0.00%,0.00%,,,,,,,,,
COURSE TOTAL:,7,0,0,0,0,7,4.000,0,0,0,0,0,7,
"",100.00%,0.00%,0.00%,0.00%,0.00%,,,,,,,,,
BESL-685-700,5,0,0,0,0,5,4.000,0,0,0,0,0,5,LARA-ALECIO R
"",100.00%,0.00%,0.00%,0.00%,0.00%,,,,,,,,,
COURSE TOTAL:,5,0,0,0,0,5,4.000,0,0,0,0,0,5,
"",100.00%,0.00%,0.00%,0.00%,0.00%,,,,,,,,,
CPSY-600-700,14,0,0,0,0,14,4.000,0,0,0,0,0,14,MCCORMICK A
"",100.00%,0.00%,0.00%,0.00%,0.00%,,,,,,,,,
COURSE TOTAL:,14,0,0,0,0,14,4.000,0,0,0,0,0,14,
"",100.00%,0.00%,0.00%,0.00%,0.00%,,,,,,,,,
CPSY-601-701,17,1,0,0,0,18,3.944,0,0,0,0,0,18,OJEDA L
"",94.44%,5.56%,0.00%,0.00%,0.00%,,,,,,,,,
COURSE TOTAL:,17,1,0,0,0,18,3.944,0,0,0,0,0,18,
"",94.44%,5.56%,0.00%,0.00%,0.00%,,,,,,,,,
CPSY-603-700,15,3,0,0,1,19,3.631,0,0,0,0,0,19,BLAKE J
"",78.95%,15.79%,0.00%,0.00%,5.26%,,,,,,,,,
COURSE TOTAL:,15,3,0,0,1,19,3.631,0,0,0,0,0,19,
"",78.95%,15.79%,0.00%,0.00%,5.26%,,,,,,,,,
CPSY-630-700,12,3,0,0,0,15,3.800,0,0,0,0,0,15,MCCORMICK A
"",80.00%,20.00%,0.00%,0.00%,0.00%,,,,,,,,,
COURSE TOTAL:,12,3,0,0,0,15,3.800,0,0,0,0,0,15,
"",80.00%,20.00%,0.00%,0.00%,0.00%,,,,,,,,,
CPSY-632-200,12,0,0,0,0,12,4.000,0,0,0,0,0,12,OJEDA L
"",100.00%,0.00%,0.00%,0.00%,0.00%,,,,,,,,,
COURSE TOTAL:,12,0,0,0,0,12,4.000,0,0,0,0,0,12,
"",100.00%,0.00%,0.00%,0.00%,0.00%,,,,,,,,,
CPSY-683-300,6,0,0,0,0,6,4.000,0,0,0,0,0,6,RIDLEY C
"",100.00%,0.00%,0.00%,0.00%,0.00%,,,,,,,,,
COURSE TOTAL:,6,0,0,0,0,6,4.000,0,0,0,0,0,6,
"",100.00%,0.00%,0.00%,0.00%,0.00%,,,,,,,,,
EPSY-431-701,17,1,0,1,0,19,3.789,0,0,0,0,0,19,RAMOS GARCIMARTIN H
"",89.47%,5.26%,0.00%,5.26%,0.00%,,,,,,,,,
EPSY-431-702,10,0,0,0,0,10,4.000,0,0,0,0,0,10,RAMOS GARCIMARTIN H
"",100.00%,0.00%,0.00%,0.00%,0.00%,,,,,,,,,
COURSE TOTAL:,27,1,0,1,0,29,3.862,0,0,0,0,0,29,
"",93.10%,3.45%,0.00%,3.45%,0.00%,,,,,,,,,
EPSY-432-700,20,0,0,0,2,22,3.636,0,0,0,0,0,22,RAMOS GARCIMARTIN H
"",90.91%,0.00%,0.00%,0.00%,9.09%,,,,,,,,,
COURSE TOTAL:,20,0,0,0,2,22,3.636,0,0,0,0,0,22,
"",90.91%,0.00%,0.00%,0.00%,9.09%,,,,,,,,,
EPSY-435-700,29,1,0,1,1,32,3.750,0,0,0,0,0,32,KAO S
"",90.63%,3.13%,0.00%,3.13%,3.13%,,,,,,,,,
EPSY-435-701,24,8,1,1,3,37,3.324,0,0,0,1,0,38,KAO S
"",64.86%,21.62%,2.70%,2.70%,8.11%,,,,,,,,,
COURSE TOTAL:,53,9,1,2,4,69,3.521,0,0,0,1,0,70,
"",76.81%,13.04%,1.45%,2.90%,5.80%,,,,,,,,,
EPSY-604-700,19,0,0,0,0,19,4.000,0,0,0,0,0,19,OJEDA L
"",100.00%,0.00%,0.00%,0.00%,0.00%,,,,,,,,,
COURSE TOTAL:,19,0,0,0,0,19,4.000,0,0,0,0,0,19,
"",100.00%,0.00%,0.00%,0.00%,0.00%,,,,,,,,,
EPSY-621-700,14,2,1,0,0,17,3.764,0,0,0,0,0,17,HAJOVSKY D
"",82.35%,11.76%,5.88%,0.00%,0.00%,,,,,,,,,
EPSY-621-701,15,0,0,0,0,15,4.000,0,0,0,0,0,15,HAJOVSKY D
"",100.00%,0.00%,0.00%,0.00%,0.00%,,,,,,,,,
COURSE TOTAL:,29,2,1,0,0,32,3.875,0,0,0,0,0,32,
"",90.63%,6.25%,3.13%,0.00%,0.00%,,,,,,,,,
EPSY-622-199,11,1,0,0,0,12,3.916,0,0,0,0,0,12,RAMOS S
"",91.67%,8.33%,0.00%,0.00%,0.00%,,,,,,,,,
EPSY-622-700,23,2,0,0,0,25,3.920,0,0,0,0,0,25,RAMOS S
"",92.00%,8.00%,0.00%,0.00%,0.00%,,,,,,,,,
COURSE TOTAL:,34,3,0,0,0,37,3.918,0,0,0,0,0,37,
"",91.89%,8.11%,0.00%,0.00%,0.00%,,,,,,,,,
EPSY-644-199,19,1,0,0,0,20,3.950,0,0,0,0,0,20,LEE K
"",95.00%,5.00%,0.00%,0.00%,0.00%,,,,,,,,,
COURSE TOTAL:,19,1,0,0,0,20,3.950,0,0,0,0,0,20,
"",95.00%,5.00%,0.00%,0.00%,0.00%,,,,,,,,,
EPSY-647-100,10,0,0,0,0,10,4.000,0,0,0,0,0,10,RIDLEY C
"",100.00%,0.00%,0.00%,0.00%,0.00%,,,,,,,,,
COURSE TOTAL:,10,0,0,0,0,10,4.000,0,0,0,0,0,10,
"",100.00%,0.00%,0.00%,0.00%,0.00%,,,,,,,,,
EPSY-673-700,25,3,0,0,0,28,3.892,0,0,0,0,0,28,JUNTUNE J
"",89.29%,10.71%,0.00%,0.00%,0.00%,,,,,,,,,
COURSE TOTAL:,25,3,0,0,0,28,3.892,0,0,0,0,0,28,
"",89.29%,10.71%,0.00%,0.00%,0.00%,,,,,,,,,
EPSY-689-698,5,0,0,0,0,5,4.000,0,0,0,0,0,5,WALICHOWSKI M
"",100.00%,0.00%,0.00%,0.00%,0.00%,,,,,,,,,
EPSY-689-699,6,0,0,0,0,6,4.000,0,0,0,0,0,6,WALICHOWSKI M
"",100.00%,0.00%,0.00%,0.00%,0.00%,,,,,,,,,
EPSY-689-701,5,0,0,0,0,5,4.000,0,0,0,0,0,5,WALICHOWSKI M
"",100.00%,0.00%,0.00%,0.00%,0.00%,,,,,,,,,
EPSY-689-702,12,2,0,0,0,14,3.857,0,0,0,0,0,14,RAMOS S
"",85.71%,14.29%,0.00%,0.00%,0.00%,,,,,,,,,
COURSE TOTAL:,28,2,0,0,0,30,3.933,0,0,0,0,0,30,
"",93.33%,6.67%,0.00%,0.00%,0.00%,,,,,,,,,
INST-210-700,9,2,3,0,1,15,3.200,0,0,0,0,0,15,FOGARTY M
"",60.00%,13.33%,20.00%,0.00%,6.67%,,,,,,,,,
INST-210-701,11,4,1,0,0,16,3.625,0,0,0,0,0,16,FOGARTY M
"",68.75%,25.00%,6.25%,0.00%,0.00%,,,,,,,,,
COURSE TOTAL:,20,6,4,0,1,31,3.419,0,0,0,0,0,31,
"",64.52%,19.35%,12.90%,0.00%,3.23%,,,,,,,,,
INST-301-700,20,1,1,0,1,23,3.695,0,0,0,0,0,23,RAMOS GARCIMARTIN H
"",86.96%,4.35%,4.35%,0.00%,4.35%,,,,,,,,,
COURSE TOTAL:,20,1,1,0,1,23,3.695,0,0,0,0,0,23,
"",86.96%,4.35%,4.35%,0.00%,4.35%,,,,,,,,,
INST-362-701,25,0,0,0,0,25,4.000,0,0,0,0,0,25,NESHYBA M
"",100.00%,0.00%,0.00%,0.00%,0.00%,,,,,,,,,
INST-362-702,15,3,0,0,1,19,3.631,0,0,0,0,0,19,LYNCH J
"",78.95%,15.79%,0.00%,0.00%,5.26%,,,,,,,,,
COURSE TOTAL:,40,3,0,0,1,44,3.840,0,0,0,0,0,44,
"",90.91%,6.82%,0.00%,0.00%,2.27%,,,,,,,,,
INST-363-700,23,4,1,0,0,28,3.785,0,0,0,0,0,28,ESLAMI Z
"",82.14%,14.29%,3.57%,0.00%,0.00%,,,,,,,,,
INST-363-701,28,1,0,0,0,29,3.965,0,0,0,0,0,29,WALICHOWSKI M
"",96.55%,3.45%,0.00%,0.00%,0.00%,,,,,,,,,
INST-363-702,25,2,1,0,1,29,3.724,0,0,0,0,0,29,ESLAMI Z
"",86.21%,6.90%,3.45%,0.00%,3.45%,,,,,,,,,
COURSE TOTAL:,76,7,2,0,1,86,3.825,0,0,0,0,0,86,
"",88.37%,8.14%,2.33%,0.00%,1.16%,,,,,,,,,
LDTC-631-700,16,4,0,0,0,20,3.800,1,0,0,0,0,21,SWEANY N
"",80.00%,20.00%,0.00%,0.00%,0.00%,,,,,,,,,
COURSE TOTAL:,16,4,0,0,0,20,3.800,1,0,0,0,0,21,
"",80.00%,20.00%,0.00%,0.00%,0.00%,,,,,,,,,
LDTC-646-700,12,1,1,0,0,14,3.785,0,0,0,3,0,17,MCCORKLE S
"",85.71%,7.14%,7.14%,0.00%,0.00%,,,,,,,,,
COURSE TOTAL:,12,1,1,0,0,14,3.785,0,0,0,3,0,17,
"",85.71%,7.14%,7.14%,0.00%,0.00%,,,,,,,,,
SPED-601-701,17,0,0,0,1,18,3.777,0,0,0,0,0,18,MCCORMICK A
"",94.44%,0.00%,0.00%,0.00%,5.56%,,,,,,,,,
COURSE TOTAL:,17,0,0,0,1,18,3.777,0,0,0,0,0,18,
"",94.44%,0.00%,0.00%,0.00%,5.56%,,,,,,,,,
SPED-604-199,3,3,1,0,0,7,3.285,0,0,0,0,0,7,WHITESIDE E
"",42.86%,42.86%,14.29%,0.00%,0.00%,,,,,,,,,
SPED-604-700,25,10,3,1,0,39,3.512,0,0,0,1,0,40,WHITESIDE E
"",64.10%,25.64%,7.69%,2.56%,0.00%,,,,,,,,,
COURSE TOTAL:,28,13,4,1,0,46,3.478,0,0,0,1,0,47,
"",60.87%,28.26%,8.70%,2.17%,0.00%,,,,,,,,,
SPED-628-700,28,3,0,0,1,32,3.781,0,0,0,0,0,32,MONTAGUE M
"",87.50%,9.38%,0.00%,0.00%,3.13%,,,,,,,,,
COURSE TOTAL:,28,3,0,0,1,32,3.781,0,0,0,0,0,32,
"",87.50%,9.38%,0.00%,0.00%,3.13%,,,,,,,,,
SPED-632-700,25,5,0,0,0,30,3.833,0,0,0,0,0,30,SUMBERA M
"",83.33%,16.67%,0.00%,0.00%,0.00%,,,,,,,,,
COURSE TOTAL:,25,5,0,0,0,30,3.833,0,0,0,0,0,30,
"",83.33%,16.67%,0.00%,0.00%,0.00%,,,,,,,,,
SPED-642-700,28,5,1,0,0,34,3.794,0,0,0,0,0,34,GEORGIO G
"",82.35%,14.71%,2.94%,0.00%,0.00%,,,,,,,,,
COURSE TOTAL:,28,5,1,0,0,34,3.794,0,0,0,0,0,34,
"",82.35%,14.71%,2.94%,0.00%,0.00%,,,,,,,,,
SPSY-644-200,10,0,0,0,0,10,4.000,0,0,0,0,0,10,SOPCHAK K
"",100.00%,0.00%,0.00%,0.00%,0.00%,,,,,,,,,
COURSE TOTAL:,10,0,0,0,0,10,4.000,0,0,0,0,0,10,
"",100.00%,0.00%,0.00%,0.00%,0.00%,,,,,,,,,
DEPARTMENT TOTAL:,694,83,15,4,13,809,3.780,1,0,0,5,0,815,
"",85.78%,10.26%,1.85%,0.49%,1.61%,,,,,,,,,
ATTR-650-300,13,1,0,0,0,14,3.928,0,0,0,0,0,14,ST LOUIS P
"",92.86%,7.14%,0.00%,0.00%,0.00%,,,,,,,,,
COURSE TOTAL:,13,1,0,0,0,14,3.928,0,0,0,0,0,14,
"",92.86%,7.14%,0.00%,0.00%,0.00%,,,,,,,,,
ATTR-654-300,10,0,0,0,0,10,4.000,6,0,0,0,0,16,BOUCHER A
"",100.00%,0.00%,0.00%,0.00%,0.00%,,,,,,,,,
COURSE TOTAL:,10,0,0,0,0,10,4.000,6,0,0,0,0,16,
"",100.00%,0.00%,0.00%,0.00%,0.00%,,,,,,,,,
ATTR-660-300,5,7,2,0,0,14,3.214,0,0,0,0,0,14,GREENWOOD L
"",35.71%,50.00%,14.29%,0.00%,0.00%,,,,,,,,,
COURSE TOTAL:,5,7,2,0,0,14,3.214,0,0,0,0,0,14,
"",35.71%,50.00%,14.29%,0.00%,0.00%,,,,,,,,,
ATTR-661-300,14,0,0,0,0,14,4.000,0,0,0,0,0,14,ST LOUIS P
"",100.00%,0.00%,0.00%,0.00%,0.00%,,,,,,,,,
COURSE TOTAL:,14,0,0,0,0,14,4.000,0,0,0,0,0,14,
"",100.00%,0.00%,0.00%,0.00%,0.00%,,,,,,,,,
KINE-120-700,17,2,1,0,0,20,3.800,0,0,0,0,0,20,DIXON S
"",85.00%,10.00%,5.00%,0.00%,0.00%,,,,,,,,,
KINE-120-701,14,5,2,1,0,22,3.454,0,0,0,1,0,23,SZURA J
"",63.64%,22.73%,9.09%,4.55%,0.00%,,,,,,,,,
KINE-120-702,28,3,0,0,1,32,3.781,0,0,0,0,0,32,WENZEL T
"",87.50%,9.38%,0.00%,0.00%,3.13%,,,,,,,,,
KINE-120-703,18,6,3,2,1,30,3.266,0,0,0,0,0,30,WRIGHT M
"",60.00%,20.00%,10.00%,6.67%,3.33%,,,,,,,,,
KINE-120-704,23,6,1,1,0,31,3.645,0,0,0,0,0,31,TYSON L
"",74.19%,19.35%,3.23%,3.23%,0.00%,,,,,,,,,
KINE-120-829,10,2,2,0,0,14,3.571,0,0,0,1,0,15,WENZEL T
"",71.43%,14.29%,14.29%,0.00%,0.00%,,,,,,,,,
COURSE TOTAL:,110,24,9,4,2,149,3.583,0,0,0,2,0,151,
"",73.83%,16.11%,6.04%,2.68%,1.34%,,,,,,,,,
KINE-199-701,19,2,1,1,0,23,3.695,0,14,0,0,0,37,TYSON L
"",82.61%,8.70%,4.35%,4.35%,0.00%,,,,,,,,,
KINE-199-703,4,0,1,0,0,5,3.000,0,31,1,0,0,37,HANIK M
"",80.00%,0.00%,20.00%,0.00%,0.00%,,,,,,,,,
KINE-199-704,7,0,0,0,0,7,2.800,0,29,3,1,0,40,MAREK K
"",100.00%,0.00%,0.00%,0.00%,0.00%,,,,,,,,,
COURSE TOTAL:,30,2,2,1,0,35,3.358,0,74,4,1,0,114,
"",85.71%,5.71%,5.71%,2.86%,0.00%,,,,,,,,,
KINE-214-700,15,9,0,2,2,28,3.178,0,0,0,0,0,28,LIU J
"",53.57%,32.14%,0.00%,7.14%,7.14%,,,,,,,,,
COURSE TOTAL:,15,9,0,2,2,28,3.178,0,0,0,0,0,28,
"",53.57%,32.14%,0.00%,7.14%,7.14%,,,,,,,,,
KINE-223-701,21,4,2,0,1,28,3.571,0,0,0,0,0,28,SLAGEL K
"",75.00%,14.29%,7.14%,0.00%,3.57%,,,,,,,,,
KINE-223-702,21,5,5,0,0,31,3.516,0,0,0,0,0,31,ISENHART M
"",67.74%,16.13%,16.13%,0.00%,0.00%,,,,,,,,,
COURSE TOTAL:,42,9,7,0,1,59,3.542,0,0,0,0,0,59,
"",71.19%,15.25%,11.86%,0.00%,1.69%,,,,,,,,,
KINE-307-700,17,2,1,0,0,20,3.800,0,0,0,0,0,20,KENNEDY D
"",85.00%,10.00%,5.00%,0.00%,0.00%,,,,,,,,,
COURSE TOTAL:,17,2,1,0,0,20,3.800,0,0,0,0,0,20,
"",85.00%,10.00%,5.00%,0.00%,0.00%,,,,,,,,,
KINE-318-100,19,1,0,0,0,20,3.950,0,0,0,0,0,20,ST LOUIS P
"",95.00%,5.00%,0.00%,0.00%,0.00%,,,,,,,,,
COURSE TOTAL:,19,1,0,0,0,20,3.950,0,0,0,0,0,20,
"",95.00%,5.00%,0.00%,0.00%,0.00%,,,,,,,,,
KINE-406-200,7,8,14,0,1,30,2.666,0,0,0,1,0,31,WRIGHT D
"",23.33%,26.67%,46.67%,0.00%,3.33%,,,,,,,,,
COURSE TOTAL:,7,8,14,0,1,30,2.666,0,0,0,1,0,31,
"",23.33%,26.67%,46.67%,0.00%,3.33%,,,,,,,,,
KINE-407-901,8,7,0,0,1,16,3.312,0,0,0,1,0,17,HUYNH A
"",50.00%,43.75%,0.00%,0.00%,6.25%,,,,,,,,,
COURSE TOTAL:,8,7,0,0,1,16,3.312,0,0,0,1,0,17,
"",50.00%,43.75%,0.00%,0.00%,6.25%,,,,,,,,,
KINE-426-100,3,8,3,0,0,14,3.000,0,0,0,0,0,14,NORDIN A
"",21.43%,57.14%,21.43%,0.00%,0.00%,,,,,,,,,
KINE-426-200,7,5,1,0,0,13,3.461,0,0,0,0,0,13,LAWLER J
"",53.85%,38.46%,7.69%,0.00%,0.00%,,,,,,,,,
COURSE TOTAL:,10,13,4,0,0,27,3.222,0,0,0,0,0,27,
"",37.04%,48.15%,14.81%,0.00%,0.00%,,,,,,,,,
KINE-427-200,12,0,0,0,0,12,4.000,0,0,0,0,0,12,ST LOUIS P
"",100.00%,0.00%,0.00%,0.00%,0.00%,,,,,,,,,
COURSE TOTAL:,12,0,0,0,0,12,4.000,0,0,0,0,0,12,
"",100.00%,0.00%,0.00%,0.00%,0.00%,,,,,,,,,
KINE-433-100,12,7,10,3,0,32,2.875,0,0,0,0,0,32,WOODMAN C
"",37.50%,21.88%,31.25%,9.38%,0.00%,,,,,,,,,
COURSE TOTAL:,12,7,10,3,0,32,2.875,0,0,0,0,0,32,
"",37.50%,21.88%,31.25%,9.38%,0.00%,,,,,,,,,
KINE-435-900,11,4,0,0,1,16,3.500,0,0,0,0,0,16,DICKERSON B
"",68.75%,25.00%,0.00%,0.00%,6.25%,,,,,,,,,
KINE-435-901,12,1,2,0,0,15,3.666,0,0,0,0,0,15,MOHAJERI A
"",80.00%,6.67%,13.33%,0.00%,0.00%,,,,,,,,,
COURSE TOTAL:,23,5,2,0,1,31,3.580,0,0,0,0,0,31,
"",74.19%,16.13%,6.45%,0.00%,3.23%,,,,,,,,,
KINE-439-900,7,3,0,0,0,10,3.700,0,0,0,0,0,10,MARTIN S
"",70.00%,30.00%,0.00%,0.00%,0.00%,,,,,,,,,
COURSE TOTAL:,7,3,0,0,0,10,3.700,0,0,0,0,0,10,
"",70.00%,30.00%,0.00%,0.00%,0.00%,,,,,,,,,
KINE-483-302,6,0,0,0,0,6,4.000,0,0,0,0,0,6,MARTIN S
"",100.00%,0.00%,0.00%,0.00%,0.00%,,,,,,,,,
COURSE TOTAL:,6,0,0,0,0,6,4.000,0,0,0,0,0,6,
"",100.00%,0.00%,0.00%,0.00%,0.00%,,,,,,,,,
KINE-682-100,15,0,0,0,1,16,3.750,0,0,0,0,0,16,YENTES J
"",93.75%,0.00%,0.00%,0.00%,6.25%,,,,,,,,,
COURSE TOTAL:,15,0,0,0,1,16,3.750,0,0,0,0,0,16,
"",93.75%,0.00%,0.00%,0.00%,6.25%,,,,,,,,,
KINE-683-306,5,0,0,0,0,5,4.000,0,0,0,0,0,5,MARTIN S
"",100.00%,0.00%,0.00%,0.00%,0.00%,,,,,,,,,
COURSE TOTAL:,5,0,0,0,0,5,4.000,0,0,0,0,0,5,
"",100.00%,0.00%,0.00%,0.00%,0.00%,,,,,,,,,
SPMT-220-700,23,2,0,0,0,25,3.920,0,0,0,1,0,26,CHANG K
"",92.00%,8.00%,0.00%,0.00%,0.00%,,,,,,,,,
SPMT-220-701,94,15,4,0,1,114,3.763,1,0,0,5,0,120,ALTINER B
"",82.46%,13.16%,3.51%,0.00%,0.88%,,,,,,,,,
COURSE TOTAL:,117,17,4,0,1,139,3.791,1,0,0,6,0,146,
"",84.17%,12.23%,2.88%,0.00%,0.72%,,,,,,,,,
SPMT-230-700,21,3,0,0,0,24,3.875,0,0,0,0,0,24,ALANIS M
"",87.50%,12.50%,0.00%,0.00%,0.00%,,,,,,,,,
COURSE TOTAL:,21,3,0,0,0,24,3.875,0,0,0,0,0,24,
"",87.50%,12.50%,0.00%,0.00%,0.00%,,,,,,,,,
SPMT-260-702,17,11,6,1,0,35,3.257,0,0,0,2,0,37,GRIZZARD B
"",48.57%,31.43%,17.14%,2.86%,0.00%,,,,,,,,,
COURSE TOTAL:,17,11,6,1,0,35,3.257,0,0,0,2,0,37,
"",48.57%,31.43%,17.14%,2.86%,0.00%,,,,,,,,,
SPMT-265-900,4,3,2,0,2,11,2.636,0,0,0,0,0,11,HARRIS H
"",36.36%,27.27%,18.18%,0.00%,18.18%,,,,,,,,,
COURSE TOTAL:,4,3,2,0,2,11,2.636,0,0,0,0,0,11,
"",36.36%,27.27%,18.18%,0.00%,18.18%,,,,,,,,,
SPMT-270-702,14,19,7,0,0,40,3.175,0,0,0,0,0,40,BALL J
"",35.00%,47.50%,17.50%,0.00%,0.00%,,,,,,,,,
COURSE TOTAL:,14,19,7,0,0,40,3.175,0,0,0,0,0,40,
"",35.00%,47.50%,17.50%,0.00%,0.00%,,,,,,,,,
SPMT-295-100,4,7,1,1,1,14,2.857,0,0,0,0,0,14,JONES K
"",28.57%,50.00%,7.14%,7.14%,7.14%,,,,,,,,,
SPMT-295-200,0,2,2,1,0,5,2.200,0,0,0,0,0,5,JONES K
"",0.00%,40.00%,40.00%,20.00%,0.00%,,,,,,,,,
COURSE TOTAL:,4,9,3,2,1,19,2.684,0,0,0,0,0,19,
"",21.05%,47.37%,15.79%,10.53%,5.26%,,,,,,,,,
SPMT-304-700,19,5,1,1,3,29,3.241,0,0,0,0,0,29,FULK C
"",65.52%,17.24%,3.45%,3.45%,10.34%,,,,,,,,,
SPMT-304-701,30,10,3,0,0,43,3.627,0,0,0,0,0,43,FULK C
"",69.77%,23.26%,6.98%,0.00%,0.00%,,,,,,,,,
COURSE TOTAL:,49,15,4,1,3,72,3.472,0,0,0,0,0,72,
"",68.06%,20.83%,5.56%,1.39%,4.17%,,,,,,,,,
SPMT-319-700,26,18,4,0,0,48,3.458,0,0,0,1,0,49,ALANIS M
"",54.17%,37.50%,8.33%,0.00%,0.00%,,,,,,,,,
COURSE TOTAL:,26,18,4,0,0,48,3.458,0,0,0,1,0,49,
"",54.17%,37.50%,8.33%,0.00%,0.00%,,,,,,,,,
SPMT-330-700,20,6,0,0,0,26,3.769,0,0,0,0,0,26,HILL J
"",76.92%,23.08%,0.00%,0.00%,0.00%,,,,,,,,,
COURSE TOTAL:,20,6,0,0,0,26,3.769,0,0,0,0,0,26,
"",76.92%,23.08%,0.00%,0.00%,0.00%,,,,,,,,,
SPMT-336-701,28,1,0,0,0,29,3.965,0,0,0,0,0,29,BALL J
"",96.55%,3.45%,0.00%,0.00%,0.00%,,,,,,,,,
COURSE TOTAL:,28,1,0,0,0,29,3.965,0,0,0,0,0,29,
"",96.55%,3.45%,0.00%,0.00%,0.00%,,,,,,,,,
SPMT-337-701,51,3,0,0,1,55,3.872,0,0,0,1,0,56,DO C
"",92.73%,5.45%,0.00%,0.00%,1.82%,,,,,,,,,
SPMT-337-702,43,23,2,0,0,68,3.602,0,0,0,0,0,68,DO C
"",63.24%,33.82%,2.94%,0.00%,0.00%,,,,,,,,,
COURSE TOTAL:,94,26,2,0,1,123,3.723,0,0,0,1,0,124,
"",76.42%,21.14%,1.63%,0.00%,0.81%,,,,,,,,,
SPMT-340-701,7,5,0,0,0,12,3.583,0,0,0,0,0,12,HILL J
"",58.33%,41.67%,0.00%,0.00%,0.00%,,,,,,,,,
COURSE TOTAL:,7,5,0,0,0,12,3.583,0,0,0,0,0,12,
"",58.33%,41.67%,0.00%,0.00%,0.00%,,,,,,,,,
SPMT-362-100,20,8,5,0,0,33,3.454,0,0,0,1,0,34,NEFF P
"",60.61%,24.24%,15.15%,0.00%,0.00%,,,,,,,,,
COURSE TOTAL:,20,8,5,0,0,33,3.454,0,0,0,1,0,34,
"",60.61%,24.24%,15.15%,0.00%,0.00%,,,,,,,,,
SPMT-364-100,21,9,4,0,0,34,3.500,0,0,0,1,0,35,LASOTA M
"",61.76%,26.47%,11.76%,0.00%,0.00%,,,,,,,,,
COURSE TOTAL:,21,9,4,0,0,34,3.500,0,0,0,1,0,35,
"",61.76%,26.47%,11.76%,0.00%,0.00%,,,,,,,,,
SPMT-370-900,3,4,1,2,0,10,2.800,0,0,0,0,0,10,WALTEMYER D
"",30.00%,40.00%,10.00%,20.00%,0.00%,,,,,,,,,
SPMT-370-901,4,9,0,0,0,13,3.307,0,0,0,0,0,13,WALTEMYER D
"",30.77%,69.23%,0.00%,0.00%,0.00%,,,,,,,,,
COURSE TOTAL:,7,13,1,2,0,23,3.086,0,0,0,0,0,23,
"",30.43%,56.52%,4.35%,8.70%,0.00%,,,,,,,,,
SPMT-402-100,4,6,0,0,0,10,3.400,0,0,0,0,0,10,JONES K
"",40.00%,60.00%,0.00%,0.00%,0.00%,,,,,,,,,
COURSE TOTAL:,4,6,0,0,0,10,3.400,0,0,0,0,0,10,
"",40.00%,60.00%,0.00%,0.00%,0.00%,,,,,,,,,
SPMT-450-100,4,0,1,0,0,5,3.600,0,0,0,0,0,5,GUINN J
"",80.00%,0.00%,20.00%,0.00%,0.00%,,,,,,,,,
COURSE TOTAL:,4,0,1,0,0,5,3.600,0,0,0,0,0,5,
"",80.00%,0.00%,20.00%,0.00%,0.00%,,,,,,,,,
SPMT-481-100,7,0,0,0,0,7,4.000,0,0,0,0,0,7,KEIPER P
"",100.00%,0.00%,0.00%,0.00%,0.00%,,,,,,,,,
SPMT-481-101,6,1,0,0,0,7,3.857,0,0,0,0,0,7,ZIMMER W
"",85.71%,14.29%,0.00%,0.00%,0.00%,,,,,,,,,
COURSE TOTAL:,13,1,0,0,0,14,3.928,0,0,0,0,0,14,
"",92.86%,7.14%,0.00%,0.00%,0.00%,,,,,,,,,
SPMT-484-301,6,0,0,0,0,6,4.000,0,0,0,0,0,6,HUDSON S
"",100.00%,0.00%,0.00%,0.00%,0.00%,,,,,,,,,
SPMT-484-351,9,0,0,0,0,9,4.000,0,0,0,0,0,9,JONES K
"",100.00%,0.00%,0.00%,0.00%,0.00%,,,,,,,,,
COURSE TOTAL:,15,0,0,0,0,15,4.000,0,0,0,0,0,15,
"",100.00%,0.00%,0.00%,0.00%,0.00%,,,,,,,,,
SPMT-601-700,6,8,2,0,0,16,3.250,0,0,0,0,0,16,KEIPER P
"",37.50%,50.00%,12.50%,0.00%,0.00%,,,,,,,,,
COURSE TOTAL:,6,8,2,0,0,16,3.250,0,0,0,0,0,16,
"",37.50%,50.00%,12.50%,0.00%,0.00%,,,,,,,,,
SPMT-610-700,11,4,1,0,0,16,3.625,0,0,0,0,0,16,MCCULLOUGH B
"",68.75%,25.00%,6.25%,0.00%,0.00%,,,,,,,,,
COURSE TOTAL:,11,4,1,0,0,16,3.625,0,0,0,0,0,16,
"",68.75%,25.00%,6.25%,0.00%,0.00%,,,,,,,,,
SPMT-611-700,3,5,1,0,0,9,3.222,0,0,0,0,0,9,SALAGA S
"",33.33%,55.56%,11.11%,0.00%,0.00%,,,,,,,,,
COURSE TOTAL:,3,5,1,0,0,9,3.222,0,0,0,0,0,9,
"",33.33%,55.56%,11.11%,0.00%,0.00%,,,,,,,,,
SPMT-612-700,9,0,2,0,0,11,3.636,0,0,0,0,0,11,HODGE C
"",81.82%,0.00%,18.18%,0.00%,0.00%,,,,,,,,,
COURSE TOTAL:,9,0,2,0,0,11,3.636,0,0,0,0,0,11,
"",81.82%,0.00%,18.18%,0.00%,0.00%,,,,,,,,,
SPMT-616-700,18,3,0,0,0,21,3.857,0,0,0,0,0,21,GUINN J
"",85.71%,14.29%,0.00%,0.00%,0.00%,,,,,,,,,
COURSE TOTAL:,18,3,0,0,0,21,3.857,0,0,0,0,0,21,
"",85.71%,14.29%,0.00%,0.00%,0.00%,,,,,,,,,
SPMT-617-700,14,2,0,0,0,16,3.875,0,0,0,0,0,16,BENNETT G
"",87.50%,12.50%,0.00%,0.00%,0.00%,,,,,,,,,
COURSE TOTAL:,14,2,0,0,0,16,3.875,0,0,0,0,0,16,
"",87.50%,12.50%,0.00%,0.00%,0.00%,,,,,,,,,
SPMT-623-399,2,4,0,1,0,7,3.000,0,0,0,0,0,7,HUDSON S
"",28.57%,57.14%,0.00%,14.29%,0.00%,,,,,,,,,
SPMT-623-700,8,3,0,0,0,11,3.727,0,0,0,2,0,13,HUDSON S
"",72.73%,27.27%,0.00%,0.00%,0.00%,,,,,,,,,
COURSE TOTAL:,10,7,0,1,0,18,3.444,0,0,0,2,0,20,
"",55.56%,38.89%,0.00%,5.56%,0.00%,,,,,,,,,
SPMT-655-399,1,5,1,0,0,7,3.000,0,0,0,0,0,7,BATISTA P
"",14.29%,71.43%,14.29%,0.00%,0.00%,,,,,,,,,
SPMT-655-700,3,1,1,0,0,5,3.400,0,0,0,0,0,5,BATISTA P
"",60.00%,20.00%,20.00%,0.00%,0.00%,,,,,,,,,
COURSE TOTAL:,4,6,2,0,0,12,3.166,0,0,0,0,0,12,
"",33.33%,50.00%,16.67%,0.00%,0.00%,,,,,,,,,
DEPARTMENT TOTAL:,940,303,102,17,17,1379,3.557,7,74,4,19,0,1483,
"",68.17%,21.97%,7.40%,1.23%,1.23%,,,,,,,,,
EDCI-602-700,22,0,0,0,0,22,4.000,0,0,0,1,0,23,SARPY-SIMPSON C
"",100.00%,0.00%,0.00%,0.00%,0.00%,,,,,,,,,
EDCI-602-701,20,1,0,0,0,21,3.952,0,0,0,0,0,21,SARPY-SIMPSON C
"",95.24%,4.76%,0.00%,0.00%,0.00%,,,,,,,,,
EDCI-602-702,20,0,0,0,0,20,4.000,0,0,0,0,0,20,SARPY-SIMPSON C
"",100.00%,0.00%,0.00%,0.00%,0.00%,,,,,,,,,
EDCI-602-703,14,1,0,0,0,15,3.933,0,0,0,0,0,15,OGLETREE Q
"",93.33%,6.67%,0.00%,0.00%,0.00%,,,,,,,,,
EDCI-602-704,21,0,0,0,0,21,4.000,0,0,0,0,0,21,OGLETREE Q
"",100.00%,0.00%,0.00%,0.00%,0.00%,,,,,,,,,
EDCI-602-705,20,0,1,0,0,21,3.904,0,0,0,0,0,21,OGLETREE Q
"",95.24%,0.00%,4.76%,0.00%,0.00%,,,,,,,,,
COURSE TOTAL:,117,2,1,0,0,120,3.966,0,0,0,1,0,121,
"",97.50%,1.67%,0.83%,0.00%,0.00%,,,,,,,,,
EDCI-603-700,10,0,0,0,0,10,4.000,0,0,0,0,0,10,SINGER E
"",100.00%,0.00%,0.00%,0.00%,0.00%,,,,,,,,,
COURSE TOTAL:,10,0,0,0,0,10,4.000,0,0,0,0,0,10,
"",100.00%,0.00%,0.00%,0.00%,0.00%,,,,,,,,,
EDCI-604-700,15,0,1,0,0,16,3.875,0,0,0,0,0,16,ETCHELLS M
"",93.75%,0.00%,6.25%,0.00%,0.00%,,,,,,,,,
EDCI-604-701,6,2,0,0,0,8,3.750,0,0,0,0,0,8,ETCHELLS M
"",75.00%,25.00%,0.00%,0.00%,0.00%,,,,,,,,,
COURSE TOTAL:,21,2,1,0,0,24,3.833,0,0,0,0,0,24,
"",87.50%,8.33%,4.17%,0.00%,0.00%,,,,,,,,,
EDCI-605-702,14,0,0,0,1,15,3.733,0,0,0,0,0,15,VIRURU R
"",93.33%,0.00%,0.00%,0.00%,6.67%,,,,,,,,,
EDCI-605-703,15,1,0,0,0,16,3.937,0,0,0,0,0,16,VIRURU R
"",93.75%,6.25%,0.00%,0.00%,0.00%,,,,,,,,,
COURSE TOTAL:,29,1,0,0,1,31,3.838,0,0,0,0,0,31,
"",93.55%,3.23%,0.00%,0.00%,3.23%,,,,,,,,,
EDCI-620-700,7,0,0,0,0,7,4.000,0,0,0,0,0,7,KIPP A
"",100.00%,0.00%,0.00%,0.00%,0.00%,,,,,,,,,
COURSE TOTAL:,7,0,0,0,0,7,4.000,0,0,0,0,0,7,
"",100.00%,0.00%,0.00%,0.00%,0.00%,,,,,,,,,
EDCI-628-300,11,0,0,0,0,11,4.000,0,0,0,0,0,11,YOUNG J
"",100.00%,0.00%,0.00%,0.00%,0.00%,,,,,,,,,
COURSE TOTAL:,11,0,0,0,0,11,4.000,0,0,0,0,0,11,
"",100.00%,0.00%,0.00%,0.00%,0.00%,,,,,,,,,
EDCI-632-700,15,0,0,0,0,15,4.000,0,0,0,0,0,15,HUTCHINS S
"",100.00%,0.00%,0.00%,0.00%,0.00%,,,,,,,,,
COURSE TOTAL:,15,0,0,0,0,15,4.000,0,0,0,0,0,15,
"",100.00%,0.00%,0.00%,0.00%,0.00%,,,,,,,,,
EDCI-634-700,22,0,0,0,0,22,4.000,0,0,0,0,0,22,SLATTERY G
"",100.00%,0.00%,0.00%,0.00%,0.00%,,,,,,,,,
EDCI-634-701,22,0,0,0,0,22,4.000,0,0,0,0,0,22,SLATTERY G
"",100.00%,0.00%,0.00%,0.00%,0.00%,,,,,,,,,
EDCI-634-702,21,2,0,0,0,23,3.913,0,0,0,0,0,23,SLATTERY G
"",91.30%,8.70%,0.00%,0.00%,0.00%,,,,,,,,,
COURSE TOTAL:,65,2,0,0,0,67,3.970,0,0,0,0,0,67,
"",97.01%,2.99%,0.00%,0.00%,0.00%,,,,,,,,,
EDCI-636-700,8,1,0,0,0,9,3.888,0,0,0,0,0,9,HUTCHINS S
"",88.89%,11.11%,0.00%,0.00%,0.00%,,,,,,,,,
EDCI-636-701,14,1,0,0,0,15,3.933,0,0,0,0,0,15,RACKLEY R
"",93.33%,6.67%,0.00%,0.00%,0.00%,,,,,,,,,
COURSE TOTAL:,22,2,0,0,0,24,3.916,0,0,0,0,0,24,
"",91.67%,8.33%,0.00%,0.00%,0.00%,,,,,,,,,
EDCI-638-700,20,1,0,0,0,21,3.952,0,0,0,0,0,21,RACKLEY R
"",95.24%,4.76%,0.00%,0.00%,0.00%,,,,,,,,,
EDCI-638-701,21,0,0,0,0,21,4.000,0,0,0,0,0,21,RACKLEY R
"",100.00%,0.00%,0.00%,0.00%,0.00%,,,,,,,,,
EDCI-638-702,21,0,0,0,0,21,4.000,0,0,0,0,0,21,RACKLEY R
"",100.00%,0.00%,0.00%,0.00%,0.00%,,,,,,,,,
COURSE TOTAL:,62,1,0,0,0,63,3.984,0,0,0,0,0,63,
"",98.41%,1.59%,0.00%,0.00%,0.00%,,,,,,,,,
EDCI-644-700,6,1,0,0,0,7,3.857,0,0,0,0,0,7,SLATTERY G
"",85.71%,14.29%,0.00%,0.00%,0.00%,,,,,,,,,
EDCI-644-701,28,0,0,0,0,28,4.000,0,0,0,0,0,28,PARKER D
"",100.00%,0.00%,0.00%,0.00%,0.00%,,,,,,,,,
EDCI-644-702,16,0,0,0,0,16,4.000,0,0,0,0,0,16,YALVAC B
"",100.00%,0.00%,0.00%,0.00%,0.00%,,,,,,,,,
COURSE TOTAL:,50,1,0,0,0,51,3.980,0,0,0,0,0,51,
"",98.04%,1.96%,0.00%,0.00%,0.00%,,,,,,,,,
EDCI-645-700,16,1,2,0,0,19,3.736,0,0,0,0,0,19,CHALKLEN W
"",84.21%,5.26%,10.53%,0.00%,0.00%,,,,,,,,,
COURSE TOTAL:,16,1,2,0,0,19,3.736,0,0,0,0,0,19,
"",84.21%,5.26%,10.53%,0.00%,0.00%,,,,,,,,,
EDCI-648-700,13,1,0,0,0,14,3.928,0,0,0,0,0,14,WILLIAMS J
"",92.86%,7.14%,0.00%,0.00%,0.00%,,,,,,,,,
EDCI-648-701,6,0,0,0,1,7,3.428,0,0,0,0,0,7,OGLETREE Q
"",85.71%,0.00%,0.00%,0.00%,14.29%,,,,,,,,,
COURSE TOTAL:,19,1,0,0,1,21,3.761,0,0,0,0,0,21,
"",90.48%,4.76%,0.00%,0.00%,4.76%,,,,,,,,,
EDCI-673-700,21,1,0,0,0,22,3.954,0,0,0,0,0,22,HAWK N
"",95.45%,4.55%,0.00%,0.00%,0.00%,,,,,,,,,
EDCI-673-701,21,0,0,0,0,21,4.000,0,0,0,0,0,21,PARKER D
"",100.00%,0.00%,0.00%,0.00%,0.00%,,,,,,,,,
EDCI-673-703,18,2,0,0,0,20,3.900,0,0,0,0,0,20,PARKER D
"",90.00%,10.00%,0.00%,0.00%,0.00%,,,,,,,,,
EDCI-673-704,28,2,0,0,0,30,3.933,0,0,0,0,0,30,HAWK N
"",93.33%,6.67%,0.00%,0.00%,0.00%,,,,,,,,,
COURSE TOTAL:,88,5,0,0,0,93,3.946,0,0,0,0,0,93,
"",94.62%,5.38%,0.00%,0.00%,0.00%,,,,,,,,,
EDCI-677-700,17,0,0,0,0,17,4.000,0,0,0,0,0,17,SARPY-SIMPSON C
"",100.00%,0.00%,0.00%,0.00%,0.00%,,,,,,,,,
COURSE TOTAL:,17,0,0,0,0,17,4.000,0,0,0,0,0,17,
"",100.00%,0.00%,0.00%,0.00%,0.00%,,,,,,,,,
EDCI-710-100,9,2,0,1,0,12,3.583,0,0,0,0,0,12,NESHYBA M
"",75.00%,16.67%,0.00%,8.33%,0.00%,,,,,,,,,
COURSE TOTAL:,9,2,0,1,0,12,3.583,0,0,0,0,0,12,
"",75.00%,16.67%,0.00%,8.33%,0.00%,,,,,,,,,
EDCI-715-700,15,1,0,0,0,16,3.937,0,0,0,0,0,16,KWOK M
"",93.75%,6.25%,0.00%,0.00%,0.00%,,,,,,,,,
COURSE TOTAL:,15,1,0,0,0,16,3.937,0,0,0,0,0,16,
"",93.75%,6.25%,0.00%,0.00%,0.00%,,,,,,,,,
INST-222-700,31,0,0,0,0,31,4.000,0,0,0,0,0,31,GRICE S
"",100.00%,0.00%,0.00%,0.00%,0.00%,,,,,,,,,
COURSE TOTAL:,31,0,0,0,0,31,4.000,0,0,0,0,0,31,
"",100.00%,0.00%,0.00%,0.00%,0.00%,,,,,,,,,
RDNG-371-998,10,2,0,0,0,12,3.833,0,0,0,0,0,12,FIELDS S
"",83.33%,16.67%,0.00%,0.00%,0.00%,,,,,,,,,
COURSE TOTAL:,10,2,0,0,0,12,3.833,0,0,0,0,0,12,
"",83.33%,16.67%,0.00%,0.00%,0.00%,,,,,,,,,
RDNG-372-700,25,0,0,0,1,26,3.846,1,0,0,0,0,27,FIELDS S
"",96.15%,0.00%,0.00%,0.00%,3.85%,,,,,,,,,
COURSE TOTAL:,25,0,0,0,1,26,3.846,1,0,0,0,0,27,
"",96.15%,0.00%,0.00%,0.00%,3.85%,,,,,,,,,
RDNG-468-700,18,12,0,1,1,32,3.406,0,0,0,0,0,32,CANTRELL E
"",56.25%,37.50%,0.00%,3.13%,3.13%,,,,,,,,,
RDNG-468-701,24,6,1,0,0,31,3.741,0,0,0,0,0,31,CANTRELL E
"",77.42%,19.35%,3.23%,0.00%,0.00%,,,,,,,,,
COURSE TOTAL:,42,18,1,1,1,63,3.571,0,0,0,0,0,63,
"",66.67%,28.57%,1.59%,1.59%,1.59%,,,,,,,,,
RDNG-602-700,9,0,0,0,0,9,4.000,0,0,0,0,0,9,RUPLEY W
"",100.00%,0.00%,0.00%,0.00%,0.00%,,,,,,,,,
COURSE TOTAL:,9,0,0,0,0,9,4.000,0,0,0,0,0,9,
"",100.00%,0.00%,0.00%,0.00%,0.00%,,,,,,,,,
RDNG-603-100,18,3,0,0,0,21,3.857,0,0,0,0,0,21,MATTHEWS S
"",85.71%,14.29%,0.00%,0.00%,0.00%,,,,,,,,,
COURSE TOTAL:,18,3,0,0,0,21,3.857,0,0,0,0,0,21,
"",85.71%,14.29%,0.00%,0.00%,0.00%,,,,,,,,,
RDNG-612-700,29,0,0,0,0,29,4.000,0,0,0,0,0,29,MATTHEWS S
"",100.00%,0.00%,0.00%,0.00%,0.00%,,,,,,,,,
COURSE TOTAL:,29,0,0,0,0,29,4.000,0,0,0,0,0,29,
"",100.00%,0.00%,0.00%,0.00%,0.00%,,,,,,,,,
RDNG-616-199,6,0,0,0,0,6,4.000,0,0,0,0,0,6,PITTMAN R
"",100.00%,0.00%,0.00%,0.00%,0.00%,,,,,,,,,
RDNG-616-700,23,0,0,0,0,23,4.000,1,0,0,0,0,24,PITTMAN R
"",100.00%,0.00%,0.00%,0.00%,0.00%,,,,,,,,,
COURSE TOTAL:,29,0,0,0,0,29,4.000,1,0,0,0,0,30,
"",100.00%,0.00%,0.00%,0.00%,0.00%,,,,,,,,,
RDNG-620-700,10,5,0,0,0,15,3.666,0,0,0,1,0,16,JOSHI R
"",66.67%,33.33%,0.00%,0.00%,0.00%,,,,,,,,,
COURSE TOTAL:,10,5,0,0,0,15,3.666,0,0,0,1,0,16,
"",66.67%,33.33%,0.00%,0.00%,0.00%,,,,,,,,,
TEED-602-300,29,1,0,0,0,30,3.966,0,0,0,0,0,30,WILLIAMS J
"",96.67%,3.33%,0.00%,0.00%,0.00%,,,,,,,,,
COURSE TOTAL:,29,1,0,0,0,30,3.966,0,0,0,0,0,30,
"",96.67%,3.33%,0.00%,0.00%,0.00%,,,,,,,,,
TEED-649-100,9,0,0,0,0,9,4.000,0,0,0,0,0,9,FIELDS S
"",100.00%,0.00%,0.00%,0.00%,0.00%,,,,,,,,,
TEED-649-101,12,0,0,0,0,12,4.000,0,0,0,0,0,12,BRYSCH C
"",100.00%,0.00%,0.00%,0.00%,0.00%,,,,,,,,,
TEED-649-102,9,0,0,0,0,9,4.000,0,0,0,0,0,9,FLEMING K
"",100.00%,0.00%,0.00%,0.00%,0.00%,,,,,,,,,
COURSE TOTAL:,30,0,0,0,0,30,4.000,0,0,0,0,0,30,
"",100.00%,0.00%,0.00%,0.00%,0.00%,,,,,,,,,
DEPARTMENT TOTAL:,835,50,5,2,4,896,3.908,2,0,0,2,0,900,
"",93.19%,5.58%,0.56%,0.22%,0.45%,,,,,,,,,
COLLEGE TOTAL:,2808,503,157,30,40,3538,3.710,12,74,4,33,1,3662,
"",79.37%,14.22%,4.44%,0.85%,1.13%,,,,,,,,,
