BUSH-285-200,14,1,0,0,0,15,3.933,0,0,0,0,0,15,SHANDLEY R
"",93.33%,6.67%,0.00%,0.00%,0.00%,,,,,,,,,
BUSH-285-501,15,0,0,0,0,15,4.000,0,0,0,0,0,15,SHANDLEY R
"",100.00%,0.00%,0.00%,0.00%,0.00%,,,,,,,,,
BUSH-285-502,15,0,0,0,0,15,4.000,0,0,0,0,0,15,SHANDLEY R
"",100.00%,0.00%,0.00%,0.00%,0.00%,,,,,,,,,
BUSH-285-503,15,0,0,0,0,15,4.000,0,0,0,0,0,15,SHANDLEY R
"",100.00%,0.00%,0.00%,0.00%,0.00%,,,,,,,,,
BUSH-285-504,15,0,0,0,0,15,4.000,0,0,0,0,0,15,SHANDLEY R
"",100.00%,0.00%,0.00%,0.00%,0.00%,,,,,,,,,
BUSH-285-505,13,0,0,0,0,13,4.000,0,0,0,0,0,13,SHANDLEY R
"",100.00%,0.00%,0.00%,0.00%,0.00%,,,,,,,,,
BUSH-285-506,14,0,0,0,0,14,4.000,0,0,0,0,0,14,SHANDLEY R
"",100.00%,0.00%,0.00%,0.00%,0.00%,,,,,,,,,
BUSH-285-507,13,0,0,0,1,14,3.714,0,0,0,0,0,14,SHANDLEY R
"",92.86%,0.00%,0.00%,0.00%,7.14%,,,,,,,,,
BUSH-285-508,13,0,0,0,0,13,4.000,0,0,0,0,0,13,SHANDLEY R
"",100.00%,0.00%,0.00%,0.00%,0.00%,,,,,,,,,
BUSH-285-509,15,0,0,0,0,15,4.000,0,0,0,0,0,15,SHANDLEY R
"",100.00%,0.00%,0.00%,0.00%,0.00%,,,,,,,,,
BUSH-285-510,14,0,0,0,0,14,4.000,0,0,0,0,0,14,SHANDLEY R
"",100.00%,0.00%,0.00%,0.00%,0.00%,,,,,,,,,
BUSH-285-511,15,0,0,0,0,15,4.000,0,0,0,0,0,15,SHANDLEY R
"",100.00%,0.00%,0.00%,0.00%,0.00%,,,,,,,,,
BUSH-285-512,10,0,0,0,0,10,4.000,0,0,0,0,0,10,SHANDLEY R
"",100.00%,0.00%,0.00%,0.00%,0.00%,,,,,,,,,
BUSH-285-513,19,1,1,0,0,21,3.857,1,0,0,0,0,22,SHANDLEY R
"",90.48%,4.76%,4.76%,0.00%,0.00%,,,,,,,,,
BUSH-285-514,14,0,0,0,0,14,4.000,0,0,0,0,0,14,SHANDLEY R
"",100.00%,0.00%,0.00%,0.00%,0.00%,,,,,,,,,
COURSE TOTAL:,214,2,1,0,1,218,3.963,1,0,0,0,0,219,
"",98.17%,0.92%,0.46%,0.00%,0.46%,,,,,,,,,
BUSH-602-600,10,4,1,0,0,15,0.000,0,0,0,0,0,15,RAISOR C
"",66.67%,26.67%,6.67%,0.00%,0.00%,,,,,,,,,
COURSE TOTAL:,10,4,1,0,0,15,Error,0,0,0,0,0,15,
"",66.67%,26.67%,6.67%,0.00%,0.00%,,,,,,,,,
BUSH-631-600,12,9,0,0,0,21,3.571,0,0,0,2,0,23,DENLY M
"",57.14%,42.86%,0.00%,0.00%,0.00%,,,,,,,,,
BUSH-631-601,15,1,0,0,0,16,3.937,0,0,0,0,0,16,CORTES K
"",93.75%,6.25%,0.00%,0.00%,0.00%,,,,,,,,,
BUSH-631-603,15,0,1,0,0,16,3.875,0,0,0,0,0,16,CORTES K
"",93.75%,0.00%,6.25%,0.00%,0.00%,,,,,,,,,
BUSH-631-604,9,3,2,0,1,15,3.266,1,0,0,0,0,16,LAHEY J
"",60.00%,20.00%,13.33%,0.00%,6.67%,,,,,,,,,
BUSH-631-606,5,14,2,0,0,21,3.142,0,0,0,2,0,23,MORALES-ARILLA J
"",23.81%,66.67%,9.52%,0.00%,0.00%,,,,,,,,,
BUSH-631-700,19,2,0,0,0,21,3.904,0,0,0,0,0,21,CORTES K
"",90.48%,9.52%,0.00%,0.00%,0.00%,,,,,,,,,
COURSE TOTAL:,75,29,5,0,1,110,3.609,1,0,0,4,0,115,
"",68.18%,26.36%,4.55%,0.00%,0.91%,,,,,,,,,
DEPARTMENT TOTAL:,299,35,7,0,2,343,3.844,2,0,0,4,0,349
"",87.17%,10.20%,2.04%,0.00%,0.58%,,,,,,,,
INTA-302-500,9,16,4,0,0,29,3.172,0,0,0,1,0,30,HELMS B
"",31.03%,55.17%,13.79%,0.00%,0.00%,,,,,,,,,
COURSE TOTAL:,9,16,4,0,0,29,3.172,0,0,0,1,0,30,
"",31.03%,55.17%,13.79%,0.00%,0.00%,,,,,,,,,
INTA-603-601,15,15,0,0,0,30,3.500,0,0,0,0,0,30,HENNESSEY-NILAND J
"",50.00%,50.00%,0.00%,0.00%,0.00%,,,,,,,,,
COURSE TOTAL:,15,15,0,0,0,30,3.500,0,0,0,0,0,30,
"",50.00%,50.00%,0.00%,0.00%,0.00%,,,,,,,,,
INTA-605-601,21,9,0,0,0,30,3.700,0,0,0,0,0,30,BARTEL M
"",70.00%,30.00%,0.00%,0.00%,0.00%,,,,,,,,,
INTA-605-650,14,4,0,0,0,18,3.777,0,0,0,0,0,18,LEMON E
"",77.78%,22.22%,0.00%,0.00%,0.00%,,,,,,,,,
INTA-605-700,8,3,0,0,0,11,3.727,0,0,0,0,0,11,TALBOT B
"",72.73%,27.27%,0.00%,0.00%,0.00%,,,,,,,,,
COURSE TOTAL:,43,16,0,0,0,59,3.728,0,0,0,0,0,59,
"",72.88%,27.12%,0.00%,0.00%,0.00%,,,,,,,,,
INTA-606-601,17,13,0,0,0,30,3.566,0,0,0,0,0,30,SCHUESSLER J
"",56.67%,43.33%,0.00%,0.00%,0.00%,,,,,,,,,
INTA-606-602,16,13,0,0,0,29,3.551,0,0,0,0,0,29,SCHUESSLER J
"",55.17%,44.83%,0.00%,0.00%,0.00%,,,,,,,,,
INTA-606-603,27,4,0,0,0,31,3.870,0,0,0,0,0,31,MARIN THORNTON G
"",87.10%,12.90%,0.00%,0.00%,0.00%,,,,,,,,,
INTA-606-650,14,1,0,0,0,15,3.933,0,0,0,0,0,15,SHYNKARUK K
"",93.33%,6.67%,0.00%,0.00%,0.00%,,,,,,,,,
COURSE TOTAL:,74,31,0,0,0,105,3.704,0,0,0,0,0,105,
"",70.48%,29.52%,0.00%,0.00%,0.00%,,,,,,,,,
INTA-608-600,20,8,1,0,0,29,3.655,0,0,0,1,0,30,MU R
"",68.97%,27.59%,3.45%,0.00%,0.00%,,,,,,,,,
INTA-608-601,10,10,3,0,0,23,3.304,0,0,0,0,0,23,ZARATE BARRERA T
"",43.48%,43.48%,13.04%,0.00%,0.00%,,,,,,,,,
INTA-608-602,18,11,0,0,0,29,3.620,0,0,0,0,0,29,MU R
"",62.07%,37.93%,0.00%,0.00%,0.00%,,,,,,,,,
INTA-608-650,13,0,0,0,0,13,4.000,0,0,0,0,0,13,SHIM G
"",100.00%,0.00%,0.00%,0.00%,0.00%,,,,,,,,,
COURSE TOTAL:,61,29,4,0,0,94,3.606,0,0,0,1,0,95,
"",64.89%,30.85%,4.26%,0.00%,0.00%,,,,,,,,,
INTA-612-600,7,3,0,0,0,10,3.700,0,0,0,0,0,10,SIEVERT R
"",70.00%,30.00%,0.00%,0.00%,0.00%,,,,,,,,,
COURSE TOTAL:,7,3,0,0,0,10,3.700,0,0,0,0,0,10,
"",70.00%,30.00%,0.00%,0.00%,0.00%,,,,,,,,,
INTA-621-600,15,7,0,0,0,22,3.681,0,0,0,0,0,22,NORRIS W
"",68.18%,31.82%,0.00%,0.00%,0.00%,,,,,,,,,
COURSE TOTAL:,15,7,0,0,0,22,3.681,0,0,0,0,0,22,
"",68.18%,31.82%,0.00%,0.00%,0.00%,,,,,,,,,
INTA-622-650,8,7,0,0,0,15,3.533,0,0,0,0,0,15,MATTIS P
"",53.33%,46.67%,0.00%,0.00%,0.00%,,,,,,,,,
COURSE TOTAL:,8,7,0,0,0,15,3.533,0,0,0,0,0,15,
"",53.33%,46.67%,0.00%,0.00%,0.00%,,,,,,,,,
INTA-623-600,8,3,0,0,0,11,3.727,0,0,0,0,0,11,LAYNE C
"",72.73%,27.27%,0.00%,0.00%,0.00%,,,,,,,,,
COURSE TOTAL:,8,3,0,0,0,11,3.727,0,0,0,0,0,11,
"",72.73%,27.27%,0.00%,0.00%,0.00%,,,,,,,,,
INTA-625-600,10,6,1,0,0,17,3.529,0,0,0,0,0,17,ROBERTSON R
"",58.82%,35.29%,5.88%,0.00%,0.00%,,,,,,,,,
COURSE TOTAL:,10,6,1,0,0,17,3.529,0,0,0,0,0,17,
"",58.82%,35.29%,5.88%,0.00%,0.00%,,,,,,,,,
INTA-631-600,36,2,0,0,0,38,3.947,0,0,0,0,0,38,CASTILLO J
"",94.74%,5.26%,0.00%,0.00%,0.00%,,,,,,,,,
COURSE TOTAL:,36,2,0,0,0,38,3.947,0,0,0,0,0,38,
"",94.74%,5.26%,0.00%,0.00%,0.00%,,,,,,,,,
INTA-635-600,11,3,0,0,0,14,3.785,0,0,0,0,0,14,NATSIOS A
"",78.57%,21.43%,0.00%,0.00%,0.00%,,,,,,,,,
COURSE TOTAL:,11,3,0,0,0,14,3.785,0,0,0,0,0,14,
"",78.57%,21.43%,0.00%,0.00%,0.00%,,,,,,,,,
INTA-644-600,7,5,0,0,0,12,3.583,0,0,0,0,0,12,HAMIE C
"",58.33%,41.67%,0.00%,0.00%,0.00%,,,,,,,,,
COURSE TOTAL:,7,5,0,0,0,12,3.583,0,0,0,0,0,12,
"",58.33%,41.67%,0.00%,0.00%,0.00%,,,,,,,,,
INTA-645-600,15,1,0,0,0,16,3.937,0,0,0,2,0,18,HUDSON V
"",93.75%,6.25%,0.00%,0.00%,0.00%,,,,,,,,,
COURSE TOTAL:,15,1,0,0,0,16,3.937,0,0,0,2,0,18,
"",93.75%,6.25%,0.00%,0.00%,0.00%,,,,,,,,,
INTA-646-600,11,3,0,0,0,14,3.785,0,0,0,0,0,14,HUDSON V
"",78.57%,21.43%,0.00%,0.00%,0.00%,,,,,,,,,
COURSE TOTAL:,11,3,0,0,0,14,3.785,0,0,0,0,0,14,
"",78.57%,21.43%,0.00%,0.00%,0.00%,,,,,,,,,
INTA-651-700,6,0,0,0,1,7,3.428,0,0,0,0,0,7,RUSSELL R
"",85.71%,0.00%,0.00%,0.00%,14.29%,,,,,,,,,
COURSE TOTAL:,6,0,0,0,1,7,3.428,0,0,0,0,0,7,
"",85.71%,0.00%,0.00%,0.00%,14.29%,,,,,,,,,
INTA-652-600,29,2,0,0,0,31,3.935,0,0,0,0,0,31,VOGLE G
"",93.55%,6.45%,0.00%,0.00%,0.00%,,,,,,,,,
INTA-652-650,9,4,0,0,0,13,3.692,0,0,0,0,0,13,ROSS G
"",69.23%,30.77%,0.00%,0.00%,0.00%,,,,,,,,,
COURSE TOTAL:,38,6,0,0,0,44,3.863,0,0,0,0,0,44,
"",86.36%,13.64%,0.00%,0.00%,0.00%,,,,,,,,,
INTA-653-700,4,1,0,0,0,5,3.800,0,0,0,0,0,5,DALY S
"",80.00%,20.00%,0.00%,0.00%,0.00%,,,,,,,,,
COURSE TOTAL:,4,1,0,0,0,5,3.800,0,0,0,0,0,5,
"",80.00%,20.00%,0.00%,0.00%,0.00%,,,,,,,,,
INTA-657-600,25,5,0,0,0,30,3.833,0,0,0,0,0,30,HOWELL M
"",83.33%,16.67%,0.00%,0.00%,0.00%,,,,,,,,,
COURSE TOTAL:,25,5,0,0,0,30,3.833,0,0,0,0,0,30,
"",83.33%,16.67%,0.00%,0.00%,0.00%,,,,,,,,,
INTA-659-700,4,9,0,0,1,14,3.071,1,0,0,0,0,15,DALY S
"",28.57%,64.29%,0.00%,0.00%,7.14%,,,,,,,,,
COURSE TOTAL:,4,9,0,0,1,14,3.071,1,0,0,0,0,15,
"",28.57%,64.29%,0.00%,0.00%,7.14%,,,,,,,,,
INTA-670-600,8,0,0,0,0,8,4.000,0,0,0,0,0,8,HOWELL M
"",100.00%,0.00%,0.00%,0.00%,0.00%,,,,,,,,,
INTA-670-601,5,1,0,0,0,6,3.833,0,0,0,0,0,6,MARIN THORNTON G
"",83.33%,16.67%,0.00%,0.00%,0.00%,,,,,,,,,
INTA-670-602,6,1,0,0,0,7,3.857,0,0,0,1,0,8,THOROUGHMAN K
"",85.71%,14.29%,0.00%,0.00%,0.00%,,,,,,,,,
COURSE TOTAL:,19,2,0,0,0,21,3.904,0,0,0,1,0,22,
"",90.48%,9.52%,0.00%,0.00%,0.00%,,,,,,,,,
INTA-673-600,9,6,0,0,0,15,3.600,0,0,0,0,0,15,NORRIS W
"",60.00%,40.00%,0.00%,0.00%,0.00%,,,,,,,,,
COURSE TOTAL:,9,6,0,0,0,15,3.600,0,0,0,0,0,15,
"",60.00%,40.00%,0.00%,0.00%,0.00%,,,,,,,,,
INTA-680-650,6,1,0,0,0,7,3.857,0,0,0,0,0,7,DALY S
"",85.71%,14.29%,0.00%,0.00%,0.00%,,,,,,,,,
COURSE TOTAL:,6,1,0,0,0,7,3.857,0,0,0,0,0,7,
"",85.71%,14.29%,0.00%,0.00%,0.00%,,,,,,,,,
INTA-686-600,14,9,0,0,0,23,3.608,0,0,0,1,0,24,CHINCHILLA A
"",60.87%,39.13%,0.00%,0.00%,0.00%,,,,,,,,,
INTA-686-650,7,2,0,0,0,9,3.777,0,0,0,0,0,9,MANKOFF J
"",77.78%,22.22%,0.00%,0.00%,0.00%,,,,,,,,,
COURSE TOTAL:,21,11,0,0,0,32,3.656,0,0,0,1,0,33,
"",65.63%,34.38%,0.00%,0.00%,0.00%,,,,,,,,,
INTA-689-601,4,3,0,0,0,7,3.571,0,0,0,0,0,7,KELLY M
"",57.14%,42.86%,0.00%,0.00%,0.00%,,,,,,,,,
INTA-689-603,15,1,0,0,0,16,3.937,0,0,0,0,0,16,JACKSON M
"",93.75%,6.25%,0.00%,0.00%,0.00%,,,,,,,,,
INTA-689-604,8,5,0,0,0,13,3.615,0,0,0,0,0,13,HENNESSEY-NILAND J
"",61.54%,38.46%,0.00%,0.00%,0.00%,,,,,,,,,
INTA-689-605,7,0,0,0,0,7,4.000,0,0,0,0,0,7,LAURIENTI J
"",100.00%,0.00%,0.00%,0.00%,0.00%,,,,,,,,,
INTA-689-650,4,5,0,0,0,9,3.444,0,0,0,0,0,9,GAUSE F
"",44.44%,55.56%,0.00%,0.00%,0.00%,,,,,,,,,
INTA-689-651,5,0,0,0,0,5,4.000,0,0,0,0,0,5,LEMON E
"",100.00%,0.00%,0.00%,0.00%,0.00%,,,,,,,,,
INTA-689-652,1,4,0,0,0,5,3.200,0,0,0,0,0,5,PINO A
"",20.00%,80.00%,0.00%,0.00%,0.00%,,,,,,,,,
INTA-689-653,6,0,0,0,0,6,4.000,0,0,0,0,0,6,ROSS G
"",100.00%,0.00%,0.00%,0.00%,0.00%,,,,,,,,,
INTA-689-657,10,0,0,0,0,10,4.000,0,0,0,0,0,10,CARR J
"",100.00%,0.00%,0.00%,0.00%,0.00%,,,,,,,,,
INTA-689-658,4,1,0,0,0,5,3.800,1,0,0,0,0,6,LAURIENTI J
"",80.00%,20.00%,0.00%,0.00%,0.00%,,,,,,,,,
INTA-689-659,5,0,0,0,0,5,4.000,0,0,0,0,0,5,SHIM G
"",100.00%,0.00%,0.00%,0.00%,0.00%,,,,,,,,,
COURSE TOTAL:,69,19,0,0,0,88,3.784,1,0,0,0,0,89,
"",78.41%,21.59%,0.00%,0.00%,0.00%,,,,,,,,,
INTA-696-601,14,1,0,0,0,15,3.933,0,0,0,0,0,15,THOROUGHMAN K
"",93.33%,6.67%,0.00%,0.00%,0.00%,,,,,,,,,
INTA-696-602,14,1,0,0,0,15,3.933,0,0,0,0,0,15,THOROUGHMAN K
"",93.33%,6.67%,0.00%,0.00%,0.00%,,,,,,,,,
COURSE TOTAL:,28,2,0,0,0,30,3.933,0,0,0,0,0,30,
"",93.33%,6.67%,0.00%,0.00%,0.00%,,,,,,,,,
INTA-701-600,9,1,0,0,0,10,3.900,0,0,0,0,0,10,RUYLE L
"",90.00%,10.00%,0.00%,0.00%,0.00%,,,,,,,,,
COURSE TOTAL:,9,1,0,0,0,10,3.900,0,0,0,0,0,10,
"",90.00%,10.00%,0.00%,0.00%,0.00%,,,,,,,,,
INTA-706-600,10,3,0,0,0,13,3.769,0,0,0,0,0,13,BROWN G
"",76.92%,23.08%,0.00%,0.00%,0.00%,,,,,,,,,
COURSE TOTAL:,10,3,0,0,0,13,3.769,0,0,0,0,0,13,
"",76.92%,23.08%,0.00%,0.00%,0.00%,,,,,,,,,
INTA-714-600,18,3,0,0,0,21,3.857,0,0,0,0,0,21,REILLY M
"",85.71%,14.29%,0.00%,0.00%,0.00%,,,,,,,,,
INTA-714-650,8,0,0,0,0,8,4.000,0,0,0,0,0,8,GENTILE P
"",100.00%,0.00%,0.00%,0.00%,0.00%,,,,,,,,,
COURSE TOTAL:,26,3,0,0,0,29,3.896,0,0,0,0,0,29,
"",89.66%,10.34%,0.00%,0.00%,0.00%,,,,,,,,,
INTA-720-600,11,3,0,0,0,14,3.785,0,0,0,0,0,14,HAMIE C
"",78.57%,21.43%,0.00%,0.00%,0.00%,,,,,,,,,
COURSE TOTAL:,11,3,0,0,0,14,3.785,0,0,0,0,0,14,
"",78.57%,21.43%,0.00%,0.00%,0.00%,,,,,,,,,
INTA-723-601,30,0,0,0,0,30,4.000,0,0,0,0,0,30,VOGLE G
"",100.00%,0.00%,0.00%,0.00%,0.00%,,,,,,,,,
COURSE TOTAL:,30,0,0,0,0,30,4.000,0,0,0,0,0,30,
"",100.00%,0.00%,0.00%,0.00%,0.00%,,,,,,,,,
INTS-201-501,65,16,3,0,0,84,3.738,0,0,0,1,0,85,CARLEY R
"",77.38%,19.05%,3.57%,0.00%,0.00%,,,,,,,,,
COURSE TOTAL:,65,16,3,0,0,84,3.738,0,0,0,1,0,85,
"",77.38%,19.05%,3.57%,0.00%,0.00%,,,,,,,,,
INTS-205-501,93,36,3,6,3,141,3.489,0,0,0,4,0,145,SHANDLEY R
"",65.96%,25.53%,2.13%,4.26%,2.13%,,,,,,,,,
COURSE TOTAL:,93,36,3,6,3,141,3.489,0,0,0,4,0,145,
"",65.96%,25.53%,2.13%,4.26%,2.13%,,,,,,,,,
INTS-215-500,23,26,5,0,0,54,3.333,0,0,0,3,0,57,GARRITANO C
"",42.59%,48.15%,9.26%,0.00%,0.00%,,,,,,,,,
COURSE TOTAL:,23,26,5,0,0,54,3.333,0,0,0,3,0,57,
"",42.59%,48.15%,9.26%,0.00%,0.00%,,,,,,,,,
INTS-251-500,16,11,1,2,0,30,3.366,0,0,0,1,0,31,KARASIPAHI S
"",53.33%,36.67%,3.33%,6.67%,0.00%,,,,,,,,,
COURSE TOTAL:,16,11,1,2,0,30,3.366,0,0,0,1,0,31,
"",53.33%,36.67%,3.33%,6.67%,0.00%,,,,,,,,,
INTS-285-520,18,0,0,0,0,18,4.000,0,0,0,0,0,18,HARRIS S
"",100.00%,0.00%,0.00%,0.00%,0.00%,,,,,,,,,
COURSE TOTAL:,18,0,0,0,0,18,4.000,0,0,0,0,0,18,
"",100.00%,0.00%,0.00%,0.00%,0.00%,,,,,,,,,
INTS-301-500,4,7,9,0,0,20,2.750,0,0,0,0,0,20,KARASIPAHI S
"",20.00%,35.00%,45.00%,0.00%,0.00%,,,,,,,,,
COURSE TOTAL:,4,7,9,0,0,20,2.750,0,0,0,0,0,20,
"",20.00%,35.00%,45.00%,0.00%,0.00%,,,,,,,,,
INTS-311-500,25,4,0,0,0,29,3.862,0,0,0,0,0,29,CARLEY R
"",86.21%,13.79%,0.00%,0.00%,0.00%,,,,,,,,,
COURSE TOTAL:,25,4,0,0,0,29,3.862,0,0,0,0,0,29,
"",86.21%,13.79%,0.00%,0.00%,0.00%,,,,,,,,,
INTS-321-500,11,4,3,0,1,19,3.263,0,0,0,0,0,19,KARASIPAHI S
"",57.89%,21.05%,15.79%,0.00%,5.26%,,,,,,,,,
COURSE TOTAL:,11,4,3,0,1,19,3.263,0,0,0,0,0,19,
"",57.89%,21.05%,15.79%,0.00%,5.26%,,,,,,,,,
INTS-401-900,14,5,0,0,2,21,3.380,0,0,0,2,0,23,ROSENTHAL A
"",66.67%,23.81%,0.00%,0.00%,9.52%,,,,,,,,,
COURSE TOTAL:,14,5,0,0,2,21,3.380,0,0,0,2,0,23,
"",66.67%,23.81%,0.00%,0.00%,9.52%,,,,,,,,,
INTS-405-900,15,7,0,1,1,24,3.416,0,0,0,0,0,24,GOLSAN R
"",62.50%,29.17%,0.00%,4.17%,4.17%,,,,,,,,,
COURSE TOTAL:,15,7,0,1,1,24,3.416,0,0,0,0,0,24,
"",62.50%,29.17%,0.00%,4.17%,4.17%,,,,,,,,,
INTS-406-970,7,3,0,0,0,10,3.700,0,0,0,0,0,10,CERRATO M
"",70.00%,30.00%,0.00%,0.00%,0.00%,,,,,,,,,
COURSE TOTAL:,7,3,0,0,0,10,3.700,0,0,0,0,0,10,
"",70.00%,30.00%,0.00%,0.00%,0.00%,,,,,,,,,
INTS-407-500,26,2,0,0,0,28,3.928,0,0,0,2,0,30,HEMMIG C
"",92.86%,7.14%,0.00%,0.00%,0.00%,,,,,,,,,
COURSE TOTAL:,26,2,0,0,0,28,3.928,0,0,0,2,0,30,
"",92.86%,7.14%,0.00%,0.00%,0.00%,,,,,,,,,
INTS-410-900,7,6,4,2,0,19,2.947,0,0,0,0,0,19,HAWTHORNE M
"",36.84%,31.58%,21.05%,10.53%,0.00%,,,,,,,,,
COURSE TOTAL:,7,6,4,2,0,19,2.947,0,0,0,0,0,19,
"",36.84%,31.58%,21.05%,10.53%,0.00%,,,,,,,,,
INTS-481-900,7,5,0,0,0,12,3.583,0,0,0,0,0,12,COOKE L
"",58.33%,41.67%,0.00%,0.00%,0.00%,,,,,,,,,
INTS-481-901,6,6,1,0,0,13,3.384,0,0,0,1,0,14,COOKE L
"",46.15%,46.15%,7.69%,0.00%,0.00%,,,,,,,,,
INTS-481-902,9,4,1,0,0,14,3.571,0,0,0,0,0,14,GARRITANO C
"",64.29%,28.57%,7.14%,0.00%,0.00%,,,,,,,,,
INTS-481-970,13,2,0,0,0,15,3.866,0,0,0,0,0,15,KASPAR W
"",86.67%,13.33%,0.00%,0.00%,0.00%,,,,,,,,,
COURSE TOTAL:,35,17,2,0,0,54,3.611,0,0,0,1,0,55,
"",64.81%,31.48%,3.70%,0.00%,0.00%,,,,,,,,,
INTS-489-500,11,7,3,0,0,21,3.380,0,0,0,0,0,21,BARTEL M
"",52.38%,33.33%,14.29%,0.00%,0.00%,,,,,,,,,
INTS-489-501,3,0,1,0,1,5,2.800,0,0,0,1,0,6,NEFF B
"",60.00%,0.00%,20.00%,0.00%,20.00%,,,,,,,,,
COURSE TOTAL:,14,7,4,0,1,26,3.269,0,0,0,1,0,27,
"",53.85%,26.92%,15.38%,0.00%,3.85%,,,,,,,,,
DEPARTMENT TOTAL:,1018,370,43,11,10,1452,3.642,2,0,0,21,0,1475
"",70.11%,25.48%,2.96%,0.76%,0.69%,,,,,,,,
POLS-200-900,13,7,4,0,1,25,3.240,0,0,0,0,0,25,KENT C
"",52.00%,28.00%,16.00%,0.00%,4.00%,,,,,,,,,
POLS-200-901,9,10,4,0,2,25,2.960,0,0,0,0,0,25,KENT C
"",36.00%,40.00%,16.00%,0.00%,8.00%,,,,,,,,,
POLS-200-902,6,16,1,1,0,24,3.125,1,0,0,0,0,25,KENT C
"",25.00%,66.67%,4.17%,4.17%,0.00%,,,,,,,,,
POLS-200-903,4,16,4,0,0,24,3.000,0,0,0,1,0,25,KENT C
"",16.67%,66.67%,16.67%,0.00%,0.00%,,,,,,,,,
POLS-200-904,4,11,9,0,0,24,2.791,0,0,0,0,0,24,KENT C
"",16.67%,45.83%,37.50%,0.00%,0.00%,,,,,,,,,
POLS-200-905,6,11,8,0,0,25,2.920,0,0,0,0,0,25,KENT C
"",24.00%,44.00%,32.00%,0.00%,0.00%,,,,,,,,,
POLS-200-906,6,11,3,0,1,21,3.000,1,0,0,2,0,24,KENT C
"",28.57%,52.38%,14.29%,0.00%,4.76%,,,,,,,,,
POLS-200-907,4,13,6,0,0,23,2.913,0,0,0,2,0,25,KENT C
"",17.39%,56.52%,26.09%,0.00%,0.00%,,,,,,,,,
COURSE TOTAL:,52,95,39,1,4,191,2.994,2,0,0,5,0,198,
"",27.23%,49.74%,20.42%,0.52%,2.09%,,,,,,,,,
POLS-203-500,12,22,16,4,3,57,2.631,0,0,0,10,0,67,NEDERMAN C
"",21.05%,38.60%,28.07%,7.02%,5.26%,,,,,,,,,
COURSE TOTAL:,12,22,16,4,3,57,2.631,0,0,0,10,0,67,
"",21.05%,38.60%,28.07%,7.02%,5.26%,,,,,,,,,
POLS-206-200,5,3,1,0,0,9,3.444,0,0,0,0,0,9,KENT C
"",55.56%,33.33%,11.11%,0.00%,0.00%,,,,,,,,,
POLS-206-502,88,117,59,9,5,278,2.985,1,0,0,8,0,287,HAYDON M
"",31.65%,42.09%,21.22%,3.24%,1.80%,,,,,,,,,
POLS-206-507,64,119,72,14,6,275,2.803,0,0,0,4,0,279,HAYDON M
"",23.27%,43.27%,26.18%,5.09%,2.18%,,,,,,,,,
POLS-206-508,76,90,55,7,3,231,2.991,0,0,0,16,0,247,BOND J
"",32.90%,38.96%,23.81%,3.03%,1.30%,,,,,,,,,
POLS-206-510,123,142,48,14,6,333,3.087,0,0,0,3,0,336,HAYDON M
"",36.94%,42.64%,14.41%,4.20%,1.80%,,,,,,,,,
POLS-206-597,258,34,9,9,0,310,3.745,0,0,0,7,0,317,NEDERMAN C
"",83.23%,10.97%,2.90%,2.90%,0.00%,,,,,,,,,
POLS-206-598,128,166,62,6,4,366,3.114,0,0,0,24,0,390,SMITH J
"",34.97%,45.36%,16.94%,1.64%,1.09%,,,,,,,,,
POLS-206-M99,35,12,4,7,0,58,3.293,0,0,0,4,0,62,NEDERMAN C
"",60.34%,20.69%,6.90%,12.07%,0.00%,,,,,,,,,
COURSE TOTAL:,777,683,310,66,24,1860,3.141,1,0,0,66,0,1927,
"",41.77%,36.72%,16.67%,3.55%,1.29%,,,,,,,,,
POLS-207-200,16,3,0,0,0,19,3.842,0,0,0,0,0,19,SMITH J
"",84.21%,15.79%,0.00%,0.00%,0.00%,,,,,,,,,
POLS-207-501,292,148,70,9,7,526,3.347,43,0,0,21,0,590,ROBLYER D
"",55.51%,28.14%,13.31%,1.71%,1.33%,,,,,,,,,
POLS-207-502,275,173,66,12,6,532,3.313,38,0,0,26,0,596,ROBLYER D
"",51.69%,32.52%,12.41%,2.26%,1.13%,,,,,,,,,
POLS-207-506,159,96,26,0,0,281,3.473,0,0,0,10,0,291,SMITH J
"",56.58%,34.16%,9.25%,0.00%,0.00%,,,,,,,,,
POLS-207-508,155,104,19,0,2,280,3.464,0,0,0,7,0,287,SMITH J
"",55.36%,37.14%,6.79%,0.00%,0.71%,,,,,,,,,
POLS-207-509,76,97,78,16,7,274,2.799,1,0,0,14,0,289,LIM P
"",27.74%,35.40%,28.47%,5.84%,2.55%,,,,,,,,,
POLS-207-510,78,100,74,10,8,270,2.851,2,0,0,19,0,291,LIM P
"",28.89%,37.04%,27.41%,3.70%,2.96%,,,,,,,,,
POLS-207-511,248,31,4,1,6,290,3.772,0,0,0,0,0,290,CHUPP J
"",85.52%,10.69%,1.38%,0.34%,2.07%,,,,,,,,,
POLS-207-512,82,102,60,19,2,265,2.916,0,0,0,12,0,277,DYER M
"",30.94%,38.49%,22.64%,7.17%,0.75%,,,,,,,,,
POLS-207-513,74,109,72,23,9,287,2.752,1,0,0,13,0,301,DYER M
"",25.78%,37.98%,25.09%,8.01%,3.14%,,,,,,,,,
POLS-207-514,64,119,72,16,5,276,2.800,0,0,0,15,0,291,LIM P
"",23.19%,43.12%,26.09%,5.80%,1.81%,,,,,,,,,
POLS-207-515,76,117,72,11,5,281,2.882,0,0,0,8,0,289,LIM P
"",27.05%,41.64%,25.62%,3.91%,1.78%,,,,,,,,,
POLS-207-516,241,43,8,0,1,293,3.784,0,0,0,0,0,293,CHUPP J
"",82.25%,14.68%,2.73%,0.00%,0.34%,,,,,,,,,
POLS-207-M99,5,10,10,0,1,26,2.692,0,0,0,1,0,27,HAYDON M
"",19.23%,38.46%,38.46%,0.00%,3.85%,,,,,,,,,
COURSE TOTAL:,1841,1252,631,117,59,3900,3.204,85,0,0,146,0,4131,
"",47.21%,32.10%,16.18%,3.00%,1.51%,,,,,,,,,
POLS-209-900,2,8,4,0,1,15,2.666,0,0,0,2,0,17,KELLSTEDT P
"",13.33%,53.33%,26.67%,0.00%,6.67%,,,,,,,,,
POLS-209-901,6,7,5,0,3,21,2.619,0,0,0,1,0,22,KELLSTEDT P
"",28.57%,33.33%,23.81%,0.00%,14.29%,,,,,,,,,
POLS-209-902,4,5,7,4,0,20,2.450,0,0,0,2,0,22,KELLSTEDT P
"",20.00%,25.00%,35.00%,20.00%,0.00%,,,,,,,,,
POLS-209-903,6,9,5,1,0,21,2.952,0,0,0,0,0,21,KELLSTEDT P
"",28.57%,42.86%,23.81%,4.76%,0.00%,,,,,,,,,
POLS-209-905,10,4,2,1,1,18,3.166,0,0,0,5,0,23,KELLSTEDT P
"",55.56%,22.22%,11.11%,5.56%,5.56%,,,,,,,,,
POLS-209-907,11,3,2,0,0,16,3.562,0,0,0,3,0,19,KELLSTEDT P
"",68.75%,18.75%,12.50%,0.00%,0.00%,,,,,,,,,
POLS-209-908,4,9,4,2,2,21,2.523,0,0,0,1,0,22,KELLSTEDT P
"",19.05%,42.86%,19.05%,9.52%,9.52%,,,,,,,,,
POLS-209-909,5,5,5,2,3,20,2.350,0,0,0,1,0,21,KELLSTEDT P
"",25.00%,25.00%,25.00%,10.00%,15.00%,,,,,,,,,
COURSE TOTAL:,48,50,34,10,10,152,2.763,0,0,0,15,0,167,
"",31.58%,32.89%,22.37%,6.58%,6.58%,,,,,,,,,
POLS-231-500,101,88,32,8,7,236,3.135,1,0,0,11,0,248,ROBLYER D
"",42.80%,37.29%,13.56%,3.39%,2.97%,,,,,,,,,
COURSE TOTAL:,101,88,32,8,7,236,3.135,1,0,0,11,0,248,
"",42.80%,37.29%,13.56%,3.39%,2.97%,,,,,,,,,
POLS-233-500,102,89,50,6,3,250,3.124,0,0,0,4,0,254,GOIDEL R
"",40.80%,35.60%,20.00%,2.40%,1.20%,,,,,,,,,
COURSE TOTAL:,102,89,50,6,3,250,3.124,0,0,0,4,0,254,
"",40.80%,35.60%,20.00%,2.40%,1.20%,,,,,,,,,
POLS-306-500,21,8,3,1,2,35,3.285,0,0,0,0,0,35,VON VACANO D
"",60.00%,22.86%,8.57%,2.86%,5.71%,,,,,,,,,
POLS-306-501,13,2,0,0,0,15,3.866,0,0,0,0,0,15,TIDWELL J
"",86.67%,13.33%,0.00%,0.00%,0.00%,,,,,,,,,
COURSE TOTAL:,34,10,3,1,2,50,3.460,0,0,0,0,0,50,
"",68.00%,20.00%,6.00%,2.00%,4.00%,,,,,,,,,
POLS-308-500,2,8,6,0,4,20,2.200,0,0,0,15,0,35,HORZ C
"",10.00%,40.00%,30.00%,0.00%,20.00%,,,,,,,,,
POLS-308-501,9,9,2,1,2,23,2.956,0,0,0,10,0,33,HORZ C
"",39.13%,39.13%,8.70%,4.35%,8.70%,,,,,,,,,
POLS-308-502,19,7,7,0,1,34,3.264,0,0,0,1,0,35,OGDEN B
"",55.88%,20.59%,20.59%,0.00%,2.94%,,,,,,,,,
COURSE TOTAL:,30,24,15,1,7,77,2.896,0,0,0,26,0,103,
"",38.96%,31.17%,19.48%,1.30%,9.09%,,,,,,,,,
POLS-309-501,17,3,1,1,1,23,3.478,0,0,0,0,0,23,CRISMAN-COX C
"",73.91%,13.04%,4.35%,4.35%,4.35%,,,,,,,,,
POLS-309-502,10,8,2,0,0,20,3.400,0,0,0,1,0,21,CRISMAN-COX C
"",50.00%,40.00%,10.00%,0.00%,0.00%,,,,,,,,,
POLS-309-503,6,2,2,0,0,10,3.400,1,0,0,0,0,11,CRISMAN-COX C
"",60.00%,20.00%,20.00%,0.00%,0.00%,,,,,,,,,
POLS-309-504,4,0,2,0,0,6,3.333,0,0,0,1,0,7,CRISMAN-COX C
"",66.67%,0.00%,33.33%,0.00%,0.00%,,,,,,,,,
POLS-309-505,7,3,3,0,1,14,3.071,0,0,0,0,0,14,CRISMAN-COX C
"",50.00%,21.43%,21.43%,0.00%,7.14%,,,,,,,,,
POLS-309-506,2,4,1,0,1,8,2.750,0,0,0,2,0,10,CRISMAN-COX C
"",25.00%,50.00%,12.50%,0.00%,12.50%,,,,,,,,,
COURSE TOTAL:,46,20,11,1,3,81,3.296,1,0,0,4,0,86,
"",56.79%,24.69%,13.58%,1.23%,3.70%,,,,,,,,,
POLS-315-500,5,6,14,0,1,26,2.538,0,0,0,3,0,29,HARMEL R
"",19.23%,23.08%,53.85%,0.00%,3.85%,,,,,,,,,
POLS-315-501,5,6,10,1,0,22,2.681,0,0,0,2,0,24,HARMEL R
"",22.73%,27.27%,45.45%,4.55%,0.00%,,,,,,,,,
COURSE TOTAL:,10,12,24,1,1,48,2.604,0,0,0,5,0,53,
"",20.83%,25.00%,50.00%,2.08%,2.08%,,,,,,,,,
POLS-318-500,34,0,0,0,0,34,4.000,0,0,0,1,0,35,YANG H
"",100.00%,0.00%,0.00%,0.00%,0.00%,,,,,,,,,
COURSE TOTAL:,34,0,0,0,0,34,4.000,0,0,0,1,0,35,
"",100.00%,0.00%,0.00%,0.00%,0.00%,,,,,,,,,
POLS-322-500,23,5,4,1,0,33,3.515,0,0,0,2,0,35,BROMO F
"",69.70%,15.15%,12.12%,3.03%,0.00%,,,,,,,,,
POLS-322-501,64,0,0,0,1,65,3.938,0,0,0,2,0,67,ROBERTSON J
"",98.46%,0.00%,0.00%,0.00%,1.54%,,,,,,,,,
COURSE TOTAL:,87,5,4,1,1,98,3.795,0,0,0,4,0,102,
"",88.78%,5.10%,4.08%,1.02%,1.02%,,,,,,,,,
POLS-333-500,21,11,3,0,1,36,3.416,0,0,0,0,0,36,JO H
"",58.33%,30.56%,8.33%,0.00%,2.78%,,,,,,,,,
COURSE TOTAL:,21,11,3,0,1,36,3.416,0,0,0,0,0,36,
"",58.33%,30.56%,8.33%,0.00%,2.78%,,,,,,,,,
POLS-335-503,14,11,8,0,0,33,3.181,0,0,0,2,0,35,TARAR A
"",42.42%,33.33%,24.24%,0.00%,0.00%,,,,,,,,,
COURSE TOTAL:,14,11,8,0,0,33,3.181,0,0,0,2,0,35,
"",42.42%,33.33%,24.24%,0.00%,0.00%,,,,,,,,,
POLS-340-500,28,5,0,3,0,36,3.611,0,0,0,0,0,36,LEE J
"",77.78%,13.89%,0.00%,8.33%,0.00%,,,,,,,,,
COURSE TOTAL:,28,5,0,3,0,36,3.611,0,0,0,0,0,36,
"",77.78%,13.89%,0.00%,8.33%,0.00%,,,,,,,,,
POLS-350-900,10,7,1,0,1,19,3.315,1,0,0,0,0,20,DYER M
"",52.63%,36.84%,5.26%,0.00%,5.26%,,,,,,,,,
COURSE TOTAL:,10,7,1,0,1,19,3.315,1,0,0,0,0,20,
"",52.63%,36.84%,5.26%,0.00%,5.26%,,,,,,,,,
POLS-353-500,11,7,6,2,2,28,2.821,0,0,0,3,0,31,ROGERS J
"",39.29%,25.00%,21.43%,7.14%,7.14%,,,,,,,,,
COURSE TOTAL:,11,7,6,2,2,28,2.821,0,0,0,3,0,31,
"",39.29%,25.00%,21.43%,7.14%,7.14%,,,,,,,,,
POLS-355-500,7,13,4,2,0,26,2.961,0,0,0,3,0,29,ROGERS J
"",26.92%,50.00%,15.38%,7.69%,0.00%,,,,,,,,,
COURSE TOTAL:,7,13,4,2,0,26,2.961,0,0,0,3,0,29,
"",26.92%,50.00%,15.38%,7.69%,0.00%,,,,,,,,,
POLS-365-500,15,4,2,0,0,21,3.619,0,0,0,0,0,21,PARK Y
"",71.43%,19.05%,9.52%,0.00%,0.00%,,,,,,,,,
COURSE TOTAL:,15,4,2,0,0,21,3.619,0,0,0,0,0,21,
"",71.43%,19.05%,9.52%,0.00%,0.00%,,,,,,,,,
POLS-412-500,17,6,3,0,1,27,3.407,0,0,0,2,0,29,SUN L
"",62.96%,22.22%,11.11%,0.00%,3.70%,,,,,,,,,
COURSE TOTAL:,17,6,3,0,1,27,3.407,0,0,0,2,0,29,
"",62.96%,22.22%,11.11%,0.00%,3.70%,,,,,,,,,
POLS-429-500,16,11,5,0,0,32,3.343,0,0,0,0,1,33,SHEN C
"",50.00%,34.38%,15.63%,0.00%,0.00%,,,,,,,,,
POLS-429-501,23,6,3,0,0,32,3.625,0,0,0,0,0,32,KENT C
"",71.88%,18.75%,9.38%,0.00%,0.00%,,,,,,,,,
COURSE TOTAL:,39,17,8,0,0,64,3.484,0,0,0,0,1,65,
"",60.94%,26.56%,12.50%,0.00%,0.00%,,,,,,,,,
POLS-432-500,62,1,0,0,1,64,3.921,0,0,0,0,0,64,ROBERTSON J
"",96.88%,1.56%,0.00%,0.00%,1.56%,,,,,,,,,
COURSE TOTAL:,62,1,0,0,1,64,3.921,0,0,0,0,0,64,
"",96.88%,1.56%,0.00%,0.00%,1.56%,,,,,,,,,
POLS-439-500,21,6,3,2,3,35,3.142,0,0,0,0,0,35,MCCORMACK M
"",60.00%,17.14%,8.57%,5.71%,8.57%,,,,,,,,,
COURSE TOTAL:,21,6,3,2,3,35,3.142,0,0,0,0,0,35,
"",60.00%,17.14%,8.57%,5.71%,8.57%,,,,,,,,,
POLS-601-600,6,3,1,0,0,10,3.500,0,0,0,0,0,10,TARAR A
"",60.00%,30.00%,10.00%,0.00%,0.00%,,,,,,,,,
COURSE TOTAL:,6,3,1,0,0,10,3.500,0,0,0,0,0,10,
"",60.00%,30.00%,10.00%,0.00%,0.00%,,,,,,,,,
POLS-602-600,5,3,2,0,0,10,3.300,0,0,0,0,0,10,KELLSTEDT P
"",50.00%,30.00%,20.00%,0.00%,0.00%,,,,,,,,,
COURSE TOTAL:,5,3,2,0,0,10,3.300,0,0,0,0,0,10,
"",50.00%,30.00%,20.00%,0.00%,0.00%,,,,,,,,,
POLS-606-601,6,4,2,0,0,12,3.333,1,0,0,0,0,13,SIMPSON H
"",50.00%,33.33%,16.67%,0.00%,0.00%,,,,,,,,,
COURSE TOTAL:,6,4,2,0,0,12,3.333,1,0,0,0,0,13,
"",50.00%,33.33%,16.67%,0.00%,0.00%,,,,,,,,,
POLS-611-600,10,0,0,0,0,10,4.000,0,0,0,0,0,10,PACEK A
"",100.00%,0.00%,0.00%,0.00%,0.00%,,,,,,,,,
COURSE TOTAL:,10,0,0,0,0,10,4.000,0,0,0,0,0,10,
"",100.00%,0.00%,0.00%,0.00%,0.00%,,,,,,,,,
POLS-621-600,5,1,0,0,0,6,3.833,0,0,0,0,0,6,LIPSMEYER C
"",83.33%,16.67%,0.00%,0.00%,0.00%,,,,,,,,,
COURSE TOTAL:,5,1,0,0,0,6,3.833,0,0,0,0,0,6,
"",83.33%,16.67%,0.00%,0.00%,0.00%,,,,,,,,,
POLS-635-601,5,1,0,0,0,6,3.833,0,0,0,0,0,6,LI Q
"",83.33%,16.67%,0.00%,0.00%,0.00%,,,,,,,,,
COURSE TOTAL:,5,1,0,0,0,6,3.833,0,0,0,0,0,6,
"",83.33%,16.67%,0.00%,0.00%,0.00%,,,,,,,,,
POLS-658-601,5,0,0,0,0,5,4.000,0,0,0,0,0,5,GOIDEL R
"",100.00%,0.00%,0.00%,0.00%,0.00%,,,,,,,,,
COURSE TOTAL:,5,0,0,0,0,5,4.000,0,0,0,0,0,5,
"",100.00%,0.00%,0.00%,0.00%,0.00%,,,,,,,,,
DEPARTMENT TOTAL:,3461,2450,1212,226,133,7482,3.186,92,0,0,307,1,7882
"",46.26%,32.75%,16.20%,3.02%,1.78%,,,,,,,,
PSAA-601-601,8,9,0,0,0,17,3.470,0,0,0,0,0,17,HOFMANN P
"",47.06%,52.94%,0.00%,0.00%,0.00%,,,,,,,,,
PSAA-601-603,12,8,0,0,0,20,3.600,0,0,0,0,0,20,HOFMANN P
"",60.00%,40.00%,0.00%,0.00%,0.00%,,,,,,,,,
PSAA-601-604,13,5,1,0,0,19,3.631,0,0,0,0,0,19,BRIGHT L
"",68.42%,26.32%,5.26%,0.00%,0.00%,,,,,,,,,
PSAA-601-605,9,5,2,0,1,17,3.235,0,0,0,0,0,17,BRIGHT L
"",52.94%,29.41%,11.76%,0.00%,5.88%,,,,,,,,,
PSAA-601-700,14,0,0,0,1,15,3.733,0,0,0,0,0,15,NAKAMURA B
"",93.33%,0.00%,0.00%,0.00%,6.67%,,,,,,,,,
COURSE TOTAL:,56,27,3,0,2,88,3.534,0,0,0,0,0,88,
"",63.64%,30.68%,3.41%,0.00%,2.27%,,,,,,,,,
PSAA-602-700,11,8,3,0,1,23,3.217,0,0,0,0,0,23,FERNSLER T
"",47.83%,34.78%,13.04%,0.00%,4.35%,,,,,,,,,
COURSE TOTAL:,11,8,3,0,1,23,3.217,0,0,0,0,0,23,
"",47.83%,34.78%,13.04%,0.00%,4.35%,,,,,,,,,
PSAA-604-600,11,0,0,0,0,11,4.000,0,0,0,0,0,11,REILLY M
"",100.00%,0.00%,0.00%,0.00%,0.00%,,,,,,,,,
PSAA-604-700,14,7,0,0,0,21,3.666,0,0,0,0,0,21,KILTZ L
"",66.67%,33.33%,0.00%,0.00%,0.00%,,,,,,,,,
COURSE TOTAL:,25,7,0,0,0,32,3.781,0,0,0,0,0,32,
"",78.13%,21.88%,0.00%,0.00%,0.00%,,,,,,,,,
PSAA-606-600,16,3,0,0,0,19,3.842,0,0,0,0,0,19,CHEONG S
"",84.21%,15.79%,0.00%,0.00%,0.00%,,,,,,,,,
COURSE TOTAL:,16,3,0,0,0,19,3.842,0,0,0,0,0,19,
"",84.21%,15.79%,0.00%,0.00%,0.00%,,,,,,,,,
PSAA-608-700,20,3,0,0,0,23,3.869,0,0,0,0,0,23,WHITTEN G
"",86.96%,13.04%,0.00%,0.00%,0.00%,,,,,,,,,
COURSE TOTAL:,20,3,0,0,0,23,3.869,0,0,0,0,0,23,
"",86.96%,13.04%,0.00%,0.00%,0.00%,,,,,,,,,
PSAA-611-700,23,0,0,0,1,24,3.833,0,0,0,0,0,24,NAKAMURA B
"",95.83%,0.00%,0.00%,0.00%,4.17%,,,,,,,,,
COURSE TOTAL:,23,0,0,0,1,24,3.833,0,0,0,0,0,24,
"",95.83%,0.00%,0.00%,0.00%,4.17%,,,,,,,,,
PSAA-615-602,22,2,0,0,0,24,3.916,0,0,0,0,0,24,MARCHBANKS M
"",91.67%,8.33%,0.00%,0.00%,0.00%,,,,,,,,,
COURSE TOTAL:,22,2,0,0,0,24,3.916,0,0,0,0,0,24,
"",91.67%,8.33%,0.00%,0.00%,0.00%,,,,,,,,,
PSAA-616-600,10,1,0,0,0,11,3.909,0,0,0,0,1,12,CASELLAS CONNORS I
"",90.91%,9.09%,0.00%,0.00%,0.00%,,,,,,,,,
COURSE TOTAL:,10,1,0,0,0,11,3.909,0,0,0,0,1,12,
"",90.91%,9.09%,0.00%,0.00%,0.00%,,,,,,,,,
PSAA-617-600,16,2,0,0,0,18,3.888,0,0,0,1,0,19,BOWMAN A
"",88.89%,11.11%,0.00%,0.00%,0.00%,,,,,,,,,
COURSE TOTAL:,16,2,0,0,0,18,3.888,0,0,0,1,0,19,
"",88.89%,11.11%,0.00%,0.00%,0.00%,,,,,,,,,
PSAA-619-600,12,1,0,0,0,13,3.923,0,0,0,0,0,13,BOWMAN A
"",92.31%,7.69%,0.00%,0.00%,0.00%,,,,,,,,,
COURSE TOTAL:,12,1,0,0,0,13,3.923,0,0,0,0,0,13,
"",92.31%,7.69%,0.00%,0.00%,0.00%,,,,,,,,,
PSAA-621-601,9,11,0,1,1,22,3.181,0,0,0,0,0,22,DAGUE L
"",40.91%,50.00%,0.00%,4.55%,4.55%,,,,,,,,,
PSAA-621-602,6,11,3,1,0,21,3.047,1,0,0,1,0,23,DAGUE L
"",28.57%,52.38%,14.29%,4.76%,0.00%,,,,,,,,,
PSAA-621-603,10,9,2,0,1,22,3.227,1,0,0,0,0,23,TAYLOR L
"",45.45%,40.91%,9.09%,0.00%,4.55%,,,,,,,,,
PSAA-621-700,13,5,1,0,0,19,3.631,1,0,0,0,0,20,LEWIS E
"",68.42%,26.32%,5.26%,0.00%,0.00%,,,,,,,,,
COURSE TOTAL:,38,36,6,2,2,84,3.261,3,0,0,1,0,88,
"",45.24%,42.86%,7.14%,2.38%,2.38%,,,,,,,,,
PSAA-623-601,13,1,0,0,0,14,3.928,0,0,0,0,0,14,GRAHAM C
"",92.86%,7.14%,0.00%,0.00%,0.00%,,,,,,,,,
PSAA-623-602,16,2,0,0,0,18,3.888,0,0,0,0,0,18,GRAHAM C
"",88.89%,11.11%,0.00%,0.00%,0.00%,,,,,,,,,
PSAA-623-700,14,3,2,0,2,21,3.285,0,0,0,1,0,22,GRAHAM C
"",66.67%,14.29%,9.52%,0.00%,9.52%,,,,,,,,,
COURSE TOTAL:,43,6,2,0,2,53,3.660,0,0,0,1,0,54,
"",81.13%,11.32%,3.77%,0.00%,3.77%,,,,,,,,,
PSAA-630-700,16,0,0,0,1,17,3.764,0,0,0,0,0,17,CANTRELL-BRUCE T
"",94.12%,0.00%,0.00%,0.00%,5.88%,,,,,,,,,
COURSE TOTAL:,16,0,0,0,1,17,3.764,0,0,0,0,0,17,
"",94.12%,0.00%,0.00%,0.00%,5.88%,,,,,,,,,
PSAA-631-700,10,0,0,0,0,10,4.000,0,0,0,0,0,10,LITTLE C
"",100.00%,0.00%,0.00%,0.00%,0.00%,,,,,,,,,
COURSE TOTAL:,10,0,0,0,0,10,4.000,0,0,0,0,0,10,
"",100.00%,0.00%,0.00%,0.00%,0.00%,,,,,,,,,
PSAA-632-700,21,2,0,0,0,23,3.913,0,0,0,0,0,23,LITTLE C
"",91.30%,8.70%,0.00%,0.00%,0.00%,,,,,,,,,
COURSE TOTAL:,21,2,0,0,0,23,3.913,0,0,0,0,0,23,
"",91.30%,8.70%,0.00%,0.00%,0.00%,,,,,,,,,
PSAA-633-700,6,3,0,0,0,9,3.666,0,0,0,2,0,11,ZUNIGA K
"",66.67%,33.33%,0.00%,0.00%,0.00%,,,,,,,,,
COURSE TOTAL:,6,3,0,0,0,9,3.666,0,0,0,2,0,11,
"",66.67%,33.33%,0.00%,0.00%,0.00%,,,,,,,,,
PSAA-634-700,22,1,1,0,1,25,3.720,0,0,0,0,0,25,SMITH S
"",88.00%,4.00%,4.00%,0.00%,4.00%,,,,,,,,,
COURSE TOTAL:,22,1,1,0,1,25,3.720,0,0,0,0,0,25,
"",88.00%,4.00%,4.00%,0.00%,4.00%,,,,,,,,,
PSAA-636-600,19,1,0,0,0,20,3.950,0,0,0,0,0,20,TAYLOR K
"",95.00%,5.00%,0.00%,0.00%,0.00%,,,,,,,,,
COURSE TOTAL:,19,1,0,0,0,20,3.950,0,0,0,0,0,20,
"",95.00%,5.00%,0.00%,0.00%,0.00%,,,,,,,,,
PSAA-643-600,12,5,0,0,0,17,3.705,0,0,0,0,0,17,ROBICHAU R
"",70.59%,29.41%,0.00%,0.00%,0.00%,,,,,,,,,
PSAA-643-601,14,1,0,0,0,15,3.933,0,0,0,0,0,15,SEAWORTH A
"",93.33%,6.67%,0.00%,0.00%,0.00%,,,,,,,,,
PSAA-643-602,7,7,2,0,0,16,3.312,0,0,0,0,0,16,QU H
"",43.75%,43.75%,12.50%,0.00%,0.00%,,,,,,,,,
PSAA-643-603,11,3,0,0,1,15,3.533,0,0,0,0,0,15,QU H
"",73.33%,20.00%,0.00%,0.00%,6.67%,,,,,,,,,
PSAA-643-604,11,5,0,0,0,16,3.687,0,0,0,0,0,16,SEAWORTH A
"",68.75%,31.25%,0.00%,0.00%,0.00%,,,,,,,,,
PSAA-643-700,19,0,1,0,1,21,3.714,0,0,0,0,0,21,LUM J
"",90.48%,0.00%,4.76%,0.00%,4.76%,,,,,,,,,
COURSE TOTAL:,74,21,3,0,2,100,3.650,0,0,0,0,0,100,
"",74.00%,21.00%,3.00%,0.00%,2.00%,,,,,,,,,
PSAA-644-600,9,5,0,0,0,14,3.642,0,0,0,0,1,15,BROWN W
"",64.29%,35.71%,0.00%,0.00%,0.00%,,,,,,,,,
PSAA-644-700,14,1,1,1,0,17,3.647,0,0,0,0,0,17,CANTRELL-BRUCE T
"",82.35%,5.88%,5.88%,5.88%,0.00%,,,,,,,,,
COURSE TOTAL:,23,6,1,1,0,31,3.645,0,0,0,0,1,32,
"",74.19%,19.35%,3.23%,3.23%,0.00%,,,,,,,,,
PSAA-648-600,3,2,2,0,0,7,3.142,0,0,0,0,0,7,KERR D
"",42.86%,28.57%,28.57%,0.00%,0.00%,,,,,,,,,
PSAA-648-700,17,3,1,0,0,21,3.761,0,0,0,0,0,21,MORRISON J
"",80.95%,14.29%,4.76%,0.00%,0.00%,,,,,,,,,
COURSE TOTAL:,20,5,3,0,0,28,3.607,0,0,0,0,0,28,
"",71.43%,17.86%,10.71%,0.00%,0.00%,,,,,,,,,
PSAA-653-600,8,0,0,0,0,8,4.000,1,0,0,0,0,9,DEBREE D
"",100.00%,0.00%,0.00%,0.00%,0.00%,,,,,,,,,
COURSE TOTAL:,8,0,0,0,0,8,4.000,1,0,0,0,0,9,
"",100.00%,0.00%,0.00%,0.00%,0.00%,,,,,,,,,
PSAA-654-601,21,0,0,0,0,21,4.000,1,0,0,0,0,22,DEBREE D
"",100.00%,0.00%,0.00%,0.00%,0.00%,,,,,,,,,
COURSE TOTAL:,21,0,0,0,0,21,4.000,1,0,0,0,0,22,
"",100.00%,0.00%,0.00%,0.00%,0.00%,,,,,,,,,
PSAA-655-700,11,2,1,0,1,15,3.466,0,0,0,0,0,15,SHAW T
"",73.33%,13.33%,6.67%,0.00%,6.67%,,,,,,,,,
COURSE TOTAL:,11,2,1,0,1,15,3.466,0,0,0,0,0,15,
"",73.33%,13.33%,6.67%,0.00%,6.67%,,,,,,,,,
PSAA-656-700,14,0,0,0,0,14,4.000,0,0,0,0,0,14,DAVIS D
"",100.00%,0.00%,0.00%,0.00%,0.00%,,,,,,,,,
COURSE TOTAL:,14,0,0,0,0,14,4.000,0,0,0,0,0,14,
"",100.00%,0.00%,0.00%,0.00%,0.00%,,,,,,,,,
PSAA-660-600,8,1,0,0,0,9,3.888,0,0,0,0,0,9,DAVIS D
"",88.89%,11.11%,0.00%,0.00%,0.00%,,,,,,,,,
COURSE TOTAL:,8,1,0,0,0,9,3.888,0,0,0,0,0,9,
"",88.89%,11.11%,0.00%,0.00%,0.00%,,,,,,,,,
PSAA-675-601,16,0,0,0,0,16,4.000,0,0,0,0,0,16,DAVIS D
"",100.00%,0.00%,0.00%,0.00%,0.00%,,,,,,,,,
PSAA-675-602,7,1,0,0,0,8,3.875,0,0,0,0,0,8,BROWN W
"",87.50%,12.50%,0.00%,0.00%,0.00%,,,,,,,,,
PSAA-675-603,12,0,0,0,0,12,4.000,0,0,0,0,0,12,CHEONG S
"",100.00%,0.00%,0.00%,0.00%,0.00%,,,,,,,,,
PSAA-675-604,10,1,1,0,0,12,3.750,0,0,0,0,0,12,CASELLAS CONNORS I
"",83.33%,8.33%,8.33%,0.00%,0.00%,,,,,,,,,
PSAA-675-605,13,0,0,0,0,13,4.000,0,0,0,0,0,13,MARCHBANKS M
"",100.00%,0.00%,0.00%,0.00%,0.00%,,,,,,,,,
PSAA-675-606,11,1,0,0,0,12,3.916,0,0,0,0,0,12,ROBICHAU R
"",91.67%,8.33%,0.00%,0.00%,0.00%,,,,,,,,,
PSAA-675-700,6,0,0,0,0,6,4.000,0,0,0,0,0,6,GAMACHE K
"",100.00%,0.00%,0.00%,0.00%,0.00%,,,,,,,,,
COURSE TOTAL:,75,3,1,0,0,79,3.936,0,0,0,0,0,79,
"",94.94%,3.80%,1.27%,0.00%,0.00%,,,,,,,,,
PSAA-676-700,8,0,0,0,0,8,4.000,0,0,0,0,0,8,DAVIS D
"",100.00%,0.00%,0.00%,0.00%,0.00%,,,,,,,,,
PSAA-676-701,15,0,0,0,0,15,4.000,0,0,0,0,0,15,NAKAMURA B
"",100.00%,0.00%,0.00%,0.00%,0.00%,,,,,,,,,
COURSE TOTAL:,23,0,0,0,0,23,4.000,0,0,0,0,0,23,
"",100.00%,0.00%,0.00%,0.00%,0.00%,,,,,,,,,
PSAA-689-601,8,3,0,0,0,11,3.727,0,0,0,0,0,11,ROSSER A
"",72.73%,27.27%,0.00%,0.00%,0.00%,,,,,,,,,
COURSE TOTAL:,8,3,0,0,0,11,3.727,0,0,0,0,0,11,
"",72.73%,27.27%,0.00%,0.00%,0.00%,,,,,,,,,
DEPARTMENT TOTAL:,671,144,24,3,13,855,3.704,5,0,0,5,2,867
"",78.48%,16.84%,2.81%,0.35%,1.52%,,,,,,,,
COLLEGE TOTAL:,5449,2999,1286,240,158,10132,3.313,101,0,0,337,3,10573
"",53.78%,29.60%,12.69%,2.37%,1.56%,,,,,,,,
