ACCT-200-500,85,2,2,0,1,90,3.888,0,0,0,1,0,91,DIAZ M
"",94.44%,2.22%,2.22%,0.00%,1.11%,,,,,,,,,
COURSE TOTAL:,85,2,2,0,1,90,3.888,0,0,0,1,0,91,
"",94.44%,2.22%,2.22%,0.00%,1.11%,,,,,,,,,
ACCT-209-597,77,132,79,13,7,308,2.840,0,0,0,17,0,325,FOSTER C
"",25.00%,42.86%,25.65%,4.22%,2.27%,,,,,,,,,
ACCT-209-598,63,132,84,14,4,297,2.794,0,0,0,33,0,330,FOSTER C
"",21.21%,44.44%,28.28%,4.71%,1.35%,,,,,,,,,
ACCT-209-599,75,135,80,13,6,309,2.841,0,0,0,19,0,328,FOSTER C
"",24.27%,43.69%,25.89%,4.21%,1.94%,,,,,,,,,
COURSE TOTAL:,215,399,243,40,17,914,2.826,0,0,0,69,0,983,
"",23.52%,43.65%,26.59%,4.38%,1.86%,,,,,,,,,
ACCT-210-599,131,51,10,5,1,198,3.527,0,0,0,0,0,198,FARMER K
"",66.16%,25.76%,5.05%,2.53%,0.51%,,,,,,,,,
ACCT-210-700,11,3,0,0,0,14,3.785,0,0,0,1,0,15,FARMER K
"",78.57%,21.43%,0.00%,0.00%,0.00%,,,,,,,,,
COURSE TOTAL:,142,54,10,5,1,212,3.544,0,0,0,1,0,213,
"",66.98%,25.47%,4.72%,2.36%,0.47%,,,,,,,,,
ACCT-229-202,12,8,2,0,0,22,3.454,0,0,0,0,0,22,KNOOP J
"",54.55%,36.36%,9.09%,0.00%,0.00%,,,,,,,,,
ACCT-229-500,5,10,15,7,4,41,2.121,0,0,0,16,0,57,HEAD M
"",12.20%,24.39%,36.59%,17.07%,9.76%,,,,,,,,,
ACCT-229-501,10,18,10,7,1,46,2.630,0,0,0,13,0,59,HEAD M
"",21.74%,39.13%,21.74%,15.22%,2.17%,,,,,,,,,
ACCT-229-502,5,8,6,4,1,24,2.500,0,0,0,5,0,29,LEE J
"",20.83%,33.33%,25.00%,16.67%,4.17%,,,,,,,,,
ACCT-229-503,14,12,18,9,3,56,2.446,0,0,0,8,0,64,KNOOP J
"",25.00%,21.43%,32.14%,16.07%,5.36%,,,,,,,,,
ACCT-229-504,13,16,17,7,1,54,2.611,0,0,0,14,0,68,KNOOP J
"",24.07%,29.63%,31.48%,12.96%,1.85%,,,,,,,,,
ACCT-229-505,13,18,16,10,1,58,2.551,1,0,0,3,0,62,BARRETT J
"",22.41%,31.03%,27.59%,17.24%,1.72%,,,,,,,,,
ACCT-229-506,12,12,18,9,0,51,2.529,0,0,0,9,0,60,BARRETT J
"",23.53%,23.53%,35.29%,17.65%,0.00%,,,,,,,,,
ACCT-229-507,9,8,12,13,0,42,2.309,0,0,0,9,0,51,BARRETT J
"",21.43%,19.05%,28.57%,30.95%,0.00%,,,,,,,,,
ACCT-229-508,4,5,10,4,1,24,2.291,1,0,0,3,0,28,LI Z
"",16.67%,20.83%,41.67%,16.67%,4.17%,,,,,,,,,
COURSE TOTAL:,97,115,124,70,12,418,2.514,2,0,0,80,0,500,
"",23.21%,27.51%,29.67%,16.75%,2.87%,,,,,,,,,
ACCT-230-200,22,7,0,0,0,29,3.758,0,0,0,0,0,29,ALLEN N
"",75.86%,24.14%,0.00%,0.00%,0.00%,,,,,,,,,
ACCT-230-201,22,7,0,0,0,29,3.758,0,0,0,0,0,29,ALLEN N
"",75.86%,24.14%,0.00%,0.00%,0.00%,,,,,,,,,
ACCT-230-500,96,158,54,21,2,331,2.981,0,0,0,18,0,349,ALLEN N
"",29.00%,47.73%,16.31%,6.34%,0.60%,,,,,,,,,
ACCT-230-501,48,83,47,13,0,191,2.869,0,0,0,10,0,201,ALLEN N
"",25.13%,43.46%,24.61%,6.81%,0.00%,,,,,,,,,
COURSE TOTAL:,188,255,101,34,2,580,3.022,0,0,0,28,0,608,
"",32.41%,43.97%,17.41%,5.86%,0.34%,,,,,,,,,
ACCT-327-501,15,23,13,6,5,62,2.596,0,0,0,14,0,76,BLASOR T
"",24.19%,37.10%,20.97%,9.68%,8.06%,,,,,,,,,
ACCT-327-502,13,13,17,1,0,44,2.863,0,0,0,2,0,46,TWEDT B
"",29.55%,29.55%,38.64%,2.27%,0.00%,,,,,,,,,
ACCT-327-503,8,13,13,2,0,36,2.750,0,0,0,7,0,43,LARKIN R
"",22.22%,36.11%,36.11%,5.56%,0.00%,,,,,,,,,
ACCT-327-504,8,12,12,4,1,37,2.594,0,0,0,6,0,43,LARKIN R
"",21.62%,32.43%,32.43%,10.81%,2.70%,,,,,,,,,
ACCT-327-505,12,19,8,0,0,39,3.102,0,0,0,8,0,47,LARKIN R
"",30.77%,48.72%,20.51%,0.00%,0.00%,,,,,,,,,
ACCT-327-506,11,15,10,2,2,40,2.775,0,0,0,5,0,45,LARKIN R
"",27.50%,37.50%,25.00%,5.00%,5.00%,,,,,,,,,
ACCT-327-508,10,17,15,2,0,44,2.795,0,0,0,2,0,46,CLINE K
"",22.73%,38.64%,34.09%,4.55%,0.00%,,,,,,,,,
ACCT-327-509,13,20,10,0,1,44,3.000,0,0,0,4,0,48,CLINE K
"",29.55%,45.45%,22.73%,0.00%,2.27%,,,,,,,,,
ACCT-327-510,4,20,11,2,0,37,2.702,0,0,0,2,0,39,KIM E
"",10.81%,54.05%,29.73%,5.41%,0.00%,,,,,,,,,
ACCT-327-511,13,12,10,3,0,38,2.921,0,0,0,5,0,43,KIM E
"",34.21%,31.58%,26.32%,7.89%,0.00%,,,,,,,,,
ACCT-327-512,5,19,12,4,0,40,2.625,0,0,0,3,0,43,KIM E
"",12.50%,47.50%,30.00%,10.00%,0.00%,,,,,,,,,
COURSE TOTAL:,112,183,131,26,9,461,2.787,0,0,0,58,0,519,
"",24.30%,39.70%,28.42%,5.64%,1.95%,,,,,,,,,
ACCT-328-501,23,14,4,2,1,44,3.272,0,0,0,5,0,49,HARDING M
"",52.27%,31.82%,9.09%,4.55%,2.27%,,,,,,,,,
ACCT-328-502,31,7,9,0,0,47,3.468,0,0,0,2,0,49,HARDING M
"",65.96%,14.89%,19.15%,0.00%,0.00%,,,,,,,,,
ACCT-328-503,18,18,3,2,0,41,3.268,0,0,0,1,0,42,LIU Z
"",43.90%,43.90%,7.32%,4.88%,0.00%,,,,,,,,,
ACCT-328-504,21,18,4,0,0,43,3.395,0,0,0,2,0,45,GROSSMAN S
"",48.84%,41.86%,9.30%,0.00%,0.00%,,,,,,,,,
ACCT-328-505,13,21,7,1,1,43,3.023,0,0,0,0,0,43,GROSSMAN S
"",30.23%,48.84%,16.28%,2.33%,2.33%,,,,,,,,,
ACCT-328-506,18,17,8,0,0,43,3.232,0,0,0,0,0,43,GROSSMAN S
"",41.86%,39.53%,18.60%,0.00%,0.00%,,,,,,,,,
ACCT-328-507,19,20,5,0,0,44,3.318,0,0,0,0,0,44,SHAFRON E
"",43.18%,45.45%,11.36%,0.00%,0.00%,,,,,,,,,
ACCT-328-509,20,16,5,0,1,42,3.285,0,0,0,0,0,42,SHAFRON E
"",47.62%,38.10%,11.90%,0.00%,2.38%,,,,,,,,,
ACCT-328-510,20,16,5,0,1,42,3.285,0,0,0,0,0,42,SHAFRON E
"",47.62%,38.10%,11.90%,0.00%,2.38%,,,,,,,,,
ACCT-328-511,13,15,6,2,0,36,3.083,0,0,0,6,0,42,LIU Z
"",36.11%,41.67%,16.67%,5.56%,0.00%,,,,,,,,,
ACCT-328-512,10,21,6,0,0,37,3.108,0,0,0,4,0,41,LIU Z
"",27.03%,56.76%,16.22%,0.00%,0.00%,,,,,,,,,
COURSE TOTAL:,206,183,62,7,4,462,3.255,0,0,0,20,0,482,
"",44.59%,39.61%,13.42%,1.52%,0.87%,,,,,,,,,
ACCT-329-501,152,27,0,0,0,179,3.849,0,0,0,0,0,179,FARMER K
"",84.92%,15.08%,0.00%,0.00%,0.00%,,,,,,,,,
COURSE TOTAL:,152,27,0,0,0,179,3.849,0,0,0,0,0,179,
"",84.92%,15.08%,0.00%,0.00%,0.00%,,,,,,,,,
ACCT-403-500,19,1,0,0,0,20,3.950,0,0,0,0,0,20,HARDING M
"",95.00%,5.00%,0.00%,0.00%,0.00%,,,,,,,,,
COURSE TOTAL:,19,1,0,0,0,20,3.950,0,0,0,0,0,20,
"",95.00%,5.00%,0.00%,0.00%,0.00%,,,,,,,,,
ACCT-405-501,15,26,6,0,0,47,3.191,0,0,0,1,0,48,LASSILA D
"",31.91%,55.32%,12.77%,0.00%,0.00%,,,,,,,,,
COURSE TOTAL:,15,26,6,0,0,47,3.191,0,0,0,1,0,48,
"",31.91%,55.32%,12.77%,0.00%,0.00%,,,,,,,,,
ACCT-407-902,13,17,4,0,0,34,3.264,0,0,0,0,0,34,EGE M
"",38.24%,50.00%,11.76%,0.00%,0.00%,,,,,,,,,
ACCT-407-903,14,16,6,0,0,36,3.222,0,0,0,0,0,36,EGE M
"",38.89%,44.44%,16.67%,0.00%,0.00%,,,,,,,,,
ACCT-407-904,11,21,4,0,0,36,3.194,0,0,0,0,0,36,GARZA B
"",30.56%,58.33%,11.11%,0.00%,0.00%,,,,,,,,,
ACCT-407-905,12,17,2,0,0,31,3.322,0,0,0,0,1,32,GARZA B
"",38.71%,54.84%,6.45%,0.00%,0.00%,,,,,,,,,
ACCT-407-906,9,14,3,0,0,26,3.230,0,0,0,0,2,28,GARZA B
"",34.62%,53.85%,11.54%,0.00%,0.00%,,,,,,,,,
ACCT-407-907,14,15,5,0,0,34,3.264,0,0,0,3,0,37,SHAUB M
"",41.18%,44.12%,14.71%,0.00%,0.00%,,,,,,,,,
ACCT-407-908,6,20,3,0,0,29,3.103,0,0,0,0,0,29,RANZILLA S
"",20.69%,68.97%,10.34%,0.00%,0.00%,,,,,,,,,
ACCT-407-909,11,18,4,0,0,33,3.212,0,0,0,0,0,33,RANZILLA S
"",33.33%,54.55%,12.12%,0.00%,0.00%,,,,,,,,,
COURSE TOTAL:,90,138,31,0,0,259,3.227,0,0,0,3,3,265,
"",34.75%,53.28%,11.97%,0.00%,0.00%,,,,,,,,,
ACCT-410-500,13,6,0,0,0,19,3.684,0,0,0,0,0,19,HEAD M
"",68.42%,31.58%,0.00%,0.00%,0.00%,,,,,,,,,
COURSE TOTAL:,13,6,0,0,0,19,3.684,0,0,0,0,0,19,
"",68.42%,31.58%,0.00%,0.00%,0.00%,,,,,,,,,
ACCT-427-501,11,11,5,0,1,28,3.107,0,0,0,2,0,30,DIAZ M
"",39.29%,39.29%,17.86%,0.00%,3.57%,,,,,,,,,
ACCT-427-502,10,7,3,0,2,22,3.045,2,0,0,1,0,25,DIAZ M
"",45.45%,31.82%,13.64%,0.00%,9.09%,,,,,,,,,
COURSE TOTAL:,21,18,8,0,3,50,3.080,2,0,0,3,0,55,
"",42.00%,36.00%,16.00%,0.00%,6.00%,,,,,,,,,
ACCT-447-500,3,6,3,0,0,12,3.000,0,0,0,1,0,13,TSE S
"",25.00%,50.00%,25.00%,0.00%,0.00%,,,,,,,,,
COURSE TOTAL:,3,6,3,0,0,12,3.000,0,0,0,1,0,13,
"",25.00%,50.00%,25.00%,0.00%,0.00%,,,,,,,,,
ACCT-450-500,4,1,0,0,0,5,3.800,0,0,0,0,0,5,SHAUB M
"",80.00%,20.00%,0.00%,0.00%,0.00%,,,,,,,,,
COURSE TOTAL:,4,1,0,0,0,5,3.800,0,0,0,0,0,5,
"",80.00%,20.00%,0.00%,0.00%,0.00%,,,,,,,,,
ACCT-489-500,3,3,0,0,0,6,3.500,0,0,0,1,0,7,RAY K
"",50.00%,50.00%,0.00%,0.00%,0.00%,,,,,,,,,
ACCT-489-502,46,2,0,0,0,48,3.958,0,0,0,0,0,48,HURTA A
"",95.83%,4.17%,0.00%,0.00%,0.00%,,,,,,,,,
ACCT-489-503,49,1,0,0,0,50,3.980,0,0,0,0,0,50,HURTA A
"",98.00%,2.00%,0.00%,0.00%,0.00%,,,,,,,,,
ACCT-489-504,50,2,0,0,0,52,3.961,0,0,0,0,0,52,HURTA A
"",96.15%,3.85%,0.00%,0.00%,0.00%,,,,,,,,,
COURSE TOTAL:,148,8,0,0,0,156,3.940,0,0,0,1,0,157,
"",94.87%,5.13%,0.00%,0.00%,0.00%,,,,,,,,,
ACCT-601-701,20,23,0,1,0,44,3.409,0,0,0,0,0,44,CLINE K
"",45.45%,52.27%,0.00%,2.27%,0.00%,,,,,,,,,
COURSE TOTAL:,20,23,0,1,0,44,3.409,0,0,0,0,0,44,
"",45.45%,52.27%,0.00%,2.27%,0.00%,,,,,,,,,
ACCT-603-600,30,0,0,0,0,30,4.000,0,0,0,0,0,30,HARDING M
"",100.00%,0.00%,0.00%,0.00%,0.00%,,,,,,,,,
COURSE TOTAL:,30,0,0,0,0,30,4.000,0,0,0,0,0,30,
"",100.00%,0.00%,0.00%,0.00%,0.00%,,,,,,,,,
ACCT-604-700,23,16,3,0,0,42,3.476,0,0,0,0,0,42,EGE M
"",54.76%,38.10%,7.14%,0.00%,0.00%,,,,,,,,,
COURSE TOTAL:,23,16,3,0,0,42,3.476,0,0,0,0,0,42,
"",54.76%,38.10%,7.14%,0.00%,0.00%,,,,,,,,,
ACCT-607-600,10,9,1,0,0,20,3.450,0,0,0,0,0,20,RANZILLA S
"",50.00%,45.00%,5.00%,0.00%,0.00%,,,,,,,,,
COURSE TOTAL:,10,9,1,0,0,20,3.450,0,0,0,0,0,20,
"",50.00%,45.00%,5.00%,0.00%,0.00%,,,,,,,,,
ACCT-608-600,12,5,0,0,0,17,3.705,1,0,0,0,0,18,BLASOR T
"",70.59%,29.41%,0.00%,0.00%,0.00%,,,,,,,,,
COURSE TOTAL:,12,5,0,0,0,17,3.705,1,0,0,0,0,18,
"",70.59%,29.41%,0.00%,0.00%,0.00%,,,,,,,,,
ACCT-610-601,9,13,5,0,1,28,3.035,0,0,0,0,0,28,STRAWSER J
"",32.14%,46.43%,17.86%,0.00%,3.57%,,,,,,,,,
ACCT-610-602,11,12,5,0,1,29,3.103,0,0,0,0,0,29,STRAWSER J
"",37.93%,41.38%,17.24%,0.00%,3.45%,,,,,,,,,
ACCT-610-651,18,13,0,0,0,31,3.580,0,0,0,0,0,31,MCANALLY M
"",58.06%,41.94%,0.00%,0.00%,0.00%,,,,,,,,,
ACCT-610-661,23,18,1,0,0,42,3.523,0,0,0,0,0,42,MCANALLY M
"",54.76%,42.86%,2.38%,0.00%,0.00%,,,,,,,,,
ACCT-610-751,4,3,0,0,0,7,3.571,0,0,0,0,0,7,MCANALLY M
"",57.14%,42.86%,0.00%,0.00%,0.00%,,,,,,,,,
COURSE TOTAL:,65,59,11,0,2,137,3.350,0,0,0,0,0,137,
"",47.45%,43.07%,8.03%,0.00%,1.46%,,,,,,,,,
ACCT-612-600,10,11,0,0,0,21,3.476,0,0,0,0,0,21,LASSILA D
"",47.62%,52.38%,0.00%,0.00%,0.00%,,,,,,,,,
ACCT-612-602,8,12,0,0,0,20,3.400,0,0,0,0,0,20,LASSILA D
"",40.00%,60.00%,0.00%,0.00%,0.00%,,,,,,,,,
COURSE TOTAL:,18,23,0,0,0,41,3.439,0,0,0,0,0,41,
"",43.90%,56.10%,0.00%,0.00%,0.00%,,,,,,,,,
ACCT-620-661,20,11,2,0,1,34,3.441,2,0,0,0,1,37,KINNEY M
"",58.82%,32.35%,5.88%,0.00%,2.94%,,,,,,,,,
COURSE TOTAL:,20,11,2,0,1,34,3.441,2,0,0,0,1,37,
"",58.82%,32.35%,5.88%,0.00%,2.94%,,,,,,,,,
ACCT-621-600,23,20,1,1,0,45,3.444,0,0,0,1,0,46,BARTOSKEWITZ P
"",51.11%,44.44%,2.22%,2.22%,0.00%,,,,,,,,,
ACCT-621-604,19,23,1,0,0,43,3.418,0,0,0,3,0,46,BARTOSKEWITZ P
"",44.19%,53.49%,2.33%,0.00%,0.00%,,,,,,,,,
COURSE TOTAL:,42,43,2,1,0,88,3.431,0,0,0,4,0,92,
"",47.73%,48.86%,2.27%,1.14%,0.00%,,,,,,,,,
ACCT-622-600,8,5,0,0,0,13,3.615,0,0,0,0,0,13,WEAVER C
"",61.54%,38.46%,0.00%,0.00%,0.00%,,,,,,,,,
ACCT-622-601,10,3,0,0,0,13,3.769,0,0,0,0,0,13,WEAVER C
"",76.92%,23.08%,0.00%,0.00%,0.00%,,,,,,,,,
ACCT-622-602,5,7,0,0,0,12,3.416,0,0,0,0,0,12,WEAVER C
"",41.67%,58.33%,0.00%,0.00%,0.00%,,,,,,,,,
COURSE TOTAL:,23,15,0,0,0,38,3.605,0,0,0,0,0,38,
"",60.53%,39.47%,0.00%,0.00%,0.00%,,,,,,,,,
ACCT-624-600,36,3,0,0,0,39,3.923,0,0,0,0,0,39,BARTOSKEWITZ P
"",92.31%,7.69%,0.00%,0.00%,0.00%,,,,,,,,,
COURSE TOTAL:,36,3,0,0,0,39,3.923,0,0,0,0,0,39,
"",92.31%,7.69%,0.00%,0.00%,0.00%,,,,,,,,,
ACCT-625-600,13,0,0,0,0,13,4.000,0,0,0,0,0,13,KYLLONEN C
"",100.00%,0.00%,0.00%,0.00%,0.00%,,,,,,,,,
COURSE TOTAL:,13,0,0,0,0,13,4.000,0,0,0,0,0,13,
"",100.00%,0.00%,0.00%,0.00%,0.00%,,,,,,,,,
ACCT-628-601,35,14,3,0,0,52,3.615,0,0,0,2,0,54,SANDERS J
"",67.31%,26.92%,5.77%,0.00%,0.00%,,,,,,,,,
ACCT-628-602,28,19,4,0,0,51,3.470,0,0,0,2,1,54,SANDERS J
"",54.90%,37.25%,7.84%,0.00%,0.00%,,,,,,,,,
ACCT-628-603,27,24,4,0,0,55,3.418,0,0,0,1,0,56,SANDERS J
"",49.09%,43.64%,7.27%,0.00%,0.00%,,,,,,,,,
COURSE TOTAL:,90,57,11,0,0,158,3.500,0,0,0,5,1,164,
"",56.96%,36.08%,6.96%,0.00%,0.00%,,,,,,,,,
ACCT-640-699,13,10,12,1,0,36,2.972,0,0,0,6,0,42,FOSTER C
"",36.11%,27.78%,33.33%,2.78%,0.00%,,,,,,,,,
COURSE TOTAL:,13,10,12,1,0,36,2.972,0,0,0,6,0,42,
"",36.11%,27.78%,33.33%,2.78%,0.00%,,,,,,,,,
ACCT-647-603,19,0,0,0,1,20,3.800,0,0,0,0,0,20,RODRIGUEZ C
"",95.00%,0.00%,0.00%,0.00%,5.00%,,,,,,,,,
ACCT-647-604,8,8,0,0,0,16,3.500,0,0,0,0,0,16,TSE S
"",50.00%,50.00%,0.00%,0.00%,0.00%,,,,,,,,,
ACCT-647-605,7,8,3,0,0,18,3.222,0,0,0,0,0,18,TSE S
"",38.89%,44.44%,16.67%,0.00%,0.00%,,,,,,,,,
COURSE TOTAL:,34,16,3,0,1,54,3.518,0,0,0,0,0,54,
"",62.96%,29.63%,5.56%,0.00%,1.85%,,,,,,,,,
ACCT-648-602,38,2,0,0,0,40,3.950,0,0,0,0,0,40,GREEN J
"",95.00%,5.00%,0.00%,0.00%,0.00%,,,,,,,,,
ACCT-648-603,47,0,0,0,0,47,4.000,0,0,0,1,0,48,GREEN J
"",100.00%,0.00%,0.00%,0.00%,0.00%,,,,,,,,,
COURSE TOTAL:,85,2,0,0,0,87,3.977,0,0,0,1,0,88,
"",97.70%,2.30%,0.00%,0.00%,0.00%,,,,,,,,,
ACCT-650-600,45,5,0,0,0,50,3.900,0,0,0,0,0,50,SHAUB M
"",90.00%,10.00%,0.00%,0.00%,0.00%,,,,,,,,,
COURSE TOTAL:,45,5,0,0,0,50,3.900,0,0,0,0,0,50,
"",90.00%,10.00%,0.00%,0.00%,0.00%,,,,,,,,,
ACCT-651-601,6,10,0,0,0,16,3.375,0,0,0,0,0,16,AHMED A
"",37.50%,62.50%,0.00%,0.00%,0.00%,,,,,,,,,
ACCT-651-602,7,10,0,0,0,17,3.411,0,0,0,0,0,17,AHMED A
"",41.18%,58.82%,0.00%,0.00%,0.00%,,,,,,,,,
ACCT-651-603,3,17,0,0,0,20,3.150,0,0,0,0,0,20,YUST C
"",15.00%,85.00%,0.00%,0.00%,0.00%,,,,,,,,,
ACCT-651-604,13,7,0,0,0,20,3.650,0,0,0,0,0,20,AHMED A
"",65.00%,35.00%,0.00%,0.00%,0.00%,,,,,,,,,
ACCT-651-605,6,10,0,0,0,16,3.375,0,0,0,0,0,16,AHMED A
"",37.50%,62.50%,0.00%,0.00%,0.00%,,,,,,,,,
COURSE TOTAL:,35,54,0,0,0,89,3.393,0,0,0,0,0,89,
"",39.33%,60.67%,0.00%,0.00%,0.00%,,,,,,,,,
ACCT-659-600,19,0,0,0,0,19,4.000,0,0,0,0,0,19,SHARP N
"",100.00%,0.00%,0.00%,0.00%,0.00%,,,,,,,,,
COURSE TOTAL:,19,0,0,0,0,19,4.000,0,0,0,0,0,19,
"",100.00%,0.00%,0.00%,0.00%,0.00%,,,,,,,,,
ACCT-685-601,7,0,0,0,0,7,4.000,0,0,0,0,0,7,RODRIGUEZ C
"",100.00%,0.00%,0.00%,0.00%,0.00%,,,,,,,,,
COURSE TOTAL:,7,0,0,0,0,7,4.000,0,0,0,0,0,7,
"",100.00%,0.00%,0.00%,0.00%,0.00%,,,,,,,,,
ACCT-705-600,40,21,0,0,0,61,3.655,0,0,0,0,0,61,KNOOP J
"",65.57%,34.43%,0.00%,0.00%,0.00%,,,,,,,,,
COURSE TOTAL:,40,21,0,0,0,61,3.655,0,0,0,0,0,61,
"",65.57%,34.43%,0.00%,0.00%,0.00%,,,,,,,,,
ACCT-710-600,51,8,2,0,0,61,3.803,0,0,0,0,0,61,FARMER K
"",83.61%,13.11%,3.28%,0.00%,0.00%,,,,,,,,,
COURSE TOTAL:,51,8,2,0,0,61,3.803,0,0,0,0,0,61,
"",83.61%,13.11%,3.28%,0.00%,0.00%,,,,,,,,,
DEPARTMENT TOTAL:,2241,1802,768,185,53,5049,3.163,7,0,0,282,5,5343,
"",44.39%,35.69%,15.21%,3.66%,1.05%,,,,,,,,,
ANLY-608-600,11,6,0,0,0,17,3.647,0,0,0,0,0,17,SHARMA A
"",64.71%,35.29%,0.00%,0.00%,0.00%,,,,,,,,,
ANLY-608-700,27,6,0,0,0,33,3.818,0,0,0,1,1,35,SHARMA A
"",81.82%,18.18%,0.00%,0.00%,0.00%,,,,,,,,,
COURSE TOTAL:,38,12,0,0,0,50,3.760,0,0,0,1,1,52,
"",76.00%,24.00%,0.00%,0.00%,0.00%,,,,,,,,,
ANLY-615-600,11,6,0,0,0,17,3.647,0,0,0,0,0,17,JASPERSON J
"",64.71%,35.29%,0.00%,0.00%,0.00%,,,,,,,,,
ANLY-615-700,31,4,0,0,0,35,3.885,0,0,0,1,1,37,JASPERSON J
"",88.57%,11.43%,0.00%,0.00%,0.00%,,,,,,,,,
COURSE TOTAL:,42,10,0,0,0,52,3.807,0,0,0,1,1,54,
"",80.77%,19.23%,0.00%,0.00%,0.00%,,,,,,,,,
ANLY-620-600,21,3,0,0,0,24,3.875,0,0,0,0,0,24,ABBOTT J
"",87.50%,12.50%,0.00%,0.00%,0.00%,,,,,,,,,
ANLY-620-700,21,2,0,0,0,23,3.913,0,0,0,0,0,23,ABBOTT J
"",91.30%,8.70%,0.00%,0.00%,0.00%,,,,,,,,,
COURSE TOTAL:,42,5,0,0,0,47,3.893,0,0,0,0,0,47,
"",89.36%,10.64%,0.00%,0.00%,0.00%,,,,,,,,,
ANLY-626-600,13,10,1,0,0,24,3.500,0,0,0,0,0,24,MHOON K
"",54.17%,41.67%,4.17%,0.00%,0.00%,,,,,,,,,
ANLY-626-700,16,6,3,0,0,25,3.520,0,0,0,0,0,25,MHOON K
"",64.00%,24.00%,12.00%,0.00%,0.00%,,,,,,,,,
COURSE TOTAL:,29,16,4,0,0,49,3.510,0,0,0,0,0,49,
"",59.18%,32.65%,8.16%,0.00%,0.00%,,,,,,,,,
BUAD-620-661,42,0,0,0,0,42,4.000,0,0,0,0,0,42,LECLAIR C
"",100.00%,0.00%,0.00%,0.00%,0.00%,,,,,,,,,
BUAD-620-662,36,0,0,0,0,36,4.000,0,0,0,0,0,36,LECLAIR C
"",100.00%,0.00%,0.00%,0.00%,0.00%,,,,,,,,,
COURSE TOTAL:,78,0,0,0,0,78,4.000,0,0,0,0,0,78,
"",100.00%,0.00%,0.00%,0.00%,0.00%,,,,,,,,,
BUAD-679-601,27,0,1,0,0,28,3.928,0,0,0,0,0,28,ALEXANDER M
"",96.43%,0.00%,3.57%,0.00%,0.00%,,,,,,,,,
BUAD-679-651,17,0,0,0,0,17,4.000,0,0,0,0,0,17,ALEXANDER M
"",100.00%,0.00%,0.00%,0.00%,0.00%,,,,,,,,,
BUAD-679-652,24,0,0,0,0,24,4.000,0,0,0,0,0,24,ALEXANDER M
"",100.00%,0.00%,0.00%,0.00%,0.00%,,,,,,,,,
BUAD-679-700,22,0,0,0,0,22,4.000,0,0,0,0,0,22,ALEXANDER M
"",100.00%,0.00%,0.00%,0.00%,0.00%,,,,,,,,,
BUAD-679-701,23,0,0,0,0,23,4.000,0,0,0,0,0,23,ALEXANDER M
"",100.00%,0.00%,0.00%,0.00%,0.00%,,,,,,,,,
COURSE TOTAL:,113,0,1,0,0,114,3.971,0,0,0,0,0,114,
"",99.12%,0.00%,0.88%,0.00%,0.00%,,,,,,,,,
BUAD-693-601,17,8,0,0,1,26,3.538,0,0,0,0,0,26,KINNEY M
"",65.38%,30.77%,0.00%,0.00%,3.85%,,,,,,,,,
COURSE TOTAL:,17,8,0,0,1,26,3.538,0,0,0,0,0,26,
"",65.38%,30.77%,0.00%,0.00%,3.85%,,,,,,,,,
BUAD-702-600,61,0,0,0,0,61,4.000,0,0,0,0,0,61,BRADY J
"",100.00%,0.00%,0.00%,0.00%,0.00%,,,,,,,,,
BUAD-702-601,23,3,1,0,0,27,3.814,0,0,0,0,0,27,OLSON A
"",85.19%,11.11%,3.70%,0.00%,0.00%,,,,,,,,,
BUAD-702-602,19,4,0,0,0,23,3.826,0,0,0,0,0,23,OLSON A
"",82.61%,17.39%,0.00%,0.00%,0.00%,,,,,,,,,
COURSE TOTAL:,103,7,1,0,0,111,3.918,0,0,0,0,0,111,
"",92.79%,6.31%,0.90%,0.00%,0.00%,,,,,,,,,
BUAD-705-600,61,0,0,0,0,61,4.000,0,0,0,0,0,61,LECLAIR C
"",100.00%,0.00%,0.00%,0.00%,0.00%,,,,,,,,,
COURSE TOTAL:,61,0,0,0,0,61,4.000,0,0,0,0,0,61,
"",100.00%,0.00%,0.00%,0.00%,0.00%,,,,,,,,,
BUAD-720-600,59,2,0,0,0,61,3.967,0,0,0,0,0,61,PETTY B
"",96.72%,3.28%,0.00%,0.00%,0.00%,,,,,,,,,
COURSE TOTAL:,59,2,0,0,0,61,3.967,0,0,0,0,0,61,
"",96.72%,3.28%,0.00%,0.00%,0.00%,,,,,,,,,
BUSN-101-900,7,13,0,0,0,20,3.350,0,0,0,0,0,20,MORLEY K
"",35.00%,65.00%,0.00%,0.00%,0.00%,,,,,,,,,
BUSN-101-901,13,6,1,0,0,20,3.600,0,0,0,0,0,20,MORLEY K
"",65.00%,30.00%,5.00%,0.00%,0.00%,,,,,,,,,
BUSN-101-902,12,7,1,0,0,20,3.550,0,0,0,0,0,20,MORLEY K
"",60.00%,35.00%,5.00%,0.00%,0.00%,,,,,,,,,
BUSN-101-903,14,6,0,0,0,20,3.700,0,0,0,0,0,20,MORLEY K
"",70.00%,30.00%,0.00%,0.00%,0.00%,,,,,,,,,
BUSN-101-904,9,8,1,0,0,18,3.444,0,0,0,0,0,18,MORLEY K
"",50.00%,44.44%,5.56%,0.00%,0.00%,,,,,,,,,
BUSN-101-905,15,5,0,0,0,20,3.750,0,0,0,0,0,20,MORLEY K
"",75.00%,25.00%,0.00%,0.00%,0.00%,,,,,,,,,
BUSN-101-906,10,9,1,0,0,20,3.450,0,0,0,0,0,20,MORLEY K
"",50.00%,45.00%,5.00%,0.00%,0.00%,,,,,,,,,
BUSN-101-907,16,4,0,0,0,20,3.800,0,0,0,0,0,20,MORLEY K
"",80.00%,20.00%,0.00%,0.00%,0.00%,,,,,,,,,
BUSN-101-908,13,6,1,0,0,20,3.600,0,0,0,0,0,20,MORLEY K
"",65.00%,30.00%,5.00%,0.00%,0.00%,,,,,,,,,
BUSN-101-909,15,5,0,0,0,20,3.750,0,0,0,0,0,20,MORLEY K
"",75.00%,25.00%,0.00%,0.00%,0.00%,,,,,,,,,
BUSN-101-910,15,5,1,1,0,22,3.545,0,0,0,0,0,22,GAMMENTHALER K
"",68.18%,22.73%,4.55%,4.55%,0.00%,,,,,,,,,
BUSN-101-911,16,5,1,0,0,22,3.681,0,0,0,0,0,22,GAMMENTHALER K
"",72.73%,22.73%,4.55%,0.00%,0.00%,,,,,,,,,
BUSN-101-912,18,3,1,0,0,22,3.772,0,0,0,0,0,22,GAMMENTHALER K
"",81.82%,13.64%,4.55%,0.00%,0.00%,,,,,,,,,
BUSN-101-913,18,3,0,0,0,21,3.857,0,0,0,0,0,21,GAMMENTHALER K
"",85.71%,14.29%,0.00%,0.00%,0.00%,,,,,,,,,
BUSN-101-914,16,3,1,0,0,20,3.750,0,0,0,0,0,20,GAMMENTHALER K
"",80.00%,15.00%,5.00%,0.00%,0.00%,,,,,,,,,
BUSN-101-915,16,4,0,0,0,20,3.800,0,0,0,0,0,20,GAMMENTHALER K
"",80.00%,20.00%,0.00%,0.00%,0.00%,,,,,,,,,
BUSN-101-916,13,7,0,0,0,20,3.650,0,0,0,0,0,20,GAMMENTHALER K
"",65.00%,35.00%,0.00%,0.00%,0.00%,,,,,,,,,
BUSN-101-917,15,5,0,0,0,20,3.750,0,0,0,0,0,20,GAMMENTHALER K
"",75.00%,25.00%,0.00%,0.00%,0.00%,,,,,,,,,
BUSN-101-918,15,5,0,0,0,20,3.750,0,0,0,0,0,20,GAMMENTHALER K
"",75.00%,25.00%,0.00%,0.00%,0.00%,,,,,,,,,
BUSN-101-919,12,7,0,0,0,19,3.631,0,0,0,0,0,19,GAMMENTHALER K
"",63.16%,36.84%,0.00%,0.00%,0.00%,,,,,,,,,
BUSN-101-920,12,9,0,0,0,21,3.571,0,0,0,0,0,21,GAMMENTHALER K
"",57.14%,42.86%,0.00%,0.00%,0.00%,,,,,,,,,
BUSN-101-921,14,6,0,0,0,20,3.700,0,0,0,0,0,20,GAMMENTHALER K
"",70.00%,30.00%,0.00%,0.00%,0.00%,,,,,,,,,
BUSN-101-922,13,7,0,0,0,20,3.650,0,0,0,0,0,20,GAMMENTHALER K
"",65.00%,35.00%,0.00%,0.00%,0.00%,,,,,,,,,
BUSN-101-923,13,6,1,0,0,20,3.600,0,0,0,0,0,20,GAMMENTHALER K
"",65.00%,30.00%,5.00%,0.00%,0.00%,,,,,,,,,
BUSN-101-924,14,5,1,0,0,20,3.650,0,0,0,0,0,20,GAMMENTHALER K
"",70.00%,25.00%,5.00%,0.00%,0.00%,,,,,,,,,
BUSN-101-925,7,13,0,0,0,20,3.350,0,0,0,0,0,20,JOHNSON R
"",35.00%,65.00%,0.00%,0.00%,0.00%,,,,,,,,,
BUSN-101-926,11,7,0,0,0,18,3.611,0,0,0,0,0,18,JOHNSON R
"",61.11%,38.89%,0.00%,0.00%,0.00%,,,,,,,,,
BUSN-101-927,15,5,0,0,0,20,3.750,0,0,0,0,0,20,JOHNSON R
"",75.00%,25.00%,0.00%,0.00%,0.00%,,,,,,,,,
BUSN-101-928,16,3,1,0,0,20,3.750,0,0,0,0,0,20,JOHNSON R
"",80.00%,15.00%,5.00%,0.00%,0.00%,,,,,,,,,
BUSN-101-929,15,5,0,0,0,20,3.750,0,0,0,0,0,20,JOHNSON R
"",75.00%,25.00%,0.00%,0.00%,0.00%,,,,,,,,,
BUSN-101-930,15,5,0,0,0,20,3.750,0,0,0,0,0,20,JOHNSON R
"",75.00%,25.00%,0.00%,0.00%,0.00%,,,,,,,,,
BUSN-101-931,13,9,0,0,0,22,3.590,0,0,0,0,0,22,JOHNSON R
"",59.09%,40.91%,0.00%,0.00%,0.00%,,,,,,,,,
BUSN-101-932,14,6,0,0,0,20,3.700,0,0,0,0,0,20,JOHNSON R
"",70.00%,30.00%,0.00%,0.00%,0.00%,,,,,,,,,
BUSN-101-933,14,5,1,0,0,20,3.650,0,0,0,0,0,20,JOHNSON R
"",70.00%,25.00%,5.00%,0.00%,0.00%,,,,,,,,,
BUSN-101-934,12,8,0,0,0,20,3.600,0,0,0,0,0,20,JOHNSON R
"",60.00%,40.00%,0.00%,0.00%,0.00%,,,,,,,,,
BUSN-101-935,17,3,1,0,0,21,3.761,0,0,0,0,0,21,JOHNSON R
"",80.95%,14.29%,4.76%,0.00%,0.00%,,,,,,,,,
BUSN-101-936,14,6,0,0,0,20,3.700,0,0,0,0,0,20,JOHNSON R
"",70.00%,30.00%,0.00%,0.00%,0.00%,,,,,,,,,
BUSN-101-937,8,12,0,0,0,20,3.400,0,0,0,0,0,20,JOHNSON R
"",40.00%,60.00%,0.00%,0.00%,0.00%,,,,,,,,,
BUSN-101-938,18,1,0,0,0,19,3.947,0,0,0,0,0,19,JOHNSON R
"",94.74%,5.26%,0.00%,0.00%,0.00%,,,,,,,,,
BUSN-101-939,15,5,0,0,0,20,3.750,0,0,0,0,0,20,JOHNSON R
"",75.00%,25.00%,0.00%,0.00%,0.00%,,,,,,,,,
BUSN-101-940,13,7,0,0,0,20,3.650,1,0,0,0,0,21,JOHNSON R
"",65.00%,35.00%,0.00%,0.00%,0.00%,,,,,,,,,
BUSN-101-941,11,9,0,0,0,20,3.550,0,0,0,0,0,20,JOHNSON R
"",55.00%,45.00%,0.00%,0.00%,0.00%,,,,,,,,,
BUSN-101-942,16,4,0,0,0,20,3.800,0,0,0,0,0,20,JOHNSON R
"",80.00%,20.00%,0.00%,0.00%,0.00%,,,,,,,,,
BUSN-101-943,14,6,0,0,0,20,3.700,0,0,0,0,0,20,JOHNSON R
"",70.00%,30.00%,0.00%,0.00%,0.00%,,,,,,,,,
BUSN-101-944,12,8,0,0,0,20,3.600,0,0,0,0,0,20,JOHNSON R
"",60.00%,40.00%,0.00%,0.00%,0.00%,,,,,,,,,
BUSN-101-950,12,8,0,0,0,20,3.600,0,0,0,0,0,20,DEER S
"",60.00%,40.00%,0.00%,0.00%,0.00%,,,,,,,,,
BUSN-101-951,14,4,0,1,1,20,3.450,0,0,0,0,0,20,DEER S
"",70.00%,20.00%,0.00%,5.00%,5.00%,,,,,,,,,
BUSN-101-952,11,8,1,0,0,20,3.500,0,0,0,0,0,20,DEER S
"",55.00%,40.00%,5.00%,0.00%,0.00%,,,,,,,,,
BUSN-101-953,16,4,0,0,0,20,3.800,0,0,0,0,0,20,DEER S
"",80.00%,20.00%,0.00%,0.00%,0.00%,,,,,,,,,
BUSN-101-954,15,4,0,1,0,20,3.650,0,0,0,0,0,20,DEER S
"",75.00%,20.00%,0.00%,5.00%,0.00%,,,,,,,,,
BUSN-101-955,9,12,0,0,0,21,3.428,0,0,0,0,0,21,HUTCHINS N
"",42.86%,57.14%,0.00%,0.00%,0.00%,,,,,,,,,
BUSN-101-956,15,6,1,0,0,22,3.636,0,0,0,0,0,22,HUTCHINS N
"",68.18%,27.27%,4.55%,0.00%,0.00%,,,,,,,,,
BUSN-101-957,8,2,0,0,0,10,3.800,0,0,0,0,0,10,HUTCHINS N
"",80.00%,20.00%,0.00%,0.00%,0.00%,,,,,,,,,
BUSN-101-958,6,4,0,0,0,10,3.600,0,0,0,0,0,10,HUTCHINS N
"",60.00%,40.00%,0.00%,0.00%,0.00%,,,,,,,,,
BUSN-101-959,5,4,0,0,0,9,3.555,0,0,0,0,0,9,HUTCHINS N
"",55.56%,44.44%,0.00%,0.00%,0.00%,,,,,,,,,
BUSN-101-960,10,2,0,0,0,12,3.833,0,0,0,0,0,12,MORLEY K
"",83.33%,16.67%,0.00%,0.00%,0.00%,,,,,,,,,
BUSN-101-961,8,6,0,0,0,14,3.571,0,0,0,0,0,14,MORLEY K
"",57.14%,42.86%,0.00%,0.00%,0.00%,,,,,,,,,
BUSN-101-962,8,5,0,0,0,13,3.615,0,0,0,0,0,13,MORLEY K
"",61.54%,38.46%,0.00%,0.00%,0.00%,,,,,,,,,
BUSN-101-963,6,7,0,0,0,13,3.461,0,0,0,0,0,13,MORLEY K
"",46.15%,53.85%,0.00%,0.00%,0.00%,,,,,,,,,
BUSN-101-964,7,6,0,0,0,13,3.538,0,0,0,0,0,13,MORLEY K
"",53.85%,46.15%,0.00%,0.00%,0.00%,,,,,,,,,
COURSE TOTAL:,764,358,16,3,1,1142,3.647,1,0,0,0,0,1143,
"",66.90%,31.35%,1.40%,0.26%,0.09%,,,,,,,,,
BUSN-125-201,11,0,0,0,0,11,4.000,0,0,0,0,0,11,RAABE C
"",100.00%,0.00%,0.00%,0.00%,0.00%,,,,,,,,,
BUSN-125-202,12,0,0,0,0,12,4.000,0,0,0,0,0,12,RAABE C
"",100.00%,0.00%,0.00%,0.00%,0.00%,,,,,,,,,
BUSN-125-203,12,0,0,0,0,12,4.000,0,0,0,0,0,12,MORLEY K
"",100.00%,0.00%,0.00%,0.00%,0.00%,,,,,,,,,
BUSN-125-204,12,0,0,0,0,12,4.000,0,0,0,0,0,12,MORLEY K
"",100.00%,0.00%,0.00%,0.00%,0.00%,,,,,,,,,
BUSN-125-206,11,0,0,0,0,11,4.000,0,0,0,0,0,11,GAMMENTHALER K
"",100.00%,0.00%,0.00%,0.00%,0.00%,,,,,,,,,
BUSN-125-207,11,0,0,0,0,11,4.000,0,0,0,0,0,11,GAMMENTHALER K
"",100.00%,0.00%,0.00%,0.00%,0.00%,,,,,,,,,
BUSN-125-208,12,0,0,0,0,12,4.000,0,0,0,0,0,12,GAMMENTHALER K
"",100.00%,0.00%,0.00%,0.00%,0.00%,,,,,,,,,
COURSE TOTAL:,81,0,0,0,0,81,4.000,0,0,0,0,0,81,
"",100.00%,0.00%,0.00%,0.00%,0.00%,,,,,,,,,
BUSN-203-200,20,6,1,0,0,27,3.703,0,0,0,1,0,28,RANGAN S
"",74.07%,22.22%,3.70%,0.00%,0.00%,,,,,,,,,
BUSN-203-501,113,60,21,5,0,199,3.412,2,0,0,6,0,207,HALE T
"",56.78%,30.15%,10.55%,2.51%,0.00%,,,,,,,,,
BUSN-203-502,237,79,37,9,2,364,3.483,0,0,0,7,1,372,HALE T
"",65.11%,21.70%,10.16%,2.47%,0.55%,,,,,,,,,
BUSN-203-503,68,48,13,1,0,130,3.407,0,0,0,2,0,132,RANGAN S
"",52.31%,36.92%,10.00%,0.77%,0.00%,,,,,,,,,
BUSN-203-504,16,2,2,0,0,20,3.700,0,0,0,0,0,20,KIZIL K
"",80.00%,10.00%,10.00%,0.00%,0.00%,,,,,,,,,
BUSN-203-505,15,15,5,0,0,35,3.285,0,0,0,1,0,36,RANGAN S
"",42.86%,42.86%,14.29%,0.00%,0.00%,,,,,,,,,
COURSE TOTAL:,469,210,79,15,2,775,3.456,2,0,0,17,1,795,
"",60.52%,27.10%,10.19%,1.94%,0.26%,,,,,,,,,
BUSN-213-500,39,0,0,0,0,39,4.000,0,0,0,0,0,39,HARDING M
"",100.00%,0.00%,0.00%,0.00%,0.00%,,,,,,,,,
COURSE TOTAL:,39,0,0,0,0,39,4.000,0,0,0,0,0,39,
"",100.00%,0.00%,0.00%,0.00%,0.00%,,,,,,,,,
BUSN-225-971,24,0,0,0,0,24,4.000,0,0,0,0,0,24,VAN ALSTYNE J
"",100.00%,0.00%,0.00%,0.00%,0.00%,,,,,,,,,
BUSN-225-972,24,0,0,0,0,24,4.000,0,0,0,0,0,24,VAN ALSTYNE J
"",100.00%,0.00%,0.00%,0.00%,0.00%,,,,,,,,,
COURSE TOTAL:,48,0,0,0,0,48,4.000,0,0,0,0,0,48,
"",100.00%,0.00%,0.00%,0.00%,0.00%,,,,,,,,,
BUSN-285-501,97,0,0,0,0,97,4.000,0,0,0,0,0,97,JOHNSON R
"",100.00%,0.00%,0.00%,0.00%,0.00%,,,,,,,,,
COURSE TOTAL:,97,0,0,0,0,97,4.000,0,0,0,0,0,97,
"",100.00%,0.00%,0.00%,0.00%,0.00%,,,,,,,,,
BUSN-403-901,14,9,2,2,0,27,3.296,0,0,0,0,0,27,LANE K
"",51.85%,33.33%,7.41%,7.41%,0.00%,,,,,,,,,
BUSN-403-902,16,7,2,0,1,26,3.423,0,0,0,0,0,26,LANE K
"",61.54%,26.92%,7.69%,0.00%,3.85%,,,,,,,,,
COURSE TOTAL:,30,16,4,2,1,53,3.358,0,0,0,0,0,53,
"",56.60%,30.19%,7.55%,3.77%,1.89%,,,,,,,,,
BUSN-485-500,5,0,0,0,0,5,4.000,0,0,0,0,0,5,JOHNSON R
"",100.00%,0.00%,0.00%,0.00%,0.00%,,,,,,,,,
COURSE TOTAL:,5,0,0,0,0,5,4.000,0,0,0,0,0,5,
"",100.00%,0.00%,0.00%,0.00%,0.00%,,,,,,,,,
BUSN-489-200,9,0,0,0,0,9,4.000,0,0,0,0,0,9,ALEXANDER D
"",100.00%,0.00%,0.00%,0.00%,0.00%,,,,,,,,,
BUSN-489-500,11,0,0,0,0,11,4.000,0,0,0,0,0,11,ALEXANDER D
"",100.00%,0.00%,0.00%,0.00%,0.00%,,,,,,,,,
COURSE TOTAL:,20,0,0,0,0,20,4.000,0,0,0,0,0,20,
"",100.00%,0.00%,0.00%,0.00%,0.00%,,,,,,,,,
IBUS-450-501,1,4,0,0,0,5,3.200,0,0,0,0,0,5,KIM Y
"",20.00%,80.00%,0.00%,0.00%,0.00%,,,,,,,,,
COURSE TOTAL:,1,4,0,0,0,5,3.200,0,0,0,0,0,5,
"",20.00%,80.00%,0.00%,0.00%,0.00%,,,,,,,,,
IBUS-489-500,7,0,0,0,0,7,4.000,0,0,0,0,0,7,LANE K
"",100.00%,0.00%,0.00%,0.00%,0.00%,,,,,,,,,
COURSE TOTAL:,7,0,0,0,0,7,4.000,0,0,0,0,0,7,
"",100.00%,0.00%,0.00%,0.00%,0.00%,,,,,,,,,
IBUS-679-600,3,2,0,0,0,5,3.600,0,0,0,0,0,5,PANINA D
"",60.00%,40.00%,0.00%,0.00%,0.00%,,,,,,,,,
COURSE TOTAL:,3,2,0,0,0,5,3.600,0,0,0,0,0,5
"",60.00%,40.00%,0.00%,0.00%,0.00%,,,,,,,,
DEPARTMENT TOTAL:,2146,650,105,20,5,2926,3.657,3,0,0,19,3,2951
"",73.34%,22.21%,3.59%,0.68%,0.17%,,,,,,,,
FINC-210-501,280,20,1,1,0,302,3.917,0,0,0,0,0,302,PETERSON J
"",92.72%,6.62%,0.33%,0.33%,0.00%,,,,,,,,,
COURSE TOTAL:,280,20,1,1,0,302,3.917,0,0,0,0,0,302,
"",92.72%,6.62%,0.33%,0.33%,0.00%,,,,,,,,,
FINC-267-501,9,0,0,0,0,9,4.000,0,0,0,2,0,11,WILSON C
"",100.00%,0.00%,0.00%,0.00%,0.00%,,,,,,,,,
COURSE TOTAL:,9,0,0,0,0,9,4.000,0,0,0,2,0,11,
"",100.00%,0.00%,0.00%,0.00%,0.00%,,,,,,,,,
FINC-341-201,27,3,2,0,0,32,3.781,0,0,0,0,0,32,GUYTON S
"",84.38%,9.38%,6.25%,0.00%,0.00%,,,,,,,,,
FINC-341-202,17,5,1,1,0,24,3.583,2,0,0,0,0,26,GUYTON S
"",70.83%,20.83%,4.17%,4.17%,0.00%,,,,,,,,,
FINC-341-501,154,150,68,21,1,394,3.104,0,0,0,41,0,435,GUYTON S
"",39.09%,38.07%,17.26%,5.33%,0.25%,,,,,,,,,
FINC-341-502,45,47,47,13,4,156,2.743,0,0,0,34,0,190,GUYTON S
"",28.85%,30.13%,30.13%,8.33%,2.56%,,,,,,,,,
COURSE TOTAL:,243,205,118,35,5,606,3.066,2,0,0,75,0,683,
"",40.10%,33.83%,19.47%,5.78%,0.83%,,,,,,,,,
FINC-350-901,6,0,0,0,0,6,4.000,0,0,0,0,0,6,MOORE K
"",100.00%,0.00%,0.00%,0.00%,0.00%,,,,,,,,,
FINC-350-902,12,0,0,0,0,12,4.000,0,0,0,1,0,13,MOORE K
"",100.00%,0.00%,0.00%,0.00%,0.00%,,,,,,,,,
FINC-350-903,20,1,0,0,0,21,3.952,0,0,0,9,11,41,MOORE K
"",95.24%,4.76%,0.00%,0.00%,0.00%,,,,,,,,,
FINC-350-905,32,0,0,0,0,32,4.000,0,0,0,1,0,33,HEAD M
"",100.00%,0.00%,0.00%,0.00%,0.00%,,,,,,,,,
FINC-350-906,59,0,0,0,0,59,4.000,0,0,0,0,0,59,HEAD M
"",100.00%,0.00%,0.00%,0.00%,0.00%,,,,,,,,,
COURSE TOTAL:,129,1,0,0,0,130,3.992,0,0,0,11,11,152,
"",99.23%,0.77%,0.00%,0.00%,0.00%,,,,,,,,,
FINC-351-501,14,38,1,1,0,54,3.203,0,0,0,0,0,54,ROSSI M
"",25.93%,70.37%,1.85%,1.85%,0.00%,,,,,,,,,
FINC-351-502,21,25,1,3,0,50,3.280,0,0,0,0,0,50,ROSSI M
"",42.00%,50.00%,2.00%,6.00%,0.00%,,,,,,,,,
FINC-351-503,14,12,12,1,1,40,2.925,0,0,0,10,0,50,DYE R
"",35.00%,30.00%,30.00%,2.50%,2.50%,,,,,,,,,
FINC-351-504,12,23,10,1,1,47,2.936,0,0,0,7,0,54,DYE R
"",25.53%,48.94%,21.28%,2.13%,2.13%,,,,,,,,,
COURSE TOTAL:,61,98,24,6,2,191,3.099,0,0,0,17,0,208,
"",31.94%,51.31%,12.57%,3.14%,1.05%,,,,,,,,,
FINC-361-501,7,24,10,0,0,41,2.926,0,0,0,0,0,41,CEN X
"",17.07%,58.54%,24.39%,0.00%,0.00%,,,,,,,,,
FINC-361-502,8,22,3,0,0,33,3.151,0,0,0,0,0,33,CEN X
"",24.24%,66.67%,9.09%,0.00%,0.00%,,,,,,,,,
FINC-361-503,8,11,5,0,0,24,3.125,0,0,0,1,0,25,CEN X
"",33.33%,45.83%,20.83%,0.00%,0.00%,,,,,,,,,
FINC-361-504,9,16,7,2,0,34,2.941,0,0,0,1,0,35,ERTURK B
"",26.47%,47.06%,20.59%,5.88%,0.00%,,,,,,,,,
FINC-361-505,7,18,13,2,0,40,2.750,0,0,0,5,0,45,ERTURK B
"",17.50%,45.00%,32.50%,5.00%,0.00%,,,,,,,,,
FINC-361-506,6,16,19,3,0,44,2.568,0,0,0,1,0,45,ERTURK B
"",13.64%,36.36%,43.18%,6.82%,0.00%,,,,,,,,,
COURSE TOTAL:,45,107,57,7,0,216,2.879,0,0,0,8,0,224,
"",20.83%,49.54%,26.39%,3.24%,0.00%,,,,,,,,,
FINC-371-501,19,55,36,4,1,115,2.756,1,0,0,3,0,119,PETERSON J
"",16.52%,47.83%,31.30%,3.48%,0.87%,,,,,,,,,
COURSE TOTAL:,19,55,36,4,1,115,2.756,1,0,0,3,0,119,
"",16.52%,47.83%,31.30%,3.48%,0.87%,,,,,,,,,
FINC-381-501,10,20,10,0,0,40,3.000,0,0,0,3,0,43,KIM S
"",25.00%,50.00%,25.00%,0.00%,0.00%,,,,,,,,,
FINC-381-502,4,20,10,0,0,34,2.823,1,0,0,0,0,35,FIELDHOUSE A
"",11.76%,58.82%,29.41%,0.00%,0.00%,,,,,,,,,
FINC-381-503,4,14,15,3,0,36,2.527,0,0,0,0,0,36,FIELDHOUSE A
"",11.11%,38.89%,41.67%,8.33%,0.00%,,,,,,,,,
FINC-381-504,2,14,7,1,0,24,2.708,1,0,0,0,0,25,FIELDHOUSE A
"",8.33%,58.33%,29.17%,4.17%,0.00%,,,,,,,,,
FINC-381-505,4,5,6,0,0,15,2.866,0,0,0,2,0,17,KIM S
"",26.67%,33.33%,40.00%,0.00%,0.00%,,,,,,,,,
FINC-381-520,17,0,0,0,0,17,4.000,0,0,0,1,0,18,KOLARI J
"",100.00%,0.00%,0.00%,0.00%,0.00%,,,,,,,,,
COURSE TOTAL:,41,73,48,4,0,166,2.909,2,0,0,6,0,174,
"",24.70%,43.98%,28.92%,2.41%,0.00%,,,,,,,,,
FINC-409-598,59,81,49,7,4,200,2.920,0,0,0,17,0,217,KIM M
"",29.50%,40.50%,24.50%,3.50%,2.00%,,,,,,,,,
FINC-409-599,126,180,84,10,8,408,2.995,0,0,0,37,0,445,ZHOU X
"",30.88%,44.12%,20.59%,2.45%,1.96%,,,,,,,,,
COURSE TOTAL:,185,261,133,17,12,608,2.970,0,0,0,54,0,662,
"",30.43%,42.93%,21.88%,2.80%,1.97%,,,,,,,,,
FINC-422-501,4,2,0,0,0,6,3.666,0,0,0,0,0,6,TEBEAUX W
"",66.67%,33.33%,0.00%,0.00%,0.00%,,,,,,,,,
COURSE TOTAL:,4,2,0,0,0,6,3.666,0,0,0,0,0,6,
"",66.67%,33.33%,0.00%,0.00%,0.00%,,,,,,,,,
FINC-423-501,0,0,7,0,0,7,2.000,0,0,0,0,0,7,CHEN Y
"",0.00%,0.00%,100.00%,0.00%,0.00%,,,,,,,,,
FINC-423-502,5,4,3,0,0,12,3.166,0,0,0,0,0,12,CHEN Y
"",41.67%,33.33%,25.00%,0.00%,0.00%,,,,,,,,,
COURSE TOTAL:,5,4,10,0,0,19,2.736,0,0,0,0,0,19,
"",26.32%,21.05%,52.63%,0.00%,0.00%,,,,,,,,,
FINC-424-501,4,5,3,0,0,12,3.083,1,0,0,3,0,16,HALLERMANN D
"",33.33%,41.67%,25.00%,0.00%,0.00%,,,,,,,,,
COURSE TOTAL:,4,5,3,0,0,12,3.083,1,0,0,3,0,16,
"",33.33%,41.67%,25.00%,0.00%,0.00%,,,,,,,,,
FINC-425-500,7,0,0,0,0,7,4.000,0,0,0,0,0,7,ADAMS B
"",100.00%,0.00%,0.00%,0.00%,0.00%,,,,,,,,,
COURSE TOTAL:,7,0,0,0,0,7,4.000,0,0,0,0,0,7,
"",100.00%,0.00%,0.00%,0.00%,0.00%,,,,,,,,,
FINC-427-501,10,0,0,0,0,10,4.000,0,0,0,0,0,10,HARRIS T
"",100.00%,0.00%,0.00%,0.00%,0.00%,,,,,,,,,
COURSE TOTAL:,10,0,0,0,0,10,4.000,0,0,0,0,0,10,
"",100.00%,0.00%,0.00%,0.00%,0.00%,,,,,,,,,
FINC-435-501,4,12,2,0,0,18,3.111,0,0,0,0,0,18,LIU X
"",22.22%,66.67%,11.11%,0.00%,0.00%,,,,,,,,,
COURSE TOTAL:,4,12,2,0,0,18,3.111,0,0,0,0,0,18,
"",22.22%,66.67%,11.11%,0.00%,0.00%,,,,,,,,,
FINC-437-500,5,0,0,0,0,5,4.000,0,0,0,0,0,5,LIU W
"",100.00%,0.00%,0.00%,0.00%,0.00%,,,,,,,,,
COURSE TOTAL:,5,0,0,0,0,5,4.000,0,0,0,0,0,5,
"",100.00%,0.00%,0.00%,0.00%,0.00%,,,,,,,,,
FINC-441-500,10,8,5,0,1,24,3.083,0,0,0,3,0,27,HERCOT P
"",41.67%,33.33%,20.83%,0.00%,4.17%,,,,,,,,,
FINC-441-501,15,16,3,0,0,34,3.352,0,0,0,0,0,34,HERCOT P
"",44.12%,47.06%,8.82%,0.00%,0.00%,,,,,,,,,
COURSE TOTAL:,25,24,8,0,1,58,3.241,0,0,0,3,0,61,
"",43.10%,41.38%,13.79%,0.00%,1.72%,,,,,,,,,
FINC-443-502,0,1,4,2,1,8,1.625,0,0,0,2,0,10,JOHNSON S
"",0.00%,12.50%,50.00%,25.00%,12.50%,,,,,,,,,
FINC-443-503,3,12,8,1,1,25,2.600,0,0,0,3,0,28,JOHNSON S
"",12.00%,48.00%,32.00%,4.00%,4.00%,,,,,,,,,
COURSE TOTAL:,3,13,12,3,2,33,2.363,0,0,0,5,0,38,
"",9.09%,39.39%,36.36%,9.09%,6.06%,,,,,,,,,
FINC-445-501,5,0,4,0,0,9,3.111,0,0,0,2,0,11,MAHAJAN A
"",55.56%,0.00%,44.44%,0.00%,0.00%,,,,,,,,,
FINC-445-502,11,8,7,0,0,26,3.153,0,0,0,5,0,31,MAHAJAN A
"",42.31%,30.77%,26.92%,0.00%,0.00%,,,,,,,,,
FINC-445-503,5,4,2,0,0,11,3.272,0,0,0,2,0,13,MAHAJAN A
"",45.45%,36.36%,18.18%,0.00%,0.00%,,,,,,,,,
COURSE TOTAL:,21,12,13,0,0,46,3.173,0,0,0,9,0,55,
"",45.65%,26.09%,28.26%,0.00%,0.00%,,,,,,,,,
FINC-446-501,17,7,0,0,0,24,3.708,0,0,0,0,0,24,WILSON C
"",70.83%,29.17%,0.00%,0.00%,0.00%,,,,,,,,,
COURSE TOTAL:,17,7,0,0,0,24,3.708,0,0,0,0,0,24,
"",70.83%,29.17%,0.00%,0.00%,0.00%,,,,,,,,,
FINC-447-500,1,2,2,0,0,5,2.800,0,0,0,0,0,5,TSE S
"",20.00%,40.00%,40.00%,0.00%,0.00%,,,,,,,,,
COURSE TOTAL:,1,2,2,0,0,5,2.800,0,0,0,0,0,5,
"",20.00%,40.00%,40.00%,0.00%,0.00%,,,,,,,,,
FINC-448-551,13,0,0,0,0,13,4.000,0,0,0,0,0,13,ADAMS B
"",100.00%,0.00%,0.00%,0.00%,0.00%,,,,,,,,,
COURSE TOTAL:,13,0,0,0,0,13,4.000,0,0,0,0,0,13,
"",100.00%,0.00%,0.00%,0.00%,0.00%,,,,,,,,,
FINC-449-501,6,3,1,0,1,11,3.181,0,0,0,2,0,13,HERCOT P
"",54.55%,27.27%,9.09%,0.00%,9.09%,,,,,,,,,
FINC-449-502,14,18,0,0,0,32,3.437,0,0,0,0,0,32,BANKS B
"",43.75%,56.25%,0.00%,0.00%,0.00%,,,,,,,,,
FINC-449-503,12,17,2,0,0,31,3.322,0,0,0,0,0,31,BANKS B
"",38.71%,54.84%,6.45%,0.00%,0.00%,,,,,,,,,
COURSE TOTAL:,32,38,3,0,1,74,3.351,0,0,0,2,0,76,
"",43.24%,51.35%,4.05%,0.00%,1.35%,,,,,,,,,
FINC-463-501,8,2,0,0,0,10,3.800,0,0,0,1,0,11,GAREY W
"",80.00%,20.00%,0.00%,0.00%,0.00%,,,,,,,,,
COURSE TOTAL:,8,2,0,0,0,10,3.800,0,0,0,1,0,11,
"",80.00%,20.00%,0.00%,0.00%,0.00%,,,,,,,,,
FINC-472-501,9,25,8,0,0,42,3.023,0,0,0,2,0,44,BANKS B
"",21.43%,59.52%,19.05%,0.00%,0.00%,,,,,,,,,
COURSE TOTAL:,9,25,8,0,0,42,3.023,0,0,0,2,0,44,
"",21.43%,59.52%,19.05%,0.00%,0.00%,,,,,,,,,
FINC-485-503,38,0,0,0,1,39,0.000,0,0,0,0,0,39,HALLERMANN D
"",97.44%,0.00%,0.00%,0.00%,2.56%,,,,,,,,,
FINC-485-509,19,0,0,0,0,19,4.000,0,0,0,0,0,19,LOOMIS E
"",100.00%,0.00%,0.00%,0.00%,0.00%,,,,,,,,,
COURSE TOTAL:,57,0,0,0,1,58,4.000,0,0,0,0,0,58,
"",98.28%,0.00%,0.00%,0.00%,1.72%,,,,,,,,,
FINC-601-601,64,15,0,0,0,79,3.810,0,0,0,0,0,79,MCCLURE D
"",81.01%,18.99%,0.00%,0.00%,0.00%,,,,,,,,,
FINC-601-605,5,0,0,0,0,5,4.000,47,0,0,1,0,53,MCCLURE D
"",100.00%,0.00%,0.00%,0.00%,0.00%,,,,,,,,,
COURSE TOTAL:,69,15,0,0,0,84,3.814,47,0,0,1,0,132,
"",82.14%,17.86%,0.00%,0.00%,0.00%,,,,,,,,,
FINC-603-601,21,23,9,2,0,55,3.145,0,0,0,0,0,55,DYE R
"",38.18%,41.82%,16.36%,3.64%,0.00%,,,,,,,,,
COURSE TOTAL:,21,23,9,2,0,55,3.145,0,0,0,0,0,55,
"",38.18%,41.82%,16.36%,3.64%,0.00%,,,,,,,,,
FINC-612-601,16,7,6,0,0,29,3.344,0,0,0,0,0,29,BOUWMAN C
"",55.17%,24.14%,20.69%,0.00%,0.00%,,,,,,,,,
FINC-612-602,12,10,5,0,1,28,3.142,0,0,0,0,0,28,BOUWMAN C
"",42.86%,35.71%,17.86%,0.00%,3.57%,,,,,,,,,
FINC-612-652,12,9,1,0,0,22,3.500,1,0,0,0,0,23,JOHNSON S
"",54.55%,40.91%,4.55%,0.00%,0.00%,,,,,,,,,
COURSE TOTAL:,40,26,12,0,1,79,3.297,1,0,0,0,0,80,
"",50.63%,32.91%,15.19%,0.00%,1.27%,,,,,,,,,
FINC-629-601,16,9,1,0,0,26,3.576,0,0,0,1,0,27,WHITE E
"",61.54%,34.62%,3.85%,0.00%,0.00%,,,,,,,,,
FINC-629-602,30,25,2,0,1,58,3.431,0,0,0,1,0,59,WHITE E
"",51.72%,43.10%,3.45%,0.00%,1.72%,,,,,,,,,
FINC-629-603,33,28,0,0,0,61,3.540,0,0,0,1,0,62,WHITE E
"",54.10%,45.90%,0.00%,0.00%,0.00%,,,,,,,,,
COURSE TOTAL:,79,62,3,0,1,145,3.503,0,0,0,3,0,148,
"",54.48%,42.76%,2.07%,0.00%,0.69%,,,,,,,,,
FINC-630-601,31,14,2,0,0,47,3.617,0,0,0,0,0,47,LIU X
"",65.96%,29.79%,4.26%,0.00%,0.00%,,,,,,,,,
FINC-630-602,31,17,0,0,0,48,3.645,0,0,0,0,0,48,LIU X
"",64.58%,35.42%,0.00%,0.00%,0.00%,,,,,,,,,
COURSE TOTAL:,62,31,2,0,0,95,3.631,0,0,0,0,0,95,
"",65.26%,32.63%,2.11%,0.00%,0.00%,,,,,,,,,
FINC-632-601,9,17,6,0,0,32,3.093,0,0,0,1,0,33,DYE R
"",28.13%,53.13%,18.75%,0.00%,0.00%,,,,,,,,,
COURSE TOTAL:,9,17,6,0,0,32,3.093,0,0,0,1,0,33,
"",28.13%,53.13%,18.75%,0.00%,0.00%,,,,,,,,,
FINC-633-601,11,11,4,0,0,26,3.269,0,0,0,0,0,26,GAREY W
"",42.31%,42.31%,15.38%,0.00%,0.00%,,,,,,,,,
COURSE TOTAL:,11,11,4,0,0,26,3.269,0,0,0,0,0,26,
"",42.31%,42.31%,15.38%,0.00%,0.00%,,,,,,,,,
FINC-635-601,9,8,1,0,0,18,3.444,0,0,0,0,0,18,MOORE K
"",50.00%,44.44%,5.56%,0.00%,0.00%,,,,,,,,,
COURSE TOTAL:,9,8,1,0,0,18,3.444,0,0,0,0,0,18,
"",50.00%,44.44%,5.56%,0.00%,0.00%,,,,,,,,,
FINC-641-601,3,6,4,0,0,13,2.923,0,0,0,1,0,14,JOHNSON S
"",23.08%,46.15%,30.77%,0.00%,0.00%,,,,,,,,,
FINC-641-602,6,7,0,0,0,13,3.461,0,0,0,0,0,13,JOHNSON S
"",46.15%,53.85%,0.00%,0.00%,0.00%,,,,,,,,,
FINC-641-603,3,2,3,0,0,8,3.000,0,0,0,1,0,9,JOHNSON S
"",37.50%,25.00%,37.50%,0.00%,0.00%,,,,,,,,,
COURSE TOTAL:,12,15,7,0,0,34,3.147,0,0,0,2,0,36,
"",35.29%,44.12%,20.59%,0.00%,0.00%,,,,,,,,,
FINC-642-602,2,3,3,0,0,8,2.875,0,0,0,0,0,8,FIELDHOUSE A
"",25.00%,37.50%,37.50%,0.00%,0.00%,,,,,,,,,
FINC-642-603,3,4,1,0,0,8,3.250,0,0,0,0,0,8,FIELDHOUSE A
"",37.50%,50.00%,12.50%,0.00%,0.00%,,,,,,,,,
FINC-642-620,6,0,0,0,0,6,4.000,0,0,0,0,0,6,KOLARI J
"",100.00%,0.00%,0.00%,0.00%,0.00%,,,,,,,,,
COURSE TOTAL:,11,7,4,0,0,22,3.318,0,0,0,0,0,22,
"",50.00%,31.82%,18.18%,0.00%,0.00%,,,,,,,,,
FINC-645-601,32,10,0,0,0,42,3.761,0,0,0,1,0,43,LIU W
"",76.19%,23.81%,0.00%,0.00%,0.00%,,,,,,,,,
FINC-645-602,37,18,0,0,0,55,3.672,0,0,0,0,0,55,LIU W
"",67.27%,32.73%,0.00%,0.00%,0.00%,,,,,,,,,
COURSE TOTAL:,69,28,0,0,0,97,3.711,0,0,0,1,0,98,
"",71.13%,28.87%,0.00%,0.00%,0.00%,,,,,,,,,
FINC-646-601,14,2,0,0,0,16,3.875,0,0,0,0,0,16,WILSON C
"",87.50%,12.50%,0.00%,0.00%,0.00%,,,,,,,,,
FINC-646-602,8,0,0,0,0,8,4.000,0,0,0,0,0,8,WILSON C
"",100.00%,0.00%,0.00%,0.00%,0.00%,,,,,,,,,
COURSE TOTAL:,22,2,0,0,0,24,3.916,0,0,0,0,0,24,
"",91.67%,8.33%,0.00%,0.00%,0.00%,,,,,,,,,
FINC-649-601,19,4,0,0,0,23,3.826,0,0,0,0,0,23,BANKS B
"",82.61%,17.39%,0.00%,0.00%,0.00%,,,,,,,,,
COURSE TOTAL:,19,4,0,0,0,23,3.826,0,0,0,0,0,23,
"",82.61%,17.39%,0.00%,0.00%,0.00%,,,,,,,,,
FINC-651-661,21,14,1,0,0,36,3.555,0,0,0,0,0,36,JOHNSON S
"",58.33%,38.89%,2.78%,0.00%,0.00%,,,,,,,,,
COURSE TOTAL:,21,14,1,0,0,36,3.555,0,0,0,0,0,36,
"",58.33%,38.89%,2.78%,0.00%,0.00%,,,,,,,,,
FINC-661-601,15,15,0,0,0,30,3.500,0,0,0,0,0,30,HALLERMANN D
"",50.00%,50.00%,0.00%,0.00%,0.00%,,,,,,,,,
COURSE TOTAL:,15,15,0,0,0,30,3.500,0,0,0,0,0,30,
"",50.00%,50.00%,0.00%,0.00%,0.00%,,,,,,,,,
FINC-665-601,15,8,1,0,0,24,3.583,0,0,0,0,0,24,CHEN Y
"",62.50%,33.33%,4.17%,0.00%,0.00%,,,,,,,,,
FINC-665-602,3,3,0,0,0,6,3.500,0,0,0,0,0,6,CHEN Y
"",50.00%,50.00%,0.00%,0.00%,0.00%,,,,,,,,,
COURSE TOTAL:,18,11,1,0,0,30,3.566,0,0,0,0,0,30,
"",60.00%,36.67%,3.33%,0.00%,0.00%,,,,,,,,,
FINC-668-601,11,1,0,0,0,12,3.916,0,0,0,0,0,12,TEBEAUX W
"",91.67%,8.33%,0.00%,0.00%,0.00%,,,,,,,,,
COURSE TOTAL:,11,1,0,0,0,12,3.916,0,0,0,0,0,12,
"",91.67%,8.33%,0.00%,0.00%,0.00%,,,,,,,,,
FINC-669-601,14,0,0,0,0,14,4.000,0,0,0,0,0,14,HARRIS T
"",100.00%,0.00%,0.00%,0.00%,0.00%,,,,,,,,,
COURSE TOTAL:,14,0,0,0,0,14,4.000,0,0,0,0,0,14,
"",100.00%,0.00%,0.00%,0.00%,0.00%,,,,,,,,,
FINC-670-601,16,14,6,1,0,37,3.216,0,0,0,0,0,37,PETERSON J
"",43.24%,37.84%,16.22%,2.70%,0.00%,,,,,,,,,
COURSE TOTAL:,16,14,6,1,0,37,3.216,0,0,0,0,0,37,
"",43.24%,37.84%,16.22%,2.70%,0.00%,,,,,,,,,
FINC-671-601,43,1,0,0,0,44,3.977,0,0,0,0,0,44,AMOS N
"",97.73%,2.27%,0.00%,0.00%,0.00%,,,,,,,,,
COURSE TOTAL:,43,1,0,0,0,44,3.977,0,0,0,0,0,44,
"",97.73%,2.27%,0.00%,0.00%,0.00%,,,,,,,,,
FINC-672-601,19,14,0,0,0,33,3.575,0,0,0,0,0,33,AMOS N
"",57.58%,42.42%,0.00%,0.00%,0.00%,,,,,,,,,
COURSE TOTAL:,19,14,0,0,0,33,3.575,0,0,0,0,0,33,
"",57.58%,42.42%,0.00%,0.00%,0.00%,,,,,,,,,
FINC-676-601,28,2,0,0,0,30,3.933,0,0,0,0,0,30,HOLMES N
"",93.33%,6.67%,0.00%,0.00%,0.00%,,,,,,,,,
COURSE TOTAL:,28,2,0,0,0,30,3.933,0,0,0,0,0,30,
"",93.33%,6.67%,0.00%,0.00%,0.00%,,,,,,,,,
FINC-677-601,41,0,0,0,0,41,4.000,0,0,0,0,0,41,BANKS B
"",100.00%,0.00%,0.00%,0.00%,0.00%,,,,,,,,,
COURSE TOTAL:,41,0,0,0,0,41,4.000,0,0,0,0,0,41,
"",100.00%,0.00%,0.00%,0.00%,0.00%,,,,,,,,,
FINC-685-603,16,3,0,0,0,19,3.842,0,0,0,0,0,19,NEWCOMB D
"",84.21%,15.79%,0.00%,0.00%,0.00%,,,,,,,,,
FINC-685-604,28,0,0,0,0,28,0.000,0,0,0,0,0,28,AMOS N
"",100.00%,0.00%,0.00%,0.00%,0.00%,,,,,,,,,
FINC-685-605,17,0,0,0,0,17,0.000,0,0,0,0,0,17,AMOS N
"",100.00%,0.00%,0.00%,0.00%,0.00%,,,,,,,,,
FINC-685-606,23,0,0,0,0,23,0.000,0,0,0,0,0,23,AMOS N
"",100.00%,0.00%,0.00%,0.00%,0.00%,,,,,,,,,
FINC-685-607,12,0,0,0,0,12,0.000,0,0,0,0,0,12,HALLERMANN D
"",100.00%,0.00%,0.00%,0.00%,0.00%,,,,,,,,,
FINC-685-609,5,0,0,0,0,5,4.000,0,0,0,0,0,5,LOOMIS E
"",100.00%,0.00%,0.00%,0.00%,0.00%,,,,,,,,,
FINC-685-611,14,10,1,0,0,25,3.520,0,0,0,0,0,25,AMOS N
"",56.00%,40.00%,4.00%,0.00%,0.00%,,,,,,,,,
COURSE TOTAL:,115,13,1,0,0,129,3.783,0,0,0,0,0,129,
"",89.15%,10.08%,0.78%,0.00%,0.00%,,,,,,,,,
FINC-689-600,22,1,0,0,0,23,3.956,0,0,0,0,0,23,KELLY R
"",95.65%,4.35%,0.00%,0.00%,0.00%,,,,,,,,,
FINC-689-601,8,0,0,0,0,8,4.000,0,0,0,0,0,8,HALLERMANN D
"",100.00%,0.00%,0.00%,0.00%,0.00%,,,,,,,,,
FINC-689-602,27,13,1,0,0,41,3.634,0,0,0,0,0,41,RAMSEUR S
"",65.85%,31.71%,2.44%,0.00%,0.00%,,,,,,,,,
COURSE TOTAL:,57,14,1,0,0,72,3.777,0,0,0,0,0,72,
"",79.17%,19.44%,1.39%,0.00%,0.00%,,,,,,,,,
FINC-705-600,27,28,5,0,0,60,3.366,1,0,0,0,0,61,ERTURK B
"",45.00%,46.67%,8.33%,0.00%,0.00%,,,,,,,,,
COURSE TOTAL:,27,28,5,0,0,60,3.366,1,0,0,0,0,61,
"",45.00%,46.67%,8.33%,0.00%,0.00%,,,,,,,,,
DEPARTMENT TOTAL:,2095,1342,541,80,27,4085,3.240,55,0,0,209,11,4360
"",51.29%,32.85%,13.24%,1.96%,0.66%,,,,,,,,
ISTM-209-599,539,281,99,27,11,957,3.368,1,0,0,25,0,983,CURTSINGER W
"",56.32%,29.36%,10.34%,2.82%,1.15%,,,,,,,,,
COURSE TOTAL:,539,281,99,27,11,957,3.368,1,0,0,25,0,983,
"",56.32%,29.36%,10.34%,2.82%,1.15%,,,,,,,,,
ISTM-210-200,36,0,0,0,0,36,4.000,0,0,0,0,0,36,SCIALDONE M
"",100.00%,0.00%,0.00%,0.00%,0.00%,,,,,,,,,
ISTM-210-501,85,127,22,13,3,250,3.112,0,0,0,17,0,267,PHINNEY T
"",34.00%,50.80%,8.80%,5.20%,1.20%,,,,,,,,,
ISTM-210-502,62,135,25,17,5,244,2.950,0,0,0,15,0,259,PHINNEY T
"",25.41%,55.33%,10.25%,6.97%,2.05%,,,,,,,,,
ISTM-210-503,22,30,10,2,2,66,3.030,0,0,0,4,0,70,CURTSINGER W
"",33.33%,45.45%,15.15%,3.03%,3.03%,,,,,,,,,
ISTM-210-505,14,6,2,3,0,25,3.240,0,0,0,1,0,26,BEATTY R
"",56.00%,24.00%,8.00%,12.00%,0.00%,,,,,,,,,
ISTM-210-506,16,12,0,0,0,28,3.571,0,0,0,0,0,28,BEATTY R
"",57.14%,42.86%,0.00%,0.00%,0.00%,,,,,,,,,
COURSE TOTAL:,235,310,59,35,10,649,3.117,0,0,0,37,0,686,
"",36.21%,47.77%,9.09%,5.39%,1.54%,,,,,,,,,
ISTM-250-501,7,14,12,0,2,35,2.685,0,0,0,5,0,40,BOONE T
"",20.00%,40.00%,34.29%,0.00%,5.71%,,,,,,,,,
ISTM-250-502,9,13,9,0,1,32,2.906,0,0,0,7,0,39,BOONE T
"",28.13%,40.63%,28.13%,0.00%,3.13%,,,,,,,,,
ISTM-250-503,11,5,0,5,0,21,3.047,0,0,0,20,0,41,PHINNEY T
"",52.38%,23.81%,0.00%,23.81%,0.00%,,,,,,,,,
COURSE TOTAL:,27,32,21,5,3,88,2.852,0,0,0,32,0,120,
"",30.68%,36.36%,23.86%,5.68%,3.41%,,,,,,,,,
ISTM-310-501,35,4,0,1,0,40,3.825,0,0,0,1,0,41,GOMILLION D
"",87.50%,10.00%,0.00%,2.50%,0.00%,,,,,,,,,
ISTM-310-502,32,7,0,0,0,39,3.820,0,0,0,0,0,39,BOONE T
"",82.05%,17.95%,0.00%,0.00%,0.00%,,,,,,,,,
COURSE TOTAL:,67,11,0,1,0,79,3.822,0,0,0,1,0,80,
"",84.81%,13.92%,0.00%,1.27%,0.00%,,,,,,,,,
ISTM-315-501,14,15,3,4,0,36,3.083,0,0,0,1,0,37,BECKER A
"",38.89%,41.67%,8.33%,11.11%,0.00%,,,,,,,,,
ISTM-315-502,21,15,2,0,1,39,3.410,0,0,0,1,0,40,BECKER A
"",53.85%,38.46%,5.13%,0.00%,2.56%,,,,,,,,,
COURSE TOTAL:,35,30,5,4,1,75,3.253,0,0,0,2,0,77,
"",46.67%,40.00%,6.67%,5.33%,1.33%,,,,,,,,,
ISTM-320-501,32,6,2,0,0,40,3.750,0,0,0,0,0,40,SCIALDONE M
"",80.00%,15.00%,5.00%,0.00%,0.00%,,,,,,,,,
ISTM-320-502,24,7,0,0,0,31,3.774,0,0,0,0,0,31,LEE D
"",77.42%,22.58%,0.00%,0.00%,0.00%,,,,,,,,,
COURSE TOTAL:,56,13,2,0,0,71,3.760,0,0,0,0,0,71,
"",78.87%,18.31%,2.82%,0.00%,0.00%,,,,,,,,,
ISTM-380-501,17,1,2,0,0,20,3.750,0,0,0,0,0,20,SCIALDONE M
"",85.00%,5.00%,10.00%,0.00%,0.00%,,,,,,,,,
COURSE TOTAL:,17,1,2,0,0,20,3.750,0,0,0,0,0,20,
"",85.00%,5.00%,10.00%,0.00%,0.00%,,,,,,,,,
ISTM-410-901,18,9,0,0,0,27,3.666,0,0,0,0,0,27,AASI P
"",66.67%,33.33%,0.00%,0.00%,0.00%,,,,,,,,,
ISTM-410-902,10,16,0,0,0,26,3.384,0,0,0,0,0,26,AASI P
"",38.46%,61.54%,0.00%,0.00%,0.00%,,,,,,,,,
ISTM-410-903,9,11,2,0,0,22,3.318,0,0,0,0,0,22,AASI P
"",40.91%,50.00%,9.09%,0.00%,0.00%,,,,,,,,,
COURSE TOTAL:,37,36,2,0,0,75,3.466,0,0,0,0,0,75,
"",49.33%,48.00%,2.67%,0.00%,0.00%,,,,,,,,,
ISTM-415-501,21,3,0,0,0,24,3.875,0,0,0,0,0,24,JASPERSON J
"",87.50%,12.50%,0.00%,0.00%,0.00%,,,,,,,,,
ISTM-415-502,16,8,1,0,0,25,3.600,0,0,0,0,0,25,JASPERSON J
"",64.00%,32.00%,4.00%,0.00%,0.00%,,,,,,,,,
COURSE TOTAL:,37,11,1,0,0,49,3.734,0,0,0,0,0,49,
"",75.51%,22.45%,2.04%,0.00%,0.00%,,,,,,,,,
ISTM-450-500,12,8,0,0,0,20,3.600,0,0,0,0,0,20,ZHANG B
"",60.00%,40.00%,0.00%,0.00%,0.00%,,,,,,,,,
COURSE TOTAL:,12,8,0,0,0,20,3.600,0,0,0,0,0,20,
"",60.00%,40.00%,0.00%,0.00%,0.00%,,,,,,,,,
ISTM-489-501,20,1,0,0,0,21,3.952,0,0,0,0,0,21,HINDS K
"",95.24%,4.76%,0.00%,0.00%,0.00%,,,,,,,,,
COURSE TOTAL:,20,1,0,0,0,21,3.952,0,0,0,0,0,21,
"",95.24%,4.76%,0.00%,0.00%,0.00%,,,,,,,,,
ISTM-601-601,13,11,10,0,0,34,3.088,0,0,0,4,0,38,PHINNEY T
"",38.24%,32.35%,29.41%,0.00%,0.00%,,,,,,,,,
COURSE TOTAL:,13,11,10,0,0,34,3.088,0,0,0,4,0,38,
"",38.24%,32.35%,29.41%,0.00%,0.00%,,,,,,,,,
ISTM-610-601,31,1,0,0,0,32,3.968,0,0,0,0,0,32,BOONE T
"",96.88%,3.13%,0.00%,0.00%,0.00%,,,,,,,,,
COURSE TOTAL:,31,1,0,0,0,32,3.968,0,0,0,0,0,32,
"",96.88%,3.13%,0.00%,0.00%,0.00%,,,,,,,,,
ISTM-615-601,36,8,1,0,0,45,3.777,0,0,0,0,0,45,BECKER A
"",80.00%,17.78%,2.22%,0.00%,0.00%,,,,,,,,,
COURSE TOTAL:,36,8,1,0,0,45,3.777,0,0,0,0,0,45,
"",80.00%,17.78%,2.22%,0.00%,0.00%,,,,,,,,,
ISTM-622-601,29,6,0,0,0,35,3.828,0,0,0,0,0,35,GOMILLION D
"",82.86%,17.14%,0.00%,0.00%,0.00%,,,,,,,,,
ISTM-622-602,26,4,3,0,0,33,3.485,0,0,0,0,0,33,GOMILLION D
"",78.79%,12.12%,9.09%,0.00%,0.00%,,,,,,,,,
ISTM-622-700,9,11,1,0,0,21,3.380,0,0,0,0,0,21,GOMILLION D
"",42.86%,52.38%,4.76%,0.00%,0.00%,,,,,,,,,
COURSE TOTAL:,64,21,4,0,0,89,3.593,0,0,0,0,0,89,
"",71.91%,23.60%,4.49%,0.00%,0.00%,,,,,,,,,
ISTM-624-601,25,8,1,0,0,34,3.705,0,0,0,0,0,34,GEORGE J
"",73.53%,23.53%,2.94%,0.00%,0.00%,,,,,,,,,
ISTM-624-602,31,5,0,0,0,36,3.861,0,0,0,0,0,36,GEORGE J
"",86.11%,13.89%,0.00%,0.00%,0.00%,,,,,,,,,
COURSE TOTAL:,56,13,1,0,0,70,3.785,0,0,0,0,0,70,
"",80.00%,18.57%,1.43%,0.00%,0.00%,,,,,,,,,
ISTM-630-601,12,16,0,1,0,29,3.344,0,0,0,0,0,29,WHITTEN G
"",41.38%,55.17%,0.00%,3.45%,0.00%,,,,,,,,,
ISTM-630-602,9,16,2,0,0,27,3.259,0,0,0,0,0,27,WHITTEN G
"",33.33%,59.26%,7.41%,0.00%,0.00%,,,,,,,,,
ISTM-630-604,31,13,0,0,0,44,3.704,0,0,0,0,0,44,WHITTEN G
"",70.45%,29.55%,0.00%,0.00%,0.00%,,,,,,,,,
COURSE TOTAL:,52,45,2,1,0,100,3.480,0,0,0,0,0,100,
"",52.00%,45.00%,2.00%,1.00%,0.00%,,,,,,,,,
ISTM-631-700,20,0,0,0,0,20,4.000,0,0,0,0,0,20,SCIALDONE M
"",100.00%,0.00%,0.00%,0.00%,0.00%,,,,,,,,,
COURSE TOTAL:,20,0,0,0,0,20,4.000,0,0,0,0,0,20,
"",100.00%,0.00%,0.00%,0.00%,0.00%,,,,,,,,,
ISTM-637-601,29,3,0,0,0,32,3.906,0,0,0,0,0,32,SEN A
"",90.63%,9.38%,0.00%,0.00%,0.00%,,,,,,,,,
ISTM-637-602,32,4,0,0,0,36,3.888,0,0,0,0,0,36,SEN A
"",88.89%,11.11%,0.00%,0.00%,0.00%,,,,,,,,,
ISTM-637-603,32,2,0,0,0,34,3.941,0,0,0,0,0,34,SEN A
"",94.12%,5.88%,0.00%,0.00%,0.00%,,,,,,,,,
COURSE TOTAL:,93,9,0,0,0,102,3.911,0,0,0,0,0,102,
"",91.18%,8.82%,0.00%,0.00%,0.00%,,,,,,,,,
ISTM-645-602,27,2,0,0,0,29,3.931,0,0,0,0,0,29,WHITTEN G
"",93.10%,6.90%,0.00%,0.00%,0.00%,,,,,,,,,
COURSE TOTAL:,27,2,0,0,0,29,3.931,0,0,0,0,0,29,
"",93.10%,6.90%,0.00%,0.00%,0.00%,,,,,,,,,
ISTM-660-600,8,0,0,0,0,8,4.000,0,0,0,0,0,8,ABBEY J
"",100.00%,0.00%,0.00%,0.00%,0.00%,,,,,,,,,
COURSE TOTAL:,8,0,0,0,0,8,4.000,0,0,0,0,0,8,
"",100.00%,0.00%,0.00%,0.00%,0.00%,,,,,,,,,
ISTM-680-601,17,3,1,1,0,22,3.636,0,0,0,0,0,22,SCIALDONE M
"",77.27%,13.64%,4.55%,4.55%,0.00%,,,,,,,,,
ISTM-680-700,20,0,0,0,0,20,4.000,0,0,0,0,0,20,SCIALDONE M
"",100.00%,0.00%,0.00%,0.00%,0.00%,,,,,,,,,
COURSE TOTAL:,37,3,1,1,0,42,3.809,0,0,0,0,0,42,
"",88.10%,7.14%,2.38%,2.38%,0.00%,,,,,,,,,
ISTM-682-700,18,3,0,0,0,21,3.857,0,0,0,0,0,21,MUKHERJEE R
"",85.71%,14.29%,0.00%,0.00%,0.00%,,,,,,,,,
COURSE TOTAL:,18,3,0,0,0,21,3.857,0,0,0,0,0,21,
"",85.71%,14.29%,0.00%,0.00%,0.00%,,,,,,,,,
ISTM-685-601,8,1,0,0,0,9,3.888,0,0,0,0,0,9,STECH J
"",88.89%,11.11%,0.00%,0.00%,0.00%,,,,,,,,,
COURSE TOTAL:,8,1,0,0,0,9,3.888,0,0,0,0,0,9,
"",88.89%,11.11%,0.00%,0.00%,0.00%,,,,,,,,,
ISTM-689-601,5,1,0,0,0,6,3.833,0,0,0,0,0,6,GEORGE J
"",83.33%,16.67%,0.00%,0.00%,0.00%,,,,,,,,,
COURSE TOTAL:,5,1,0,0,0,6,3.833,0,0,0,0,0,6,
"",83.33%,16.67%,0.00%,0.00%,0.00%,,,,,,,,,
SCMT-300-901,25,4,0,0,0,29,3.862,0,0,0,0,0,29,JOHNSON R
"",86.21%,13.79%,0.00%,0.00%,0.00%,,,,,,,,,
SCMT-300-902,18,8,0,0,1,27,3.555,0,0,0,0,0,27,JOHNSON R
"",66.67%,29.63%,0.00%,0.00%,3.70%,,,,,,,,,
COURSE TOTAL:,43,12,0,0,1,56,3.714,0,0,0,0,0,56,
"",76.79%,21.43%,0.00%,0.00%,1.79%,,,,,,,,,
SCMT-305-501,3,1,1,0,0,5,3.400,0,0,0,2,0,7,ARREOLA-RISA A
"",60.00%,20.00%,20.00%,0.00%,0.00%,,,,,,,,,
COURSE TOTAL:,3,1,1,0,0,5,3.400,0,0,0,2,0,7,
"",60.00%,20.00%,20.00%,0.00%,0.00%,,,,,,,,,
SCMT-309-501,11,20,16,5,0,52,2.711,0,0,0,1,0,53,PAPPU M
"",21.15%,38.46%,30.77%,9.62%,0.00%,,,,,,,,,
COURSE TOTAL:,11,20,16,5,0,52,2.711,0,0,0,1,0,53,
"",21.15%,38.46%,30.77%,9.62%,0.00%,,,,,,,,,
SCMT-334-501,12,10,3,0,0,25,3.360,0,0,0,0,0,25,KOUFTEROS X
"",48.00%,40.00%,12.00%,0.00%,0.00%,,,,,,,,,
SCMT-334-502,11,11,1,0,0,23,3.434,0,0,0,1,0,24,KOUFTEROS X
"",47.83%,47.83%,4.35%,0.00%,0.00%,,,,,,,,,
SCMT-334-503,8,13,2,0,0,23,3.260,0,0,0,0,0,23,KOUFTEROS X
"",34.78%,56.52%,8.70%,0.00%,0.00%,,,,,,,,,
COURSE TOTAL:,31,34,6,0,0,71,3.352,0,0,0,1,0,72,
"",43.66%,47.89%,8.45%,0.00%,0.00%,,,,,,,,,
SCMT-335-501,16,0,0,0,0,16,4.000,0,0,0,0,0,16,BERBERIAN R
"",100.00%,0.00%,0.00%,0.00%,0.00%,,,,,,,,,
COURSE TOTAL:,16,0,0,0,0,16,4.000,0,0,0,0,0,16,
"",100.00%,0.00%,0.00%,0.00%,0.00%,,,,,,,,,
SCMT-336-501,7,6,4,1,0,18,3.055,0,0,0,1,0,19,GEISMAR H
"",38.89%,33.33%,22.22%,5.56%,0.00%,,,,,,,,,
SCMT-336-502,5,8,1,1,1,16,2.937,0,0,0,2,0,18,GEISMAR H
"",31.25%,50.00%,6.25%,6.25%,6.25%,,,,,,,,,
COURSE TOTAL:,12,14,5,2,1,34,3.000,0,0,0,3,0,37,
"",35.29%,41.18%,14.71%,5.88%,2.94%,,,,,,,,,
SCMT-340-501,22,14,2,0,0,38,3.526,0,0,0,0,0,38,PAPPU M
"",57.89%,36.84%,5.26%,0.00%,0.00%,,,,,,,,,
SCMT-340-502,14,6,7,2,0,29,3.103,0,0,0,0,0,29,PAPPU M
"",48.28%,20.69%,24.14%,6.90%,0.00%,,,,,,,,,
COURSE TOTAL:,36,20,9,2,0,67,3.343,0,0,0,0,0,67,
"",53.73%,29.85%,13.43%,2.99%,0.00%,,,,,,,,,
SCMT-345-501,6,8,5,2,0,21,2.857,0,0,0,0,0,21,ANGELUS A
"",28.57%,38.10%,23.81%,9.52%,0.00%,,,,,,,,,
SCMT-345-502,10,2,3,2,0,17,3.176,0,0,0,1,0,18,ANGELUS A
"",58.82%,11.76%,17.65%,11.76%,0.00%,,,,,,,,,
COURSE TOTAL:,16,10,8,4,0,38,3.000,0,0,0,1,0,39,
"",42.11%,26.32%,21.05%,10.53%,0.00%,,,,,,,,,
SCMT-361-501,17,7,6,0,0,30,3.366,0,0,0,0,0,30,ARREOLA-RISA A
"",56.67%,23.33%,20.00%,0.00%,0.00%,,,,,,,,,
SCMT-361-502,13,14,3,0,1,31,3.225,0,0,0,0,0,31,ARREOLA-RISA A
"",41.94%,45.16%,9.68%,0.00%,3.23%,,,,,,,,,
COURSE TOTAL:,30,21,9,0,1,61,3.295,0,0,0,0,0,61,
"",49.18%,34.43%,14.75%,0.00%,1.64%,,,,,,,,,
SCMT-364-200,17,3,0,0,0,20,3.850,0,0,0,0,0,20,BRANN J
"",85.00%,15.00%,0.00%,0.00%,0.00%,,,,,,,,,
SCMT-364-501,179,157,19,2,1,358,3.427,0,0,0,4,0,362,STAUFFER J
"",50.00%,43.85%,5.31%,0.56%,0.28%,,,,,,,,,
SCMT-364-502,163,151,23,7,0,344,3.366,0,0,0,1,0,345,STAUFFER J
"",47.38%,43.90%,6.69%,2.03%,0.00%,,,,,,,,,
SCMT-364-503,16,26,4,0,0,46,3.260,0,0,0,0,0,46,JOLA SANCHEZ A
"",34.78%,56.52%,8.70%,0.00%,0.00%,,,,,,,,,
SCMT-364-504,20,21,5,0,1,47,3.255,0,0,0,1,0,48,JOLA SANCHEZ A
"",42.55%,44.68%,10.64%,0.00%,2.13%,,,,,,,,,
SCMT-364-505,13,13,6,1,0,33,3.151,0,0,0,0,0,33,JOLA SANCHEZ A
"",39.39%,39.39%,18.18%,3.03%,0.00%,,,,,,,,,
SCMT-364-506,31,6,2,0,0,39,3.743,0,0,0,0,0,39,HEINRICH A
"",79.49%,15.38%,5.13%,0.00%,0.00%,,,,,,,,,
SCMT-364-507,28,7,2,0,0,37,3.702,0,0,0,0,0,37,BONNETT A
"",75.68%,18.92%,5.41%,0.00%,0.00%,,,,,,,,,
COURSE TOTAL:,467,384,61,10,2,924,3.411,0,0,0,6,0,930,
"",50.54%,41.56%,6.60%,1.08%,0.22%,,,,,,,,,
SCMT-375-599,27,1,1,0,0,29,3.896,0,0,0,2,0,31,WHITTEN G
"",93.10%,3.45%,3.45%,0.00%,0.00%,,,,,,,,,
COURSE TOTAL:,27,1,1,0,0,29,3.896,0,0,0,2,0,31,
"",93.10%,3.45%,3.45%,0.00%,0.00%,,,,,,,,,
SCMT-380-501,15,0,0,0,0,15,4.000,0,0,0,0,0,15,ARUMUGAM R
"",100.00%,0.00%,0.00%,0.00%,0.00%,,,,,,,,,
COURSE TOTAL:,15,0,0,0,0,15,4.000,0,0,0,0,0,15,
"",100.00%,0.00%,0.00%,0.00%,0.00%,,,,,,,,,
SCMT-390-501,15,11,1,0,0,27,3.518,0,0,0,0,0,27,STECH J
"",55.56%,40.74%,3.70%,0.00%,0.00%,,,,,,,,,
SCMT-390-502,10,4,0,0,0,14,3.714,0,0,0,0,0,14,STECH J
"",71.43%,28.57%,0.00%,0.00%,0.00%,,,,,,,,,
COURSE TOTAL:,25,15,1,0,0,41,3.585,0,0,0,0,0,41,
"",60.98%,36.59%,2.44%,0.00%,0.00%,,,,,,,,,
SCMT-465-501,15,5,0,0,0,20,3.750,0,0,0,0,0,20,HEIM G
"",75.00%,25.00%,0.00%,0.00%,0.00%,,,,,,,,,
SCMT-465-502,9,9,1,0,0,19,3.421,0,0,0,1,0,20,JAMIESON T
"",47.37%,47.37%,5.26%,0.00%,0.00%,,,,,,,,,
COURSE TOTAL:,24,14,1,0,0,39,3.589,0,0,0,1,0,40,
"",61.54%,35.90%,2.56%,0.00%,0.00%,,,,,,,,,
SCMT-468-501,10,3,2,1,0,16,3.375,0,0,0,1,0,17,BOONE T
"",62.50%,18.75%,12.50%,6.25%,0.00%,,,,,,,,,
COURSE TOTAL:,10,3,2,1,0,16,3.375,0,0,0,1,0,17,
"",62.50%,18.75%,12.50%,6.25%,0.00%,,,,,,,,,
SCMT-610-601,12,9,7,0,0,28,3.178,0,0,0,0,0,28,SHETTY B
"",42.86%,32.14%,25.00%,0.00%,0.00%,,,,,,,,,
SCMT-610-602,15,11,3,0,0,29,3.413,0,0,0,0,0,29,SHETTY B
"",51.72%,37.93%,10.34%,0.00%,0.00%,,,,,,,,,
SCMT-610-651,17,11,4,0,0,32,3.406,0,0,0,0,0,32,SHETTY B
"",53.13%,34.38%,12.50%,0.00%,0.00%,,,,,,,,,
SCMT-610-661,18,19,4,1,0,42,3.285,0,0,0,0,0,42,SHETTY B
"",42.86%,45.24%,9.52%,2.38%,0.00%,,,,,,,,,
SCMT-610-751,1,5,1,0,0,7,3.000,0,0,0,0,0,7,SHETTY B
"",14.29%,71.43%,14.29%,0.00%,0.00%,,,,,,,,,
COURSE TOTAL:,63,55,19,1,0,138,3.304,0,0,0,0,0,138,
"",45.65%,39.86%,13.77%,0.72%,0.00%,,,,,,,,,
SCMT-611-600,11,8,0,0,0,19,3.578,0,0,0,0,0,19,ARREOLA-RISA A
"",57.89%,42.11%,0.00%,0.00%,0.00%,,,,,,,,,
SCMT-611-700,36,0,0,0,0,36,4.000,0,0,0,0,0,36,HALE T
"",100.00%,0.00%,0.00%,0.00%,0.00%,,,,,,,,,
COURSE TOTAL:,47,8,0,0,0,55,3.854,0,0,0,0,0,55,
"",85.45%,14.55%,0.00%,0.00%,0.00%,,,,,,,,,
SCMT-614-601,6,17,4,0,0,27,3.074,0,0,0,0,0,27,OLIVA R
"",22.22%,62.96%,14.81%,0.00%,0.00%,,,,,,,,,
SCMT-614-602,7,13,1,1,0,22,3.181,1,0,0,0,0,23,OLIVA R
"",31.82%,59.09%,4.55%,4.55%,0.00%,,,,,,,,,
SCMT-614-651,30,2,0,0,0,32,3.937,0,0,0,0,0,32,KOUFTEROS X
"",93.75%,6.25%,0.00%,0.00%,0.00%,,,,,,,,,
SCMT-614-751,5,2,0,0,0,7,3.714,0,0,0,0,0,7,KOUFTEROS X
"",71.43%,28.57%,0.00%,0.00%,0.00%,,,,,,,,,
COURSE TOTAL:,48,34,5,1,0,88,3.391,1,0,0,0,0,89,
"",54.55%,38.64%,5.68%,1.14%,0.00%,,,,,,,,,
DEPARTMENT TOTAL:,2474,1498,354,100,30,4456,3.405,2,0,0,119,0,4577
"",55.52%,33.62%,7.94%,2.24%,0.67%,,,,,,,,
MGMT-209-598,188,219,39,6,2,454,3.288,0,0,0,18,0,472,RICCIARDELLO J
"",41.41%,48.24%,8.59%,1.32%,0.44%,,,,,,,,,
MGMT-209-599,234,201,24,7,8,474,3.362,1,0,0,5,0,480,RICCIARDELLO J
"",49.37%,42.41%,5.06%,1.48%,1.69%,,,,,,,,,
COURSE TOTAL:,422,420,63,13,10,928,3.326,1,0,0,23,0,952,
"",45.47%,45.26%,6.79%,1.40%,1.08%,,,,,,,,,
MGMT-309-598,130,185,135,28,8,486,2.825,0,0,0,17,0,503,WESNER B
"",26.75%,38.07%,27.78%,5.76%,1.65%,,,,,,,,,
MGMT-309-599,147,176,139,20,5,487,2.903,0,0,0,8,0,495,WESNER B
"",30.18%,36.14%,28.54%,4.11%,1.03%,,,,,,,,,
COURSE TOTAL:,277,361,274,48,13,973,2.864,0,0,0,25,0,998,
"",28.47%,37.10%,28.16%,4.93%,1.34%,,,,,,,,,
MGMT-311-201,17,10,1,1,0,29,3.482,0,0,0,0,0,29,HAILEY C
"",58.62%,34.48%,3.45%,3.45%,0.00%,,,,,,,,,
MGMT-311-202,25,3,0,0,0,28,3.892,0,0,0,1,0,29,HAILEY C
"",89.29%,10.71%,0.00%,0.00%,0.00%,,,,,,,,,
MGMT-311-501,129,168,67,15,0,379,3.084,1,0,0,19,0,399,BARNA A
"",34.04%,44.33%,17.68%,3.96%,0.00%,,,,,,,,,
MGMT-311-502,100,152,92,27,4,375,2.845,0,0,0,13,0,388,HAILEY C
"",26.67%,40.53%,24.53%,7.20%,1.07%,,,,,,,,,
COURSE TOTAL:,271,333,160,43,4,811,3.016,1,0,0,33,0,845,
"",33.42%,41.06%,19.73%,5.30%,0.49%,,,,,,,,,
MGMT-312-500,25,34,18,4,3,84,2.880,0,0,0,15,0,99,SCHWARTZ M
"",29.76%,40.48%,21.43%,4.76%,3.57%,,,,,,,,,
COURSE TOTAL:,25,34,18,4,3,84,2.880,0,0,0,15,0,99,
"",29.76%,40.48%,21.43%,4.76%,3.57%,,,,,,,,,
MGMT-363-201,23,5,1,0,0,29,3.758,0,0,0,1,0,30,ZHOU L
"",79.31%,17.24%,3.45%,0.00%,0.00%,,,,,,,,,
MGMT-363-202,27,3,0,0,0,30,3.900,0,0,0,0,0,30,ZHOU L
"",90.00%,10.00%,0.00%,0.00%,0.00%,,,,,,,,,
MGMT-363-501,3,15,10,0,1,29,2.655,0,0,0,0,0,29,FAULK L
"",10.34%,51.72%,34.48%,0.00%,3.45%,,,,,,,,,
MGMT-363-502,6,13,8,3,0,30,2.733,0,0,0,0,0,30,FAULK L
"",20.00%,43.33%,26.67%,10.00%,0.00%,,,,,,,,,
MGMT-363-503,8,14,7,1,0,30,2.966,0,0,0,0,0,30,FAULK L
"",26.67%,46.67%,23.33%,3.33%,0.00%,,,,,,,,,
MGMT-363-504,3,14,11,2,0,30,2.600,0,0,0,0,0,30,FAULK L
"",10.00%,46.67%,36.67%,6.67%,0.00%,,,,,,,,,
MGMT-363-505,8,14,8,0,0,30,3.000,0,0,0,0,0,30,FAULK L
"",26.67%,46.67%,26.67%,0.00%,0.00%,,,,,,,,,
MGMT-363-506,8,16,3,1,1,29,3.000,0,0,0,0,0,29,FAULK L
"",27.59%,55.17%,10.34%,3.45%,3.45%,,,,,,,,,
MGMT-363-507,7,13,10,0,0,30,2.900,0,0,0,0,0,30,FAULK L
"",23.33%,43.33%,33.33%,0.00%,0.00%,,,,,,,,,
MGMT-363-508,6,12,10,2,0,30,2.733,0,0,0,0,0,30,FAULK L
"",20.00%,40.00%,33.33%,6.67%,0.00%,,,,,,,,,
MGMT-363-509,6,16,5,2,0,29,2.896,0,0,0,0,0,29,FAULK L
"",20.69%,55.17%,17.24%,6.90%,0.00%,,,,,,,,,
MGMT-363-510,5,11,9,3,0,28,2.642,0,0,0,0,0,28,FAULK L
"",17.86%,39.29%,32.14%,10.71%,0.00%,,,,,,,,,
MGMT-363-511,7,9,6,4,2,28,2.535,0,0,0,2,0,30,FAULK L
"",25.00%,32.14%,21.43%,14.29%,7.14%,,,,,,,,,
MGMT-363-512,5,15,4,1,0,25,2.960,0,0,0,1,0,26,FAULK L
"",20.00%,60.00%,16.00%,4.00%,0.00%,,,,,,,,,
MGMT-363-513,4,10,10,4,0,28,2.500,0,0,0,0,0,28,FAULK L
"",14.29%,35.71%,35.71%,14.29%,0.00%,,,,,,,,,
MGMT-363-514,9,10,3,4,0,26,2.923,0,0,0,0,0,26,FAULK L
"",34.62%,38.46%,11.54%,15.38%,0.00%,,,,,,,,,
MGMT-363-515,9,12,8,0,0,29,3.034,0,0,0,0,0,29,FAULK L
"",31.03%,41.38%,27.59%,0.00%,0.00%,,,,,,,,,
MGMT-363-516,8,14,5,3,0,30,2.900,0,0,0,0,0,30,FAULK L
"",26.67%,46.67%,16.67%,10.00%,0.00%,,,,,,,,,
MGMT-363-517,11,13,4,0,0,28,3.250,0,0,0,1,0,29,FAULK L
"",39.29%,46.43%,14.29%,0.00%,0.00%,,,,,,,,,
MGMT-363-518,7,14,6,2,1,30,2.800,0,0,0,0,0,30,FAULK L
"",23.33%,46.67%,20.00%,6.67%,3.33%,,,,,,,,,
MGMT-363-519,10,12,6,1,0,29,3.068,0,0,0,1,0,30,FAULK L
"",34.48%,41.38%,20.69%,3.45%,0.00%,,,,,,,,,
MGMT-363-520,7,16,7,0,0,30,3.000,0,0,0,0,0,30,FAULK L
"",23.33%,53.33%,23.33%,0.00%,0.00%,,,,,,,,,
MGMT-363-521,4,21,3,0,0,28,3.035,0,0,0,2,0,30,FAULK L
"",14.29%,75.00%,10.71%,0.00%,0.00%,,,,,,,,,
MGMT-363-522,6,15,5,1,1,28,2.857,0,0,0,0,0,28,FAULK L
"",21.43%,53.57%,17.86%,3.57%,3.57%,,,,,,,,,
MGMT-363-523,8,14,4,3,0,29,2.931,0,0,0,0,0,29,FAULK L
"",27.59%,48.28%,13.79%,10.34%,0.00%,,,,,,,,,
MGMT-363-524,12,14,4,0,0,30,3.266,0,0,0,0,0,30,FAULK L
"",40.00%,46.67%,13.33%,0.00%,0.00%,,,,,,,,,
MGMT-363-525,7,12,7,2,0,28,2.857,0,0,0,1,0,29,FAULK L
"",25.00%,42.86%,25.00%,7.14%,0.00%,,,,,,,,,
MGMT-363-526,8,9,9,3,0,29,2.758,0,0,0,0,0,29,FAULK L
"",27.59%,31.03%,31.03%,10.34%,0.00%,,,,,,,,,
MGMT-363-527,7,15,4,3,0,29,2.896,0,0,0,0,0,29,FAULK L
"",24.14%,51.72%,13.79%,10.34%,0.00%,,,,,,,,,
MGMT-363-528,9,12,7,1,0,29,3.000,0,0,0,0,0,29,FAULK L
"",31.03%,41.38%,24.14%,3.45%,0.00%,,,,,,,,,
MGMT-363-529,11,9,6,4,0,30,2.900,0,0,0,0,0,30,FAULK L
"",36.67%,30.00%,20.00%,13.33%,0.00%,,,,,,,,,
COURSE TOTAL:,259,392,190,50,6,897,2.945,0,0,0,9,0,906,
"",28.87%,43.70%,21.18%,5.57%,0.67%,,,,,,,,,
MGMT-372-501,16,19,4,0,0,39,3.307,0,0,0,1,0,40,FAULK L
"",41.03%,48.72%,10.26%,0.00%,0.00%,,,,,,,,,
MGMT-372-502,18,15,3,2,0,38,3.289,0,0,0,1,0,39,FAULK L
"",47.37%,39.47%,7.89%,5.26%,0.00%,,,,,,,,,
COURSE TOTAL:,34,34,7,2,0,77,3.298,0,0,0,2,0,79,
"",44.16%,44.16%,9.09%,2.60%,0.00%,,,,,,,,,
MGMT-373-901,8,16,0,0,1,25,3.200,0,0,0,0,0,25,ESSMAN S
"",32.00%,64.00%,0.00%,0.00%,4.00%,,,,,,,,,
MGMT-373-902,13,10,1,0,1,25,3.360,0,0,0,0,0,25,ESSMAN S
"",52.00%,40.00%,4.00%,0.00%,4.00%,,,,,,,,,
MGMT-373-903,14,8,4,0,0,26,3.384,0,0,0,0,0,26,SONG Y
"",53.85%,30.77%,15.38%,0.00%,0.00%,,,,,,,,,
MGMT-373-904,15,11,0,0,0,26,3.576,0,0,0,0,0,26,SONG Y
"",57.69%,42.31%,0.00%,0.00%,0.00%,,,,,,,,,
MGMT-373-905,17,7,0,0,0,24,3.708,0,0,0,0,0,24,SONG Y
"",70.83%,29.17%,0.00%,0.00%,0.00%,,,,,,,,,
COURSE TOTAL:,67,52,5,0,2,126,3.444,0,0,0,0,0,126,
"",53.17%,41.27%,3.97%,0.00%,1.59%,,,,,,,,,
MGMT-376-501,12,5,0,0,0,17,3.705,0,0,0,0,0,17,BAO J
"",70.59%,29.41%,0.00%,0.00%,0.00%,,,,,,,,,
MGMT-376-502,14,3,0,0,0,17,3.823,0,0,0,0,0,17,BAO J
"",82.35%,17.65%,0.00%,0.00%,0.00%,,,,,,,,,
COURSE TOTAL:,26,8,0,0,0,34,3.764,0,0,0,0,0,34,
"",76.47%,23.53%,0.00%,0.00%,0.00%,,,,,,,,,
MGMT-421-502,23,10,2,1,0,36,3.527,0,0,0,0,0,36,WESNER K
"",63.89%,27.78%,5.56%,2.78%,0.00%,,,,,,,,,
MGMT-421-503,14,16,1,0,0,31,3.419,0,0,0,3,0,34,WESNER K
"",45.16%,51.61%,3.23%,0.00%,0.00%,,,,,,,,,
COURSE TOTAL:,37,26,3,1,0,67,3.477,0,0,0,3,0,70,
"",55.22%,38.81%,4.48%,1.49%,0.00%,,,,,,,,,
MGMT-422-501,20,23,1,0,0,44,3.431,1,0,0,1,0,46,MCFARLAND K
"",45.45%,52.27%,2.27%,0.00%,0.00%,,,,,,,,,
COURSE TOTAL:,20,23,1,0,0,44,3.431,1,0,0,1,0,46,
"",45.45%,52.27%,2.27%,0.00%,0.00%,,,,,,,,,
MGMT-424-501,34,10,0,0,0,44,3.772,1,0,0,0,0,45,CHAMBERS B
"",77.27%,22.73%,0.00%,0.00%,0.00%,,,,,,,,,
MGMT-424-502,29,4,0,0,0,33,3.878,0,0,0,0,0,33,CHANDLER R
"",87.88%,12.12%,0.00%,0.00%,0.00%,,,,,,,,,
COURSE TOTAL:,63,14,0,0,0,77,3.818,1,0,0,0,0,78,
"",81.82%,18.18%,0.00%,0.00%,0.00%,,,,,,,,,
MGMT-425-500,12,10,1,0,0,23,3.478,0,0,0,0,0,23,KIM S
"",52.17%,43.48%,4.35%,0.00%,0.00%,,,,,,,,,
COURSE TOTAL:,12,10,1,0,0,23,3.478,0,0,0,0,0,23,
"",52.17%,43.48%,4.35%,0.00%,0.00%,,,,,,,,,
MGMT-430-500,14,10,0,0,0,24,3.583,0,0,0,0,0,24,PAETZOLD R
"",58.33%,41.67%,0.00%,0.00%,0.00%,,,,,,,,,
COURSE TOTAL:,14,10,0,0,0,24,3.583,0,0,0,0,0,24,
"",58.33%,41.67%,0.00%,0.00%,0.00%,,,,,,,,,
MGMT-435-500,12,17,0,0,0,29,3.413,0,0,0,0,0,29,BIERMAN L
"",41.38%,58.62%,0.00%,0.00%,0.00%,,,,,,,,,
COURSE TOTAL:,12,17,0,0,0,29,3.413,0,0,0,0,0,29,
"",41.38%,58.62%,0.00%,0.00%,0.00%,,,,,,,,,
MGMT-439-501,19,8,1,0,0,28,3.642,0,0,0,0,0,28,SHAW L
"",67.86%,28.57%,3.57%,0.00%,0.00%,,,,,,,,,
MGMT-439-502,19,9,0,0,0,28,3.678,0,0,0,0,0,28,SHAW L
"",67.86%,32.14%,0.00%,0.00%,0.00%,,,,,,,,,
MGMT-439-504,26,3,0,0,0,29,3.896,0,0,0,0,0,29,ZEID N
"",89.66%,10.34%,0.00%,0.00%,0.00%,,,,,,,,,
MGMT-439-505,16,12,1,0,0,29,3.517,0,0,0,0,0,29,WESNER B
"",55.17%,41.38%,3.45%,0.00%,0.00%,,,,,,,,,
COURSE TOTAL:,80,32,2,0,0,114,3.684,0,0,0,0,0,114,
"",70.18%,28.07%,1.75%,0.00%,0.00%,,,,,,,,,
MGMT-440-500,22,25,0,0,0,47,3.468,0,0,0,1,0,48,LI T
"",46.81%,53.19%,0.00%,0.00%,0.00%,,,,,,,,,
COURSE TOTAL:,22,25,0,0,0,47,3.468,0,0,0,1,0,48,
"",46.81%,53.19%,0.00%,0.00%,0.00%,,,,,,,,,
MGMT-450-200,6,6,0,0,0,12,3.500,0,0,0,0,0,12,PANINA D
"",50.00%,50.00%,0.00%,0.00%,0.00%,,,,,,,,,
MGMT-450-501,15,11,1,0,0,27,3.518,0,0,0,0,0,27,KIM Y
"",55.56%,40.74%,3.70%,0.00%,0.00%,,,,,,,,,
MGMT-450-502,11,14,3,0,0,28,3.285,0,0,0,0,0,28,KIM Y
"",39.29%,50.00%,10.71%,0.00%,0.00%,,,,,,,,,
MGMT-450-503,12,16,0,0,0,28,3.428,0,0,0,0,0,28,KIM Y
"",42.86%,57.14%,0.00%,0.00%,0.00%,,,,,,,,,
MGMT-450-504,13,13,7,3,0,36,3.000,0,0,0,0,0,36,MAHAJAN V
"",36.11%,36.11%,19.44%,8.33%,0.00%,,,,,,,,,
MGMT-450-505,16,14,6,0,0,36,3.277,0,0,0,2,0,38,MAHAJAN V
"",44.44%,38.89%,16.67%,0.00%,0.00%,,,,,,,,,
COURSE TOTAL:,73,74,17,3,0,167,3.299,0,0,0,2,0,169,
"",43.71%,44.31%,10.18%,1.80%,0.00%,,,,,,,,,
MGMT-465-500,13,15,3,0,0,31,3.322,0,0,0,1,0,32,SCHWARTZ M
"",41.94%,48.39%,9.68%,0.00%,0.00%,,,,,,,,,
COURSE TOTAL:,13,15,3,0,0,31,3.322,0,0,0,1,0,32,
"",41.94%,48.39%,9.68%,0.00%,0.00%,,,,,,,,,
MGMT-466-200,22,7,0,0,0,29,3.758,0,0,0,0,0,29,LAW C
"",75.86%,24.14%,0.00%,0.00%,0.00%,,,,,,,,,
MGMT-466-502,22,21,0,0,1,44,3.431,1,0,0,1,0,46,MCFARLAND K
"",50.00%,47.73%,0.00%,0.00%,2.27%,,,,,,,,,
MGMT-466-503,19,22,1,1,0,43,3.372,0,0,0,0,0,43,LAW C
"",44.19%,51.16%,2.33%,2.33%,0.00%,,,,,,,,,
MGMT-466-504,22,14,0,0,0,36,3.611,0,0,0,0,0,36,LEE K
"",61.11%,38.89%,0.00%,0.00%,0.00%,,,,,,,,,
MGMT-466-505,4,26,11,0,0,41,2.829,0,0,0,1,0,42,STEVENS J
"",9.76%,63.41%,26.83%,0.00%,0.00%,,,,,,,,,
MGMT-466-506,6,24,6,1,1,38,2.868,0,0,0,0,0,38,STEVENS J
"",15.79%,63.16%,15.79%,2.63%,2.63%,,,,,,,,,
MGMT-466-507,14,20,10,0,0,44,3.090,0,0,0,0,0,44,PANINA D
"",31.82%,45.45%,22.73%,0.00%,0.00%,,,,,,,,,
MGMT-466-508,17,13,11,0,0,41,3.146,0,0,0,2,0,43,MAHAJAN V
"",41.46%,31.71%,26.83%,0.00%,0.00%,,,,,,,,,
MGMT-466-509,20,12,3,1,0,36,3.416,0,0,0,0,0,36,BEMENT D
"",55.56%,33.33%,8.33%,2.78%,0.00%,,,,,,,,,
MGMT-466-510,17,24,1,0,0,42,3.380,0,0,0,0,0,42,LAW C
"",40.48%,57.14%,2.38%,0.00%,0.00%,,,,,,,,,
COURSE TOTAL:,163,183,43,3,2,394,3.274,1,0,0,4,0,399,
"",41.37%,46.45%,10.91%,0.76%,0.51%,,,,,,,,,
MGMT-479-500,21,6,1,0,0,28,3.714,0,0,0,0,0,28,HAKIM O
"",75.00%,21.43%,3.57%,0.00%,0.00%,,,,,,,,,
COURSE TOTAL:,21,6,1,0,0,28,3.714,0,0,0,0,0,28,
"",75.00%,21.43%,3.57%,0.00%,0.00%,,,,,,,,,
MGMT-611-601,9,9,1,0,0,19,3.421,0,0,0,0,0,19,RICE S
"",47.37%,47.37%,5.26%,0.00%,0.00%,,,,,,,,,
MGMT-611-602,7,13,1,0,0,21,3.285,0,0,0,0,0,21,RICE S
"",33.33%,61.90%,4.76%,0.00%,0.00%,,,,,,,,,
MGMT-611-661,23,18,1,0,0,42,3.523,0,0,0,0,0,42,RICE S
"",54.76%,42.86%,2.38%,0.00%,0.00%,,,,,,,,,
COURSE TOTAL:,39,40,3,0,0,82,3.439,0,0,0,0,0,82,
"",47.56%,48.78%,3.66%,0.00%,0.00%,,,,,,,,,
MGMT-614-651,29,3,0,0,0,32,3.906,0,0,0,0,0,32,GRIFFIN R
"",90.63%,9.38%,0.00%,0.00%,0.00%,,,,,,,,,
MGMT-614-661,33,3,0,0,0,36,3.916,0,0,0,0,0,36,CHAMBERS B
"",91.67%,8.33%,0.00%,0.00%,0.00%,,,,,,,,,
MGMT-614-751,7,0,0,0,0,7,4.000,0,0,0,0,0,7,GRIFFIN R
"",100.00%,0.00%,0.00%,0.00%,0.00%,,,,,,,,,
COURSE TOTAL:,69,6,0,0,0,75,3.920,0,0,0,0,0,75,
"",92.00%,8.00%,0.00%,0.00%,0.00%,,,,,,,,,
MGMT-618-652,17,6,0,0,0,23,3.739,0,0,0,0,0,23,WITHERS M
"",73.91%,26.09%,0.00%,0.00%,0.00%,,,,,,,,,
COURSE TOTAL:,17,6,0,0,0,23,3.739,0,0,0,0,0,23,
"",73.91%,26.09%,0.00%,0.00%,0.00%,,,,,,,,,
MGMT-622-650,19,2,0,0,0,21,3.904,0,0,0,0,0,21,LIAN H
"",90.48%,9.52%,0.00%,0.00%,0.00%,,,,,,,,,
MGMT-622-700,10,3,0,0,0,13,3.769,0,0,0,0,0,13,LIAN H
"",76.92%,23.08%,0.00%,0.00%,0.00%,,,,,,,,,
COURSE TOTAL:,29,5,0,0,0,34,3.852,0,0,0,0,0,34,
"",85.29%,14.71%,0.00%,0.00%,0.00%,,,,,,,,,
MGMT-623-600,11,11,5,1,0,28,3.142,0,0,0,0,0,28,SCHWARTZ M
"",39.29%,39.29%,17.86%,3.57%,0.00%,,,,,,,,,
COURSE TOTAL:,11,11,5,1,0,28,3.142,0,0,0,0,0,28,
"",39.29%,39.29%,17.86%,3.57%,0.00%,,,,,,,,,
MGMT-628-600,26,0,0,0,0,26,4.000,0,0,0,0,0,26,GRIFFIN R
"",100.00%,0.00%,0.00%,0.00%,0.00%,,,,,,,,,
COURSE TOTAL:,26,0,0,0,0,26,4.000,0,0,0,0,0,26,
"",100.00%,0.00%,0.00%,0.00%,0.00%,,,,,,,,,
MGMT-629-650,17,4,0,0,0,21,3.809,0,0,0,0,0,21,BLASOR T
"",80.95%,19.05%,0.00%,0.00%,0.00%,,,,,,,,,
MGMT-629-700,10,2,0,0,0,12,3.833,1,0,0,0,0,13,BLASOR T
"",83.33%,16.67%,0.00%,0.00%,0.00%,,,,,,,,,
COURSE TOTAL:,27,6,0,0,0,33,3.818,1,0,0,0,0,34,
"",81.82%,18.18%,0.00%,0.00%,0.00%,,,,,,,,,
MGMT-630-600,31,3,0,0,0,34,3.911,0,0,0,0,0,34,ZHOU L
"",91.18%,8.82%,0.00%,0.00%,0.00%,,,,,,,,,
COURSE TOTAL:,31,3,0,0,0,34,3.911,0,0,0,0,0,34,
"",91.18%,8.82%,0.00%,0.00%,0.00%,,,,,,,,,
MGMT-632-600,42,1,0,0,0,43,3.976,0,0,0,0,0,43,PETTY B
"",97.67%,2.33%,0.00%,0.00%,0.00%,,,,,,,,,
COURSE TOTAL:,42,1,0,0,0,43,3.976,0,0,0,0,0,43,
"",97.67%,2.33%,0.00%,0.00%,0.00%,,,,,,,,,
MGMT-633-601,26,9,1,0,0,36,3.694,0,0,0,0,0,36,CHAMBERS B
"",72.22%,25.00%,2.78%,0.00%,0.00%,,,,,,,,,
MGMT-633-602,31,0,0,0,0,31,4.000,0,0,0,0,0,31,CHAMBERS B
"",100.00%,0.00%,0.00%,0.00%,0.00%,,,,,,,,,
COURSE TOTAL:,57,9,1,0,0,67,3.835,0,0,0,0,0,67,
"",85.07%,13.43%,1.49%,0.00%,0.00%,,,,,,,,,
MGMT-635-600,24,3,0,0,0,27,3.888,0,0,0,0,0,27,PAETZOLD R
"",88.89%,11.11%,0.00%,0.00%,0.00%,,,,,,,,,
COURSE TOTAL:,24,3,0,0,0,27,3.888,0,0,0,0,0,27,
"",88.89%,11.11%,0.00%,0.00%,0.00%,,,,,,,,,
MGMT-637-600,20,4,0,0,0,24,3.833,1,0,0,0,0,25,BAO J
"",83.33%,16.67%,0.00%,0.00%,0.00%,,,,,,,,,
COURSE TOTAL:,20,4,0,0,0,24,3.833,1,0,0,0,0,25,
"",83.33%,16.67%,0.00%,0.00%,0.00%,,,,,,,,,
MGMT-639-601,28,7,0,0,0,35,3.800,0,0,0,0,0,35,CHAMBERS B
"",80.00%,20.00%,0.00%,0.00%,0.00%,,,,,,,,,
MGMT-639-603,22,14,0,0,0,36,3.611,0,0,0,0,0,36,WESNER K
"",61.11%,38.89%,0.00%,0.00%,0.00%,,,,,,,,,
COURSE TOTAL:,50,21,0,0,0,71,3.704,0,0,0,0,0,71,
"",70.42%,29.58%,0.00%,0.00%,0.00%,,,,,,,,,
MGMT-640-600,25,19,0,0,0,44,3.568,0,0,0,0,0,44,LI T
"",56.82%,43.18%,0.00%,0.00%,0.00%,,,,,,,,,
COURSE TOTAL:,25,19,0,0,0,44,3.568,0,0,0,0,0,44,
"",56.82%,43.18%,0.00%,0.00%,0.00%,,,,,,,,,
MGMT-643-600,42,26,4,1,0,73,3.493,0,0,0,0,0,73,HAILEY C
"",57.53%,35.62%,5.48%,1.37%,0.00%,,,,,,,,,
COURSE TOTAL:,42,26,4,1,0,73,3.493,0,0,0,0,0,73,
"",57.53%,35.62%,5.48%,1.37%,0.00%,,,,,,,,,
MGMT-655-699,17,20,0,0,0,37,3.459,0,0,0,1,28,66,ROGERS G
"",45.95%,54.05%,0.00%,0.00%,0.00%,,,,,,,,,
COURSE TOTAL:,17,20,0,0,0,37,3.459,0,0,0,1,28,66,
"",45.95%,54.05%,0.00%,0.00%,0.00%,,,,,,,,,
MGMT-660-600,24,2,0,0,0,26,3.923,0,0,0,0,0,26,PANINA D
"",92.31%,7.69%,0.00%,0.00%,0.00%,,,,,,,,,
COURSE TOTAL:,24,2,0,0,0,26,3.923,0,0,0,0,0,26,
"",92.31%,7.69%,0.00%,0.00%,0.00%,,,,,,,,,
MGMT-675-600,54,1,0,0,0,55,3.981,0,0,0,0,0,55,WELCH B
"",98.18%,1.82%,0.00%,0.00%,0.00%,,,,,,,,,
MGMT-675-652,23,0,0,0,0,23,4.000,0,0,0,0,0,23,MCFARLAND K
"",100.00%,0.00%,0.00%,0.00%,0.00%,,,,,,,,,
COURSE TOTAL:,77,1,0,0,0,78,3.984,0,0,0,0,0,78,
"",98.72%,1.28%,0.00%,0.00%,0.00%,,,,,,,,,
MGMT-676-600,2,3,0,0,0,5,3.400,0,0,0,0,0,5,BOIVIE S
"",40.00%,60.00%,0.00%,0.00%,0.00%,,,,,,,,,
COURSE TOTAL:,2,3,0,0,0,5,3.400,0,0,0,0,0,5,
"",40.00%,60.00%,0.00%,0.00%,0.00%,,,,,,,,,
MGMT-679-600,3,2,3,1,0,9,2.777,0,0,0,0,0,9,PANINA D
"",33.33%,22.22%,33.33%,11.11%,0.00%,,,,,,,,,
COURSE TOTAL:,3,2,3,1,0,9,2.777,0,0,0,0,0,9,
"",33.33%,22.22%,33.33%,11.11%,0.00%,,,,,,,,,
MGMT-680-601,26,12,1,0,0,39,3.641,0,0,0,0,0,39,MCFARLAND K
"",66.67%,30.77%,2.56%,0.00%,0.00%,,,,,,,,,
MGMT-680-602,8,13,1,0,2,24,3.041,0,0,0,0,0,24,STEVENS J
"",33.33%,54.17%,4.17%,0.00%,8.33%,,,,,,,,,
MGMT-680-603,24,8,0,0,0,32,3.750,0,0,0,0,0,32,SANCHEZ J
"",75.00%,25.00%,0.00%,0.00%,0.00%,,,,,,,,,
MGMT-680-604,30,9,0,0,0,39,3.769,0,0,0,0,0,39,SANCHEZ J
"",76.92%,23.08%,0.00%,0.00%,0.00%,,,,,,,,,
MGMT-680-605,30,7,0,0,0,37,3.810,0,0,0,1,0,38,SANCHEZ J
"",81.08%,18.92%,0.00%,0.00%,0.00%,,,,,,,,,
COURSE TOTAL:,118,49,2,0,2,171,3.643,0,0,0,1,0,172,
"",69.01%,28.65%,1.17%,0.00%,1.17%,,,,,,,,,
MGMT-705-600,44,17,0,0,0,61,3.721,0,0,0,0,0,61,WESNER B
"",72.13%,27.87%,0.00%,0.00%,0.00%,,,,,,,,,
COURSE TOTAL:,44,17,0,0,0,61,3.721,0,0,0,0,0,61,
"",72.13%,27.87%,0.00%,0.00%,0.00%,,,,,,,,,
DEPARTMENT TOTAL:,2705,2323,806,170,42,6046,3.233,7,0,0,121,28,6202
"",44.74%,38.42%,13.33%,2.81%,0.69%,,,,,,,,
MKTG-321-901,16,6,2,0,0,24,3.583,0,0,0,0,0,24,LAMPO S
"",66.67%,25.00%,8.33%,0.00%,0.00%,,,,,,,,,
MKTG-321-902,16,3,3,1,1,24,3.333,0,0,0,1,0,25,LAMPO S
"",66.67%,12.50%,12.50%,4.17%,4.17%,,,,,,,,,
MKTG-321-903,13,10,2,0,0,25,3.440,0,0,0,0,0,25,LAMPO S
"",52.00%,40.00%,8.00%,0.00%,0.00%,,,,,,,,,
MKTG-321-904,16,5,3,0,0,24,3.541,0,0,0,0,0,24,LAMPO S
"",66.67%,20.83%,12.50%,0.00%,0.00%,,,,,,,,,
MKTG-321-905,15,7,1,1,0,24,3.500,0,0,0,0,0,24,LAMPO S
"",62.50%,29.17%,4.17%,4.17%,0.00%,,,,,,,,,
MKTG-321-906,14,5,4,0,1,24,3.291,0,0,0,0,0,24,LAMPO S
"",58.33%,20.83%,16.67%,0.00%,4.17%,,,,,,,,,
MKTG-321-907,11,8,3,1,0,23,3.260,0,0,0,0,0,23,LAMPO S
"",47.83%,34.78%,13.04%,4.35%,0.00%,,,,,,,,,
MKTG-321-908,20,2,2,0,1,25,3.600,0,0,0,0,0,25,LAMPO S
"",80.00%,8.00%,8.00%,0.00%,4.00%,,,,,,,,,
MKTG-321-909,15,6,2,0,0,23,3.565,0,0,0,2,0,25,LAMPO S
"",65.22%,26.09%,8.70%,0.00%,0.00%,,,,,,,,,
MKTG-321-910,13,5,3,0,0,21,3.476,0,0,0,1,0,22,LAMPO S
"",61.90%,23.81%,14.29%,0.00%,0.00%,,,,,,,,,
MKTG-321-911,16,2,6,0,1,25,3.280,0,0,0,0,0,25,LAMPO S
"",64.00%,8.00%,24.00%,0.00%,4.00%,,,,,,,,,
MKTG-321-912,11,8,1,0,0,20,3.500,0,0,0,1,0,21,LAMPO S
"",55.00%,40.00%,5.00%,0.00%,0.00%,,,,,,,,,
MKTG-321-913,14,6,3,2,0,25,3.280,0,0,0,0,0,25,LAMPO S
"",56.00%,24.00%,12.00%,8.00%,0.00%,,,,,,,,,
MKTG-321-914,18,4,1,0,1,24,3.583,0,0,0,0,0,24,LAMPO S
"",75.00%,16.67%,4.17%,0.00%,4.17%,,,,,,,,,
MKTG-321-915,13,6,3,0,0,22,3.454,0,0,0,0,0,22,LAMPO S
"",59.09%,27.27%,13.64%,0.00%,0.00%,,,,,,,,,
MKTG-321-916,12,4,4,0,0,20,3.400,0,0,0,1,0,21,LAMPO S
"",60.00%,20.00%,20.00%,0.00%,0.00%,,,,,,,,,
MKTG-321-917,15,3,3,1,1,23,3.304,0,0,0,2,0,25,LAMPO S
"",65.22%,13.04%,13.04%,4.35%,4.35%,,,,,,,,,
MKTG-321-918,7,4,5,1,2,19,2.684,0,0,0,0,0,19,LAMPO S
"",36.84%,21.05%,26.32%,5.26%,10.53%,,,,,,,,,
MKTG-321-919,17,4,1,1,0,23,3.608,0,0,0,1,0,24,LAMPO S
"",73.91%,17.39%,4.35%,4.35%,0.00%,,,,,,,,,
MKTG-321-920,16,7,2,0,0,25,3.560,0,0,0,0,0,25,LAMPO S
"",64.00%,28.00%,8.00%,0.00%,0.00%,,,,,,,,,
MKTG-321-921,18,3,4,0,0,25,3.560,0,0,0,0,0,25,LAMPO S
"",72.00%,12.00%,16.00%,0.00%,0.00%,,,,,,,,,
MKTG-321-922,16,6,1,1,0,24,3.541,0,0,0,0,0,24,LAMPO S
"",66.67%,25.00%,4.17%,4.17%,0.00%,,,,,,,,,
MKTG-321-923,20,3,2,0,0,25,3.720,0,0,0,0,0,25,LAMPO S
"",80.00%,12.00%,8.00%,0.00%,0.00%,,,,,,,,,
MKTG-321-924,11,7,0,2,2,22,3.045,0,0,0,1,0,23,LAMPO S
"",50.00%,31.82%,0.00%,9.09%,9.09%,,,,,,,,,
MKTG-321-925,14,8,1,0,0,23,3.565,0,0,0,0,0,23,LAMPO S
"",60.87%,34.78%,4.35%,0.00%,0.00%,,,,,,,,,
MKTG-321-926,13,6,2,0,0,21,3.523,0,0,0,1,0,22,LAMPO S
"",61.90%,28.57%,9.52%,0.00%,0.00%,,,,,,,,,
MKTG-321-927,12,9,2,0,1,24,3.291,0,0,0,0,0,24,LAMPO S
"",50.00%,37.50%,8.33%,0.00%,4.17%,,,,,,,,,
MKTG-321-980,32,4,0,0,0,36,3.888,0,0,0,0,0,36,PARISH J
"",88.89%,11.11%,0.00%,0.00%,0.00%,,,,,,,,,
COURSE TOTAL:,424,151,66,11,11,663,3.457,0,0,0,11,0,674,
"",63.95%,22.78%,9.95%,1.66%,1.66%,,,,,,,,,
MKTG-322-501,26,7,1,0,0,34,3.735,0,0,0,0,0,34,HOWARD R
"",76.47%,20.59%,2.94%,0.00%,0.00%,,,,,,,,,
MKTG-322-502,18,17,0,0,0,35,3.514,0,0,0,0,0,35,HOWARD R
"",51.43%,48.57%,0.00%,0.00%,0.00%,,,,,,,,,
MKTG-322-503,12,21,2,0,0,35,3.285,0,0,0,0,0,35,HOWARD R
"",34.29%,60.00%,5.71%,0.00%,0.00%,,,,,,,,,
MKTG-322-504,15,13,1,0,0,29,3.482,0,0,0,0,0,29,WILCOX K
"",51.72%,44.83%,3.45%,0.00%,0.00%,,,,,,,,,
MKTG-322-505,17,13,0,0,0,30,3.566,0,0,0,0,0,30,WILCOX K
"",56.67%,43.33%,0.00%,0.00%,0.00%,,,,,,,,,
COURSE TOTAL:,88,71,4,0,0,163,3.515,0,0,0,0,0,163,
"",53.99%,43.56%,2.45%,0.00%,0.00%,,,,,,,,,
MKTG-323-501,28,0,0,0,0,28,4.000,0,0,0,0,0,28,SHIRI A
"",100.00%,0.00%,0.00%,0.00%,0.00%,,,,,,,,,
MKTG-323-502,29,0,0,0,0,29,4.000,0,0,0,0,0,29,SHIRI A
"",100.00%,0.00%,0.00%,0.00%,0.00%,,,,,,,,,
MKTG-323-503,27,2,0,0,0,29,3.931,0,0,0,0,0,29,WARD G
"",93.10%,6.90%,0.00%,0.00%,0.00%,,,,,,,,,
MKTG-323-504,30,0,0,0,0,30,4.000,0,0,0,0,0,30,WARD G
"",100.00%,0.00%,0.00%,0.00%,0.00%,,,,,,,,,
COURSE TOTAL:,114,2,0,0,0,116,3.982,0,0,0,0,0,116,
"",98.28%,1.72%,0.00%,0.00%,0.00%,,,,,,,,,
MKTG-325-500,4,5,1,0,0,10,3.300,0,0,0,0,0,10,MCMILLAN T
"",40.00%,50.00%,10.00%,0.00%,0.00%,,,,,,,,,
COURSE TOTAL:,4,5,1,0,0,10,3.300,0,0,0,0,0,10,
"",40.00%,50.00%,10.00%,0.00%,0.00%,,,,,,,,,
MKTG-335-501,5,6,1,0,0,12,3.333,0,0,0,0,0,12,LORING A
"",41.67%,50.00%,8.33%,0.00%,0.00%,,,,,,,,,
MKTG-335-502,8,7,1,0,0,16,3.437,0,0,0,0,0,16,LORING A
"",50.00%,43.75%,6.25%,0.00%,0.00%,,,,,,,,,
MKTG-335-503,12,4,2,0,0,18,3.555,0,0,0,0,0,18,LORING A
"",66.67%,22.22%,11.11%,0.00%,0.00%,,,,,,,,,
MKTG-335-504,16,2,0,0,0,18,3.888,0,0,0,0,0,18,LORING A
"",88.89%,11.11%,0.00%,0.00%,0.00%,,,,,,,,,
MKTG-335-505,13,5,0,0,0,18,3.722,0,0,0,0,0,18,LORING A
"",72.22%,27.78%,0.00%,0.00%,0.00%,,,,,,,,,
MKTG-335-506,13,4,1,0,0,18,3.666,0,0,0,0,0,18,LORING A
"",72.22%,22.22%,5.56%,0.00%,0.00%,,,,,,,,,
COURSE TOTAL:,67,28,5,0,0,100,3.620,0,0,0,0,0,100,
"",67.00%,28.00%,5.00%,0.00%,0.00%,,,,,,,,,
MKTG-336-500,14,5,6,0,0,25,3.320,0,0,0,0,0,25,PARISH J
"",56.00%,20.00%,24.00%,0.00%,0.00%,,,,,,,,,
COURSE TOTAL:,14,5,6,0,0,25,3.320,0,0,0,0,0,25,
"",56.00%,20.00%,24.00%,0.00%,0.00%,,,,,,,,,
MKTG-345-500,33,3,0,0,0,36,3.916,0,0,0,0,0,36,SREENIVASAN A
"",91.67%,8.33%,0.00%,0.00%,0.00%,,,,,,,,,
COURSE TOTAL:,33,3,0,0,0,36,3.916,0,0,0,0,0,36,
"",91.67%,8.33%,0.00%,0.00%,0.00%,,,,,,,,,
MKTG-347-500,12,14,3,1,1,31,3.129,0,0,0,0,0,31,SREENIVASAN A
"",38.71%,45.16%,9.68%,3.23%,3.23%,,,,,,,,,
COURSE TOTAL:,12,14,3,1,1,31,3.129,0,0,0,0,0,31,
"",38.71%,45.16%,9.68%,3.23%,3.23%,,,,,,,,,
MKTG-401-501,6,16,2,0,1,25,3.040,0,0,0,0,0,25,LEWIS D
"",24.00%,64.00%,8.00%,0.00%,4.00%,,,,,,,,,
MKTG-401-502,6,15,4,0,0,25,3.080,0,0,0,0,0,25,LEWIS D
"",24.00%,60.00%,16.00%,0.00%,0.00%,,,,,,,,,
COURSE TOTAL:,12,31,6,0,1,50,3.060,0,0,0,0,0,50,
"",24.00%,62.00%,12.00%,0.00%,2.00%,,,,,,,,,
MKTG-404-501,26,13,5,0,0,44,3.477,0,0,0,0,0,44,MOSLEY B
"",59.09%,29.55%,11.36%,0.00%,0.00%,,,,,,,,,
MKTG-404-502,26,15,4,0,0,45,3.488,0,0,0,0,0,45,MOSLEY B
"",57.78%,33.33%,8.89%,0.00%,0.00%,,,,,,,,,
MKTG-404-503,17,15,1,0,0,33,3.484,0,0,0,0,0,33,MOSLEY B
"",51.52%,45.45%,3.03%,0.00%,0.00%,,,,,,,,,
COURSE TOTAL:,69,43,10,0,0,122,3.483,0,0,0,0,0,122,
"",56.56%,35.25%,8.20%,0.00%,0.00%,,,,,,,,,
MKTG-409-598,56,80,34,9,1,180,3.005,0,0,0,18,0,198,PRIDE W
"",31.11%,44.44%,18.89%,5.00%,0.56%,,,,,,,,,
MKTG-409-599,102,135,85,13,5,340,2.929,0,0,0,30,0,370,PRIDE W
"",30.00%,39.71%,25.00%,3.82%,1.47%,,,,,,,,,
COURSE TOTAL:,158,215,119,22,6,520,2.955,0,0,0,48,0,568,
"",30.38%,41.35%,22.88%,4.23%,1.15%,,,,,,,,,
MKTG-426-500,9,5,1,1,0,16,3.375,0,0,0,0,0,16,MCMILLAN T
"",56.25%,31.25%,6.25%,6.25%,0.00%,,,,,,,,,
COURSE TOTAL:,9,5,1,1,0,16,3.375,0,0,0,0,0,16,
"",56.25%,31.25%,6.25%,6.25%,0.00%,,,,,,,,,
MKTG-430-501,21,2,0,1,0,24,3.791,0,0,0,0,0,24,SREENIVASAN A
"",87.50%,8.33%,0.00%,4.17%,0.00%,,,,,,,,,
MKTG-430-502,12,5,0,1,0,18,3.555,0,0,0,0,0,18,SREENIVASAN A
"",66.67%,27.78%,0.00%,5.56%,0.00%,,,,,,,,,
COURSE TOTAL:,33,7,0,2,0,42,3.690,0,0,0,0,0,42,
"",78.57%,16.67%,0.00%,4.76%,0.00%,,,,,,,,,
MKTG-431-501,15,4,1,0,0,20,3.700,0,0,0,0,0,20,HU Z
"",75.00%,20.00%,5.00%,0.00%,0.00%,,,,,,,,,
MKTG-431-502,6,0,0,0,0,6,4.000,0,0,0,0,0,6,HU Z
"",100.00%,0.00%,0.00%,0.00%,0.00%,,,,,,,,,
COURSE TOTAL:,21,4,1,0,0,26,3.769,0,0,0,0,0,26,
"",80.77%,15.38%,3.85%,0.00%,0.00%,,,,,,,,,
MKTG-435-500,30,6,1,0,0,37,3.783,0,0,0,0,0,37,LORING A
"",81.08%,16.22%,2.70%,0.00%,0.00%,,,,,,,,,
COURSE TOTAL:,30,6,1,0,0,37,3.783,0,0,0,0,0,37,
"",81.08%,16.22%,2.70%,0.00%,0.00%,,,,,,,,,
MKTG-437-501,10,3,0,0,0,13,3.769,0,0,0,0,0,13,SHI H
"",76.92%,23.08%,0.00%,0.00%,0.00%,,,,,,,,,
MKTG-437-503,7,4,0,0,0,11,3.636,0,0,0,0,0,11,SHI H
"",63.64%,36.36%,0.00%,0.00%,0.00%,,,,,,,,,
COURSE TOTAL:,17,7,0,0,0,24,3.708,0,0,0,0,0,24,
"",70.83%,29.17%,0.00%,0.00%,0.00%,,,,,,,,,
MKTG-438-503,17,11,3,1,0,32,3.375,0,0,0,1,0,33,SHANKAR V
"",53.13%,34.38%,9.38%,3.13%,0.00%,,,,,,,,,
MKTG-438-504,17,11,4,0,0,32,3.406,0,0,0,1,0,33,SHANKAR V
"",53.13%,34.38%,12.50%,0.00%,0.00%,,,,,,,,,
COURSE TOTAL:,34,22,7,1,0,64,3.390,0,0,0,2,0,66,
"",53.13%,34.38%,10.94%,1.56%,0.00%,,,,,,,,,
MKTG-443-500,16,1,0,0,0,17,3.941,0,0,0,0,0,17,SEIPP L
"",94.12%,5.88%,0.00%,0.00%,0.00%,,,,,,,,,
COURSE TOTAL:,16,1,0,0,0,17,3.941,0,0,0,0,0,17,
"",94.12%,5.88%,0.00%,0.00%,0.00%,,,,,,,,,
MKTG-445-500,13,0,0,0,0,13,4.000,0,0,0,0,0,13,TROY A
"",100.00%,0.00%,0.00%,0.00%,0.00%,,,,,,,,,
COURSE TOTAL:,13,0,0,0,0,13,4.000,0,0,0,0,0,13,
"",100.00%,0.00%,0.00%,0.00%,0.00%,,,,,,,,,
MKTG-448-901,15,6,1,0,0,22,3.636,0,0,0,0,0,22,SEIPP L
"",68.18%,27.27%,4.55%,0.00%,0.00%,,,,,,,,,
MKTG-448-902,5,12,3,0,0,20,3.100,0,0,0,0,0,20,SEIPP L
"",25.00%,60.00%,15.00%,0.00%,0.00%,,,,,,,,,
MKTG-448-903,17,7,0,0,0,24,3.708,0,0,0,0,0,24,DIKEC A
"",70.83%,29.17%,0.00%,0.00%,0.00%,,,,,,,,,
MKTG-448-904,18,3,0,1,0,22,3.727,0,0,0,0,0,22,DIKEC A
"",81.82%,13.64%,0.00%,4.55%,0.00%,,,,,,,,,
MKTG-448-905,14,3,0,0,0,17,3.823,0,0,0,0,0,17,DIKEC A
"",82.35%,17.65%,0.00%,0.00%,0.00%,,,,,,,,,
COURSE TOTAL:,69,31,4,1,0,105,3.600,0,0,0,0,0,105,
"",65.71%,29.52%,3.81%,0.95%,0.00%,,,,,,,,,
MKTG-613-602,35,3,0,0,0,38,3.921,0,0,0,0,0,38,SRIDHAR S
"",92.11%,7.89%,0.00%,0.00%,0.00%,,,,,,,,,
MKTG-613-652,12,10,1,0,0,23,3.478,0,0,0,0,0,23,SHANKAR V
"",52.17%,43.48%,4.35%,0.00%,0.00%,,,,,,,,,
COURSE TOTAL:,47,13,1,0,0,61,3.754,0,0,0,0,0,61,
"",77.05%,21.31%,1.64%,0.00%,0.00%,,,,,,,,,
MKTG-621-699,28,23,5,1,1,58,3.310,0,0,0,3,0,61,PRIDE W
"",48.28%,39.66%,8.62%,1.72%,1.72%,,,,,,,,,
COURSE TOTAL:,28,23,5,1,1,58,3.310,0,0,0,3,0,61,
"",48.28%,39.66%,8.62%,1.72%,1.72%,,,,,,,,,
MKTG-625-601,6,1,0,0,0,7,3.857,0,0,0,0,0,7,SORESCU A
"",85.71%,14.29%,0.00%,0.00%,0.00%,,,,,,,,,
MKTG-625-602,19,11,0,0,0,30,3.633,0,0,0,0,0,30,SORESCU A
"",63.33%,36.67%,0.00%,0.00%,0.00%,,,,,,,,,
COURSE TOTAL:,25,12,0,0,0,37,3.675,0,0,0,0,0,37,
"",67.57%,32.43%,0.00%,0.00%,0.00%,,,,,,,,,
MKTG-638-600,16,3,0,0,0,19,3.842,0,0,0,1,0,20,SHANKAR V
"",84.21%,15.79%,0.00%,0.00%,0.00%,,,,,,,,,
COURSE TOTAL:,16,3,0,0,0,19,3.842,0,0,0,1,0,20,
"",84.21%,15.79%,0.00%,0.00%,0.00%,,,,,,,,,
MKTG-650-600,16,12,0,0,0,28,3.571,0,0,0,0,0,28,WILCOX K
"",57.14%,42.86%,0.00%,0.00%,0.00%,,,,,,,,,
COURSE TOTAL:,16,12,0,0,0,28,3.571,0,0,0,0,0,28,
"",57.14%,42.86%,0.00%,0.00%,0.00%,,,,,,,,,
MKTG-660-600,28,0,0,0,0,28,4.000,0,0,0,0,0,28,TROY A
"",100.00%,0.00%,0.00%,0.00%,0.00%,,,,,,,,,
COURSE TOTAL:,28,0,0,0,0,28,4.000,0,0,0,0,0,28,
"",100.00%,0.00%,0.00%,0.00%,0.00%,,,,,,,,,
MKTG-670-600,25,0,0,0,0,25,4.000,0,0,0,0,4,29,BURTON L
"",100.00%,0.00%,0.00%,0.00%,0.00%,,,,,,,,,
COURSE TOTAL:,25,0,0,0,0,25,4.000,0,0,0,0,4,29,
"",100.00%,0.00%,0.00%,0.00%,0.00%,,,,,,,,,
MKTG-675-652,23,0,0,0,0,23,4.000,0,0,0,0,0,23,GRIFFITH D
"",100.00%,0.00%,0.00%,0.00%,0.00%,,,,,,,,,
COURSE TOTAL:,23,0,0,0,0,23,4.000,0,0,0,0,0,23,
"",100.00%,0.00%,0.00%,0.00%,0.00%,,,,,,,,,
MKTG-688-601,6,2,0,0,0,8,3.750,0,0,0,0,0,8,YADAV M
"",75.00%,25.00%,0.00%,0.00%,0.00%,,,,,,,,,
COURSE TOTAL:,6,2,0,0,0,8,3.750,0,0,0,0,0,8,
"",75.00%,25.00%,0.00%,0.00%,0.00%,,,,,,,,,
MKTG-689-600,3,3,0,0,0,6,3.500,0,0,0,0,6,12,JONES E
"",50.00%,50.00%,0.00%,0.00%,0.00%,,,,,,,,,
COURSE TOTAL:,3,3,0,0,0,6,3.500,0,0,0,0,6,12,
"",50.00%,50.00%,0.00%,0.00%,0.00%,,,,,,,,,
DEPARTMENT TOTAL:,1454,719,240,40,20,2473,3.428,0,0,0,65,10,2548,
"",58.79%,29.07%,9.70%,1.62%,0.81%,,,,,,,,,
COLLEGE TOTAL:,13115,8334,2814,595,177,25035,3.319,74,0,0,815,57,25981,
"",52.39%,33.29%,11.24%,2.38%,0.71%,,,,,,,,,
