CHEM-107-401,24,25,22,4,8,83,2.638,0,0,0,7,0,90,NAIR R
"",28.92%,30.12%,26.51%,4.82%,9.64%,,,,,,,,,
CHEM-107-402,15,32,23,9,4,83,2.542,0,0,0,6,0,89,ARONSON C
"",18.07%,38.55%,27.71%,10.84%,4.82%,,,,,,,,,
CHEM-107-405,16,33,28,5,3,85,2.635,0,0,0,6,0,91,NAIR R
"",18.82%,38.82%,32.94%,5.88%,3.53%,,,,,,,,,
COURSE TOTAL:,55,90,73,18,15,251,2.605,0,0,0,19,0,270,
"",21.91%,35.86%,29.08%,7.17%,5.98%,,,,,,,,,
CHEM-117-401,5,10,4,0,0,19,3.052,0,0,0,0,0,19,TOWNSEND G
"",26.32%,52.63%,21.05%,0.00%,0.00%,,,,,,,,,
CHEM-117-402,4,8,4,0,2,18,2.666,0,0,0,0,0,18,TOWNSEND G
"",22.22%,44.44%,22.22%,0.00%,11.11%,,,,,,,,,
CHEM-117-403,4,12,3,0,2,21,2.761,0,0,0,0,0,21,TOWNSEND G
"",19.05%,57.14%,14.29%,0.00%,9.52%,,,,,,,,,
CHEM-117-404,5,8,2,4,2,21,2.476,0,0,0,0,0,21,TOWNSEND G
"",23.81%,38.10%,9.52%,19.05%,9.52%,,,,,,,,,
CHEM-117-405,0,9,7,3,2,21,2.095,0,0,0,1,0,22,TOWNSEND G
"",0.00%,42.86%,33.33%,14.29%,9.52%,,,,,,,,,
CHEM-117-406,8,11,1,0,1,21,3.190,0,0,0,0,0,21,TOWNSEND G
"",38.10%,52.38%,4.76%,0.00%,4.76%,,,,,,,,,
CHEM-117-407,0,8,4,0,0,12,2.666,0,0,0,0,0,12,TOWNSEND G
"",0.00%,66.67%,33.33%,0.00%,0.00%,,,,,,,,,
CHEM-117-408,1,3,2,2,0,8,2.375,0,0,0,0,0,8,TOWNSEND G
"",12.50%,37.50%,25.00%,25.00%,0.00%,,,,,,,,,
CHEM-117-409,2,14,2,0,3,21,2.571,0,0,0,0,0,21,TOWNSEND G
"",9.52%,66.67%,9.52%,0.00%,14.29%,,,,,,,,,
CHEM-117-410,5,8,5,1,1,20,2.750,0,0,0,0,0,20,TOWNSEND G
"",25.00%,40.00%,25.00%,5.00%,5.00%,,,,,,,,,
CHEM-117-411,2,12,3,1,1,19,2.684,0,0,0,1,0,20,TOWNSEND G
"",10.53%,63.16%,15.79%,5.26%,5.26%,,,,,,,,,
CHEM-117-412,1,7,4,1,1,14,2.428,0,0,0,0,0,14,TOWNSEND G
"",7.14%,50.00%,28.57%,7.14%,7.14%,,,,,,,,,
CHEM-117-413,1,9,3,1,0,14,2.714,0,0,0,0,0,14,TOWNSEND G
"",7.14%,64.29%,21.43%,7.14%,0.00%,,,,,,,,,
CHEM-117-421,5,14,1,0,1,21,3.047,0,0,0,0,0,21,TOWNSEND G
"",23.81%,66.67%,4.76%,0.00%,4.76%,,,,,,,,,
COURSE TOTAL:,43,133,45,13,16,250,2.696,0,0,0,2,0,252,
"",17.20%,53.20%,18.00%,5.20%,6.40%,,,,,,,,,
CHEM-119-200,3,2,2,0,0,7,3.142,0,0,0,0,0,7,GALAN J
"",42.86%,28.57%,28.57%,0.00%,0.00%,,,,,,,,,
CHEM-119-400,4,4,3,5,5,21,1.857,0,0,0,1,0,22,NAIR R
"",19.05%,19.05%,14.29%,23.81%,23.81%,,,,,,,,,
CHEM-119-403,4,2,5,8,1,20,2.000,0,0,0,1,0,21,NAIR R
"",20.00%,10.00%,25.00%,40.00%,5.00%,,,,,,,,,
CHEM-119-404,3,7,3,0,0,13,3.000,0,0,0,1,0,14,NAIR R
"",23.08%,53.85%,23.08%,0.00%,0.00%,,,,,,,,,
CHEM-119-405,3,5,4,3,4,19,2.000,0,0,0,3,0,22,NAIR R
"",15.79%,26.32%,21.05%,15.79%,21.05%,,,,,,,,,
CHEM-119-406,6,7,6,2,3,24,2.458,0,0,0,0,0,24,GALAN J
"",25.00%,29.17%,25.00%,8.33%,12.50%,,,,,,,,,
CHEM-119-407,7,4,6,3,0,20,2.750,1,0,0,2,0,23,GALAN J
"",35.00%,20.00%,30.00%,15.00%,0.00%,,,,,,,,,
CHEM-119-408,8,5,5,3,1,22,2.727,0,0,0,1,0,23,GALAN J
"",36.36%,22.73%,22.73%,13.64%,4.55%,,,,,,,,,
CHEM-119-409,3,7,4,4,2,20,2.250,0,0,0,2,0,22,TOWNSEND G
"",15.00%,35.00%,20.00%,20.00%,10.00%,,,,,,,,,
CHEM-119-410,7,4,7,1,0,19,2.894,0,0,0,2,0,21,TOWNSEND G
"",36.84%,21.05%,36.84%,5.26%,0.00%,,,,,,,,,
CHEM-119-411,6,3,3,4,2,18,2.388,0,0,0,4,0,22,TOWNSEND G
"",33.33%,16.67%,16.67%,22.22%,11.11%,,,,,,,,,
COURSE TOTAL:,54,50,48,33,18,203,2.438,1,0,0,17,0,221,
"",26.60%,24.63%,23.65%,16.26%,8.87%,,,,,,,,,
CHEM-120-401,2,6,3,2,0,13,2.615,0,0,0,4,0,17,TOWNSEND G
"",15.38%,46.15%,23.08%,15.38%,0.00%,,,,,,,,,
CHEM-120-402,2,5,3,1,0,11,2.727,0,0,0,0,0,11,TOWNSEND G
"",18.18%,45.45%,27.27%,9.09%,0.00%,,,,,,,,,
CHEM-120-403,2,5,5,2,0,14,2.500,0,0,0,3,0,17,TOWNSEND G
"",14.29%,35.71%,35.71%,14.29%,0.00%,,,,,,,,,
COURSE TOTAL:,6,16,11,5,0,38,2.605,0,0,0,7,0,45,
"",15.79%,42.11%,28.95%,13.16%,0.00%,,,,,,,,,
CHEM-227-401,5,8,15,5,4,37,2.135,0,0,0,2,0,39,MOSER M
"",13.51%,21.62%,40.54%,13.51%,10.81%,,,,,,,,,
CHEM-227-402,7,13,10,9,2,41,2.341,1,0,0,6,0,48,MOSER M
"",17.07%,31.71%,24.39%,21.95%,4.88%,,,,,,,,,
COURSE TOTAL:,12,21,25,14,6,78,2.243,1,0,0,8,0,87,
"",15.38%,26.92%,32.05%,17.95%,7.69%,,,,,,,,,
CHEM-228-401,1,5,2,3,1,12,2.166,0,0,0,2,0,14,ARONSON C
"",8.33%,41.67%,16.67%,25.00%,8.33%,,,,,,,,,
COURSE TOTAL:,1,5,2,3,1,12,2.166,0,0,0,2,0,14,
"",8.33%,41.67%,16.67%,25.00%,8.33%,,,,,,,,,
CHEM-237-401,6,4,2,0,0,12,3.333,0,0,0,0,0,12,TOWNSEND G
"",50.00%,33.33%,16.67%,0.00%,0.00%,,,,,,,,,
CHEM-237-402,5,5,0,1,0,11,3.272,0,0,0,0,0,11,TOWNSEND G
"",45.45%,45.45%,0.00%,9.09%,0.00%,,,,,,,,,
CHEM-237-404,10,4,0,0,0,14,3.714,0,0,0,0,0,14,TOWNSEND G
"",71.43%,28.57%,0.00%,0.00%,0.00%,,,,,,,,,
CHEM-237-405,9,4,1,0,0,14,3.571,0,0,0,0,0,14,TOWNSEND G
"",64.29%,28.57%,7.14%,0.00%,0.00%,,,,,,,,,
CHEM-237-406,11,4,0,0,0,15,3.733,0,0,0,0,0,15,TOWNSEND G
"",73.33%,26.67%,0.00%,0.00%,0.00%,,,,,,,,,
CHEM-237-412,5,4,1,0,0,10,3.400,0,0,0,0,0,10,TOWNSEND G
"",50.00%,40.00%,10.00%,0.00%,0.00%,,,,,,,,,
COURSE TOTAL:,46,25,4,1,0,76,3.526,0,0,0,0,0,76,
"",60.53%,32.89%,5.26%,1.32%,0.00%,,,,,,,,,
CHEM-238-402,2,5,0,0,0,7,3.285,0,0,0,0,0,7,TOWNSEND G
"",28.57%,71.43%,0.00%,0.00%,0.00%,,,,,,,,,
COURSE TOTAL:,2,5,0,0,0,7,3.285,0,0,0,0,0,7,
"",28.57%,71.43%,0.00%,0.00%,0.00%,,,,,,,,,
CHEM-383-400,7,0,0,0,0,7,4.000,0,0,0,0,0,7,SANTSCHI P
"",100.00%,0.00%,0.00%,0.00%,0.00%,,,,,,,,,
COURSE TOTAL:,7,0,0,0,0,7,4.000,0,0,0,0,0,7,
"",100.00%,0.00%,0.00%,0.00%,0.00%,,,,,,,,,
FSCI-281-900,3,8,2,2,1,16,2.625,0,0,0,0,0,16,NAIR R
"",18.75%,50.00%,12.50%,12.50%,6.25%,,,,,,,,,
COURSE TOTAL:,3,8,2,2,1,16,2.625,0,0,0,0,0,16,
"",18.75%,50.00%,12.50%,12.50%,6.25%,,,,,,,,,
FSCI-360-400,5,2,4,1,0,12,2.916,0,0,0,0,0,12,GALAN J
"",41.67%,16.67%,33.33%,8.33%,0.00%,,,,,,,,,
COURSE TOTAL:,5,2,4,1,0,12,2.916,0,0,0,0,0,12,
"",41.67%,16.67%,33.33%,8.33%,0.00%,,,,,,,,,
MATH-140-401,18,14,12,1,3,48,2.895,0,0,0,1,0,49,ACERO-SCHERTZER C
"",37.50%,29.17%,25.00%,2.08%,6.25%,,,,,,,,,
MATH-140-402,6,9,14,5,3,37,2.270,1,0,0,12,0,50,BROWN P
"",16.22%,24.32%,37.84%,13.51%,8.11%,,,,,,,,,
COURSE TOTAL:,24,23,26,6,6,85,2.623,1,0,0,13,0,99,
"",28.24%,27.06%,30.59%,7.06%,7.06%,,,,,,,,,
MATH-142-401,0,2,6,2,2,12,1.666,0,0,0,3,0,15,ACERO-SCHERTZER C
"",0.00%,16.67%,50.00%,16.67%,16.67%,,,,,,,,,
COURSE TOTAL:,0,2,6,2,2,12,1.666,0,0,0,3,0,15,
"",0.00%,16.67%,50.00%,16.67%,16.67%,,,,,,,,,
MATH-147-401,2,5,3,3,1,14,2.285,0,0,0,0,0,14,PANGEMANAN A
"",14.29%,35.71%,21.43%,21.43%,7.14%,,,,,,,,,
COURSE TOTAL:,2,5,3,3,1,14,2.285,0,0,0,0,0,14,
"",14.29%,35.71%,21.43%,21.43%,7.14%,,,,,,,,,
MATH-150-401,29,39,26,6,3,103,2.825,0,0,0,2,0,105,WARREN J
"",28.16%,37.86%,25.24%,5.83%,2.91%,,,,,,,,,
MATH-150-402,23,17,7,1,0,48,3.291,0,0,0,1,0,49,SHRESTHA K
"",47.92%,35.42%,14.58%,2.08%,0.00%,,,,,,,,,
MATH-150-403,50,26,18,6,8,108,2.962,0,0,0,1,0,109,SHRESTHA K
"",46.30%,24.07%,16.67%,5.56%,7.41%,,,,,,,,,
MATH-150-404,23,19,15,7,8,72,2.583,0,0,0,0,0,72,SHRESTHA K
"",31.94%,26.39%,20.83%,9.72%,11.11%,,,,,,,,,
MATH-150-405,34,21,11,4,1,71,3.169,0,0,0,0,0,71,ACERO-SCHERTZER C
"",47.89%,29.58%,15.49%,5.63%,1.41%,,,,,,,,,
MATH-150-407,0,10,12,1,1,24,2.291,0,0,0,9,0,33,SHRESTHA K
"",0.00%,41.67%,50.00%,4.17%,4.17%,,,,,,,,,
COURSE TOTAL:,159,132,89,25,21,426,2.899,0,0,0,13,0,439,
"",37.32%,30.99%,20.89%,5.87%,4.93%,,,,,,,,,
MATH-151-401,8,15,19,4,1,47,2.531,0,0,0,3,0,50,ARONSON C
"",17.02%,31.91%,40.43%,8.51%,2.13%,,,,,,,,,
MATH-151-402,20,13,8,0,2,43,3.139,1,0,0,5,0,49,QIU L
"",46.51%,30.23%,18.60%,0.00%,4.65%,,,,,,,,,
MATH-151-403,35,10,10,3,2,60,3.216,0,0,0,0,0,60,SHRESTHA K
"",58.33%,16.67%,16.67%,5.00%,3.33%,,,,,,,,,
MATH-151-404,27,20,4,3,2,56,3.196,0,0,0,1,0,57,WARREN J
"",48.21%,35.71%,7.14%,5.36%,3.57%,,,,,,,,,
MATH-151-405,18,18,15,0,1,52,3.000,0,0,0,5,0,57,YI E
"",34.62%,34.62%,28.85%,0.00%,1.92%,,,,,,,,,
COURSE TOTAL:,108,76,56,10,8,258,3.031,1,0,0,14,0,273,
"",41.86%,29.46%,21.71%,3.88%,3.10%,,,,,,,,,
MATH-152-401,5,14,20,2,2,43,2.418,0,0,0,3,0,46,BROWN P
"",11.63%,32.56%,46.51%,4.65%,4.65%,,,,,,,,,
MATH-152-402,6,9,14,7,2,38,2.263,0,0,0,3,0,41,KHOURY F
"",15.79%,23.68%,36.84%,18.42%,5.26%,,,,,,,,,
MATH-152-403,7,17,16,4,3,47,2.446,1,0,0,8,0,56,QIU L
"",14.89%,36.17%,34.04%,8.51%,6.38%,,,,,,,,,
MATH-152-404,7,14,20,5,8,54,2.129,0,0,0,5,0,59,QIU L
"",12.96%,25.93%,37.04%,9.26%,14.81%,,,,,,,,,
COURSE TOTAL:,25,54,70,18,15,182,2.307,1,0,0,19,0,202,
"",13.74%,29.67%,38.46%,9.89%,8.24%,,,,,,,,,
MATH-251-401,6,12,12,7,1,38,2.394,0,0,0,5,0,43,BROWN P
"",15.79%,31.58%,31.58%,18.42%,2.63%,,,,,,,,,
COURSE TOTAL:,6,12,12,7,1,38,2.394,0,0,0,5,0,43,
"",15.79%,31.58%,31.58%,18.42%,2.63%,,,,,,,,,
MATH-304-400,6,5,3,0,0,14,3.214,0,0,0,0,0,14,YI E
"",42.86%,35.71%,21.43%,0.00%,0.00%,,,,,,,,,
COURSE TOTAL:,6,5,3,0,0,14,3.214,0,0,0,0,0,14,
"",42.86%,35.71%,21.43%,0.00%,0.00%,,,,,,,,,
MATH-601-601,4,3,0,0,0,7,3.571,0,0,0,0,0,7,REIHANI K
"",57.14%,42.86%,0.00%,0.00%,0.00%,,,,,,,,,
COURSE TOTAL:,4,3,0,0,0,7,3.571,0,0,0,0,0,7,
"",57.14%,42.86%,0.00%,0.00%,0.00%,,,,,,,,,
PHYS-123-400,33,4,0,0,0,37,3.891,0,0,0,0,1,38,RANTSCHLER J
"",89.19%,10.81%,0.00%,0.00%,0.00%,,,,,,,,,
COURSE TOTAL:,33,4,0,0,0,37,3.891,0,0,0,0,1,38,
"",89.19%,10.81%,0.00%,0.00%,0.00%,,,,,,,,,
PHYS-201-400,1,2,4,5,1,13,1.769,0,0,0,3,0,16,BOULAHOUACHE C
"",7.69%,15.38%,30.77%,38.46%,7.69%,,,,,,,,,
PHYS-201-401,7,7,3,0,0,17,3.235,0,0,0,0,0,17,BOULAHOUACHE C
"",41.18%,41.18%,17.65%,0.00%,0.00%,,,,,,,,,
PHYS-201-404,8,3,1,2,0,14,3.214,0,0,0,4,0,18,BOULAHOUACHE C
"",57.14%,21.43%,7.14%,14.29%,0.00%,,,,,,,,,
COURSE TOTAL:,16,12,8,7,1,44,2.795,0,0,0,7,0,51,
"",36.36%,27.27%,18.18%,15.91%,2.27%,,,,,,,,,
PHYS-202-401,5,5,8,0,0,18,2.833,0,0,0,0,0,18,RANTSCHLER J
"",27.78%,27.78%,44.44%,0.00%,0.00%,,,,,,,,,
PHYS-202-402,2,5,4,1,0,12,2.666,0,0,0,0,0,12,RANTSCHLER J
"",16.67%,41.67%,33.33%,8.33%,0.00%,,,,,,,,,
PHYS-202-403,6,8,4,0,1,19,2.947,0,0,0,0,0,19,RANTSCHLER J
"",31.58%,42.11%,21.05%,0.00%,5.26%,,,,,,,,,
COURSE TOTAL:,13,18,16,1,1,49,2.836,0,0,0,0,0,49,
"",26.53%,36.73%,32.65%,2.04%,2.04%,,,,,,,,,
PHYS-206-401,32,35,17,8,6,98,2.806,1,0,0,5,0,104,BOULAHOUACHE C
"",32.65%,35.71%,17.35%,8.16%,6.12%,,,,,,,,,
PHYS-206-402,19,25,26,4,1,75,2.760,0,0,0,8,0,83,RANTSCHLER J
"",25.33%,33.33%,34.67%,5.33%,1.33%,,,,,,,,,
COURSE TOTAL:,51,60,43,12,7,173,2.786,1,0,0,13,0,187,
"",29.48%,34.68%,24.86%,6.94%,4.05%,,,,,,,,,
PHYS-207-401,16,9,6,3,0,34,3.117,0,0,0,5,0,39,BOULAHOUACHE C
"",47.06%,26.47%,17.65%,8.82%,0.00%,,,,,,,,,
COURSE TOTAL:,16,9,6,3,0,34,3.117,0,0,0,5,0,39,
"",47.06%,26.47%,17.65%,8.82%,0.00%,,,,,,,,,
PHYS-226-401,6,4,2,2,0,14,3.000,0,0,0,0,0,14,BOULAHOUACHE C
"",42.86%,28.57%,14.29%,14.29%,0.00%,,,,,,,,,
COURSE TOTAL:,6,4,2,2,0,14,3.000,0,0,0,0,0,14,
"",42.86%,28.57%,14.29%,14.29%,0.00%,,,,,,,,,
PHYS-227-401,4,4,2,0,0,10,3.200,0,0,0,0,0,10,BOULAHOUACHE C
"",40.00%,40.00%,20.00%,0.00%,0.00%,,,,,,,,,
COURSE TOTAL:,4,4,2,0,0,10,3.200,0,0,0,0,0,10,
"",40.00%,40.00%,20.00%,0.00%,0.00%,,,,,,,,,
DEPARTMENT TOTAL:,707,778,556,186,120,2347,2.736,6,0,0,147,1,2501,
"",30.12%,33.15%,23.69%,7.93%,5.11%,,,,,,,,,
ANTH-202-400,19,5,1,0,1,26,3.576,0,0,0,0,0,26,DALLY R
"",73.08%,19.23%,3.85%,0.00%,3.85%,,,,,,,,,
ANTH-202-401,22,3,0,0,1,26,3.730,0,0,0,0,0,26,DALLY R
"",84.62%,11.54%,0.00%,0.00%,3.85%,,,,,,,,,
COURSE TOTAL:,41,8,1,0,2,52,3.653,0,0,0,0,0,52,
"",78.85%,15.38%,1.92%,0.00%,3.85%,,,,,,,,,
ANTH-210-401,22,10,4,3,4,43,3.000,0,0,0,2,0,45,FURTH B
"",51.16%,23.26%,9.30%,6.98%,9.30%,,,,,,,,,
ANTH-210-499,19,11,6,1,2,39,3.128,0,0,0,4,0,43,FURTH B
"",48.72%,28.21%,15.38%,2.56%,5.13%,,,,,,,,,
COURSE TOTAL:,41,21,10,4,6,82,3.060,0,0,0,6,0,88,
"",50.00%,25.61%,12.20%,4.88%,7.32%,,,,,,,,,
ANTH-225-400,8,4,5,0,0,17,3.176,0,0,0,0,0,17,WHITE L
"",47.06%,23.53%,29.41%,0.00%,0.00%,,,,,,,,,
COURSE TOTAL:,8,4,5,0,0,17,3.176,0,0,0,0,0,17,
"",47.06%,23.53%,29.41%,0.00%,0.00%,,,,,,,,,
ANTH-313-400,14,3,2,0,0,19,3.631,0,0,0,0,1,20,WHITE L
"",73.68%,15.79%,10.53%,0.00%,0.00%,,,,,,,,,
COURSE TOTAL:,14,3,2,0,0,19,3.631,0,0,0,0,1,20,
"",73.68%,15.79%,10.53%,0.00%,0.00%,,,,,,,,,
ANTH-316-401,25,12,3,0,1,41,3.463,0,0,0,0,0,41,MARK S
"",60.98%,29.27%,7.32%,0.00%,2.44%,,,,,,,,,
COURSE TOTAL:,25,12,3,0,1,41,3.463,0,0,0,0,0,41,
"",60.98%,29.27%,7.32%,0.00%,2.44%,,,,,,,,,
ARTS-150-500,27,9,6,0,3,45,3.266,0,0,0,0,0,45,KRESS L
"",60.00%,20.00%,13.33%,0.00%,6.67%,,,,,,,,,
COURSE TOTAL:,27,9,6,0,3,45,3.266,0,0,0,0,0,45,
"",60.00%,20.00%,13.33%,0.00%,6.67%,,,,,,,,,
COMM-203-400,4,8,5,0,2,19,2.631,0,0,0,1,0,20,VISER V
"",21.05%,42.11%,26.32%,0.00%,10.53%,,,,,,,,,
COMM-203-401,1,11,1,1,2,16,2.500,0,0,0,4,0,20,VISER V
"",6.25%,68.75%,6.25%,6.25%,12.50%,,,,,,,,,
COURSE TOTAL:,5,19,6,1,4,35,2.571,0,0,0,5,0,40,
"",14.29%,54.29%,17.14%,2.86%,11.43%,,,,,,,,,
COMM-205-400,4,16,0,0,2,22,2.909,0,0,0,0,0,22,VISER V
"",18.18%,72.73%,0.00%,0.00%,9.09%,,,,,,,,,
COMM-205-401,3,17,1,0,0,21,3.095,0,0,0,1,0,22,VISER V
"",14.29%,80.95%,4.76%,0.00%,0.00%,,,,,,,,,
COURSE TOTAL:,7,33,1,0,2,43,3.000,0,0,0,1,0,44,
"",16.28%,76.74%,2.33%,0.00%,4.65%,,,,,,,,,
DIVE-250-401,4,4,1,0,0,9,3.333,0,0,0,0,0,9,WILLIAMS S
"",44.44%,44.44%,11.11%,0.00%,0.00%,,,,,,,,,
DIVE-250-402,3,2,2,0,1,8,2.750,0,0,0,1,0,9,WILLIAMS S
"",37.50%,25.00%,25.00%,0.00%,12.50%,,,,,,,,,
DIVE-250-403,4,5,1,0,0,10,3.300,0,0,0,0,0,10,WILLIAMS S
"",40.00%,50.00%,10.00%,0.00%,0.00%,,,,,,,,,
DIVE-250-404,5,4,1,0,0,10,3.400,0,0,0,0,0,10,WILLIAMS S
"",50.00%,40.00%,10.00%,0.00%,0.00%,,,,,,,,,
COURSE TOTAL:,16,15,5,0,1,37,3.216,0,0,0,1,0,38,
"",43.24%,40.54%,13.51%,0.00%,2.70%,,,,,,,,,
DIVE-260-400,5,0,1,0,0,6,3.666,0,0,0,0,0,6,PINTACUDA J
"",83.33%,0.00%,16.67%,0.00%,0.00%,,,,,,,,,
DIVE-260-401,6,4,0,0,0,10,3.600,0,0,0,0,0,10,PINTACUDA J
"",60.00%,40.00%,0.00%,0.00%,0.00%,,,,,,,,,
COURSE TOTAL:,11,4,1,0,0,16,3.625,0,0,0,0,0,16,
"",68.75%,25.00%,6.25%,0.00%,0.00%,,,,,,,,,
DIVE-410-401,6,5,0,0,0,11,3.545,0,0,0,0,0,11,LEDFORD C
"",54.55%,45.45%,0.00%,0.00%,0.00%,,,,,,,,,
COURSE TOTAL:,6,5,0,0,0,11,3.545,0,0,0,0,0,11,
"",54.55%,45.45%,0.00%,0.00%,0.00%,,,,,,,,,
DIVE-489-400,5,0,0,0,0,5,4.000,0,0,0,0,0,5,LEDFORD C
"",100.00%,0.00%,0.00%,0.00%,0.00%,,,,,,,,,
COURSE TOTAL:,5,0,0,0,0,5,4.000,0,0,0,0,0,5,
"",100.00%,0.00%,0.00%,0.00%,0.00%,,,,,,,,,
ENGL-104-401,17,4,1,0,0,22,3.727,0,0,0,0,0,22,PRESSWOOD P
"",77.27%,18.18%,4.55%,0.00%,0.00%,,,,,,,,,
ENGL-104-402,18,1,1,0,1,21,3.666,0,0,0,1,0,22,PRESSWOOD P
"",85.71%,4.76%,4.76%,0.00%,4.76%,,,,,,,,,
ENGL-104-403,16,3,2,0,0,21,3.666,0,0,0,1,0,22,PRESSWOOD P
"",76.19%,14.29%,9.52%,0.00%,0.00%,,,,,,,,,
ENGL-104-404,5,8,5,2,1,21,2.666,0,0,0,0,0,21,OTTMAN R
"",23.81%,38.10%,23.81%,9.52%,4.76%,,,,,,,,,
ENGL-104-406,6,5,8,1,2,22,2.545,0,0,0,0,0,22,OTTMAN R
"",27.27%,22.73%,36.36%,4.55%,9.09%,,,,,,,,,
ENGL-104-407,8,5,1,2,5,21,2.428,0,0,0,1,0,22,CATON A
"",38.10%,23.81%,4.76%,9.52%,23.81%,,,,,,,,,
ENGL-104-408,9,7,1,2,2,21,2.904,0,0,0,1,0,22,CATON A
"",42.86%,33.33%,4.76%,9.52%,9.52%,,,,,,,,,
COURSE TOTAL:,79,33,19,7,11,149,3.087,0,0,0,4,0,153,
"",53.02%,22.15%,12.75%,4.70%,7.38%,,,,,,,,,
ENGL-203-402,8,8,0,1,2,19,3.000,2,0,0,2,0,23,OTTMAN R
"",42.11%,42.11%,0.00%,5.26%,10.53%,,,,,,,,,
COURSE TOTAL:,8,8,0,1,2,19,3.000,2,0,0,2,0,23,
"",42.11%,42.11%,0.00%,5.26%,10.53%,,,,,,,,,
ENGL-210-401,20,0,1,0,0,21,3.904,0,0,0,1,0,22,ECHOLS K
"",95.24%,0.00%,4.76%,0.00%,0.00%,,,,,,,,,
ENGL-210-402,5,11,4,0,2,22,2.772,0,0,0,0,0,22,BALLINGALL T
"",22.73%,50.00%,18.18%,0.00%,9.09%,,,,,,,,,
ENGL-210-403,6,15,0,0,1,22,3.136,0,0,0,0,0,22,BALLINGALL T
"",27.27%,68.18%,0.00%,0.00%,4.55%,,,,,,,,,
ENGL-210-404,4,15,1,0,0,20,3.150,0,0,0,0,0,20,BALLINGALL T
"",20.00%,75.00%,5.00%,0.00%,0.00%,,,,,,,,,
ENGL-210-406,9,12,1,0,0,22,3.363,0,0,0,0,0,22,BALLINGALL T
"",40.91%,54.55%,4.55%,0.00%,0.00%,,,,,,,,,
COURSE TOTAL:,44,53,7,0,3,107,3.261,0,0,0,1,0,108,
"",41.12%,49.53%,6.54%,0.00%,2.80%,,,,,,,,,
ENGL-212-400,20,3,1,0,0,24,3.791,0,0,0,0,0,24,ECHOLS K
"",83.33%,12.50%,4.17%,0.00%,0.00%,,,,,,,,,
COURSE TOTAL:,20,3,1,0,0,24,3.791,0,0,0,0,0,24,
"",83.33%,12.50%,4.17%,0.00%,0.00%,,,,,,,,,
ENGL-251-402,1,24,10,1,2,38,2.552,0,0,0,1,0,39,TRABER D
"",2.63%,63.16%,26.32%,2.63%,5.26%,,,,,,,,,
COURSE TOTAL:,1,24,10,1,2,38,2.552,0,0,0,1,0,39,
"",2.63%,63.16%,26.32%,2.63%,5.26%,,,,,,,,,
ENGL-338-400,3,9,7,1,0,20,2.700,0,0,0,0,0,20,TRABER D
"",15.00%,45.00%,35.00%,5.00%,0.00%,,,,,,,,,
COURSE TOTAL:,3,9,7,1,0,20,2.700,0,0,0,0,0,20,
"",15.00%,45.00%,35.00%,5.00%,0.00%,,,,,,,,,
GALV-401-401,5,0,0,0,0,5,4.000,0,0,0,1,0,6,FALVO K
"",100.00%,0.00%,0.00%,0.00%,0.00%,,,,,,,,,
COURSE TOTAL:,5,0,0,0,0,5,4.000,0,0,0,1,0,6,
"",100.00%,0.00%,0.00%,0.00%,0.00%,,,,,,,,,
HISP-204-498,26,6,3,1,0,36,3.583,0,0,0,3,0,39,MANDUJANO M
"",72.22%,16.67%,8.33%,2.78%,0.00%,,,,,,,,,
COURSE TOTAL:,26,6,3,1,0,36,3.583,0,0,0,3,0,39,
"",72.22%,16.67%,8.33%,2.78%,0.00%,,,,,,,,,
HIST-105-401,23,22,7,5,5,62,2.854,0,0,0,1,0,63,FALVO K
"",37.10%,35.48%,11.29%,8.06%,8.06%,,,,,,,,,
HIST-105-402,27,19,9,1,6,62,2.967,0,0,0,1,0,63,FALVO K
"",43.55%,30.65%,14.52%,1.61%,9.68%,,,,,,,,,
COURSE TOTAL:,50,41,16,6,11,124,2.911,0,0,0,2,0,126,
"",40.32%,33.06%,12.90%,4.84%,8.87%,,,,,,,,,
HIST-106-400,1,17,20,6,13,57,1.771,2,0,0,3,0,62,RYAN J
"",1.75%,29.82%,35.09%,10.53%,22.81%,,,,,,,,,
HIST-106-700,8,12,7,5,1,33,2.636,0,0,0,2,0,35,FALVO K
"",24.24%,36.36%,21.21%,15.15%,3.03%,,,,,,,,,
COURSE TOTAL:,9,29,27,11,14,90,2.088,2,0,0,5,0,97,
"",10.00%,32.22%,30.00%,12.22%,15.56%,,,,,,,,,
HIST-232-401,8,18,24,5,7,62,2.241,0,0,0,0,0,62,EARLE T
"",12.90%,29.03%,38.71%,8.06%,11.29%,,,,,,,,,
HIST-232-402,2,26,19,5,4,56,2.303,0,0,0,2,0,58,EARLE T
"",3.57%,46.43%,33.93%,8.93%,7.14%,,,,,,,,,
COURSE TOTAL:,10,44,43,10,11,118,2.271,0,0,0,2,0,120,
"",8.47%,37.29%,36.44%,8.47%,9.32%,,,,,,,,,
KINE-120-402,4,1,2,0,4,11,2.090,0,0,0,1,0,12,SLATTON K
"",36.36%,9.09%,18.18%,0.00%,36.36%,,,,,,,,,
KINE-120-404,9,3,3,0,3,18,2.833,0,0,0,0,0,18,SLATTON K
"",50.00%,16.67%,16.67%,0.00%,16.67%,,,,,,,,,
COURSE TOTAL:,13,4,5,0,7,29,2.551,0,0,0,1,0,30,
"",44.83%,13.79%,17.24%,0.00%,24.14%,,,,,,,,,
KINE-199-414,8,0,0,0,0,8,3.200,0,5,2,1,0,16,SLATTON K
"",100.00%,0.00%,0.00%,0.00%,0.00%,,,,,,,,,
KINE-199-511,11,1,0,0,0,12,3.916,0,4,0,1,0,17,SLATTON K
"",91.67%,8.33%,0.00%,0.00%,0.00%,,,,,,,,,
COURSE TOTAL:,19,1,0,0,0,20,3.590,0,9,2,2,0,33,
"",95.00%,5.00%,0.00%,0.00%,0.00%,,,,,,,,,
KINE-282-400,10,4,0,0,0,14,3.714,0,0,0,2,0,16,SLATTON K
"",71.43%,28.57%,0.00%,0.00%,0.00%,,,,,,,,,
COURSE TOTAL:,10,4,0,0,0,14,3.714,0,0,0,2,0,16,
"",71.43%,28.57%,0.00%,0.00%,0.00%,,,,,,,,,
MAST-220-401,1,8,1,1,1,12,2.583,0,0,0,0,0,12,JOSVOLL K
"",8.33%,66.67%,8.33%,8.33%,8.33%,,,,,,,,,
COURSE TOTAL:,1,8,1,1,1,12,2.583,0,0,0,0,0,12,
"",8.33%,66.67%,8.33%,8.33%,8.33%,,,,,,,,,
MAST-240-401,9,5,1,2,1,18,3.055,0,0,0,0,0,18,JOSVOLL K
"",50.00%,27.78%,5.56%,11.11%,5.56%,,,,,,,,,
COURSE TOTAL:,9,5,1,2,1,18,3.055,0,0,0,0,0,18,
"",50.00%,27.78%,5.56%,11.11%,5.56%,,,,,,,,,
MAST-270-400,7,3,3,0,1,14,3.071,0,0,0,0,0,14,JOSVOLL K
"",50.00%,21.43%,21.43%,0.00%,7.14%,,,,,,,,,
COURSE TOTAL:,7,3,3,0,1,14,3.071,0,0,0,0,0,14,
"",50.00%,21.43%,21.43%,0.00%,7.14%,,,,,,,,,
MAST-333-400,13,15,4,0,0,32,3.281,0,0,0,0,0,32,MARK S
"",40.63%,46.88%,12.50%,0.00%,0.00%,,,,,,,,,
COURSE TOTAL:,13,15,4,0,0,32,3.281,0,0,0,0,0,32,
"",40.63%,46.88%,12.50%,0.00%,0.00%,,,,,,,,,
MAST-365-400,4,12,5,0,0,21,2.952,0,0,0,0,0,21,JOSVOLL K
"",19.05%,57.14%,23.81%,0.00%,0.00%,,,,,,,,,
COURSE TOTAL:,4,12,5,0,0,21,2.952,0,0,0,0,0,21,
"",19.05%,57.14%,23.81%,0.00%,0.00%,,,,,,,,,
MAST-484-400,6,0,2,0,0,8,3.500,0,0,0,0,0,8,JOSVOLL K
"",75.00%,0.00%,25.00%,0.00%,0.00%,,,,,,,,,
COURSE TOTAL:,6,0,2,0,0,8,3.500,0,0,0,0,0,8,
"",75.00%,0.00%,25.00%,0.00%,0.00%,,,,,,,,,
MAST-489-401,8,2,0,0,0,10,3.800,0,0,0,0,0,10,HANEY A
"",80.00%,20.00%,0.00%,0.00%,0.00%,,,,,,,,,
COURSE TOTAL:,8,2,0,0,0,10,3.800,0,0,0,0,0,10,
"",80.00%,20.00%,0.00%,0.00%,0.00%,,,,,,,,,
MATH-140-403,1,4,3,1,1,10,2.300,0,0,0,2,0,12,ACERO-SCHERTZER C
"",10.00%,40.00%,30.00%,10.00%,10.00%,,,,,,,,,
COURSE TOTAL:,1,4,3,1,1,10,2.300,0,0,0,2,0,12,
"",10.00%,40.00%,30.00%,10.00%,10.00%,,,,,,,,,
PBSI-107-401,29,1,0,0,0,30,3.966,0,0,0,0,0,30,MCCLOUD D
"",96.67%,3.33%,0.00%,0.00%,0.00%,,,,,,,,,
COURSE TOTAL:,29,1,0,0,0,30,3.966,0,0,0,0,0,30,
"",96.67%,3.33%,0.00%,0.00%,0.00%,,,,,,,,,
PERF-226-400,67,2,1,0,0,70,3.942,0,0,0,0,0,70,KATES-HAMMOND C
"",95.71%,2.86%,1.43%,0.00%,0.00%,,,,,,,,,
PERF-226-700,45,0,0,0,0,45,4.000,0,0,0,0,0,45,KATES-HAMMOND C
"",100.00%,0.00%,0.00%,0.00%,0.00%,,,,,,,,,
COURSE TOTAL:,112,2,1,0,0,115,3.965,0,0,0,0,0,115,
"",97.39%,1.74%,0.87%,0.00%,0.00%,,,,,,,,,
PERF-281-400,16,12,4,1,4,37,2.945,0,0,0,4,0,41,NEALON W
"",43.24%,32.43%,10.81%,2.70%,10.81%,,,,,,,,,
COURSE TOTAL:,16,12,4,1,4,37,2.945,0,0,0,4,0,41,
"",43.24%,32.43%,10.81%,2.70%,10.81%,,,,,,,,,
PERF-301-700,33,8,2,0,0,43,3.720,0,0,0,1,0,44,NEALON W
"",76.74%,18.60%,4.65%,0.00%,0.00%,,,,,,,,,
COURSE TOTAL:,33,8,2,0,0,43,3.720,0,0,0,1,0,44,
"",76.74%,18.60%,4.65%,0.00%,0.00%,,,,,,,,,
PHIL-111-400,17,9,4,0,0,30,3.433,1,0,0,4,0,35,DOMSKY D
"",56.67%,30.00%,13.33%,0.00%,0.00%,,,,,,,,,
COURSE TOTAL:,17,9,4,0,0,30,3.433,1,0,0,4,0,35,
"",56.67%,30.00%,13.33%,0.00%,0.00%,,,,,,,,,
PHIL-251-400,12,15,5,0,3,35,2.942,1,0,0,3,0,39,DOMSKY D
"",34.29%,42.86%,14.29%,0.00%,8.57%,,,,,,,,,
COURSE TOTAL:,12,15,5,0,3,35,2.942,1,0,0,3,0,39,
"",34.29%,42.86%,14.29%,0.00%,8.57%,,,,,,,,,
POLS-206-402,33,44,25,18,17,137,2.423,0,0,0,11,0,148,HANEY A
"",24.09%,32.12%,18.25%,13.14%,12.41%,,,,,,,,,
POLS-206-403,3,8,14,11,9,45,1.666,0,0,0,4,0,49,HANEY A
"",6.67%,17.78%,31.11%,24.44%,20.00%,,,,,,,,,
COURSE TOTAL:,36,52,39,29,26,182,2.236,0,0,0,15,0,197,
"",19.78%,28.57%,21.43%,15.93%,14.29%,,,,,,,,,
POLS-207-400,34,30,18,10,5,97,2.804,0,0,0,7,0,104,HANEY A
"",35.05%,30.93%,18.56%,10.31%,5.15%,,,,,,,,,
POLS-207-401,25,47,25,11,8,116,2.603,0,0,0,6,0,122,HANEY A
"",21.55%,40.52%,21.55%,9.48%,6.90%,,,,,,,,,
POLS-207-700,23,19,5,2,0,49,3.285,0,0,0,0,0,49,NYMAN E
"",46.94%,38.78%,10.20%,4.08%,0.00%,,,,,,,,,
COURSE TOTAL:,82,96,48,23,13,262,2.805,0,0,0,13,0,275,
"",31.30%,36.64%,18.32%,8.78%,4.96%,,,,,,,,,
POLS-232-400,6,9,7,1,2,25,2.640,0,0,0,2,0,27,DIGEORGIO-LUTZ J
"",24.00%,36.00%,28.00%,4.00%,8.00%,,,,,,,,,
COURSE TOTAL:,6,9,7,1,2,25,2.640,0,0,0,2,0,27,
"",24.00%,36.00%,28.00%,4.00%,8.00%,,,,,,,,,
POLS-347-499,6,8,1,0,2,17,2.941,0,0,0,0,0,17,NYMAN E
"",35.29%,47.06%,5.88%,0.00%,11.76%,,,,,,,,,
COURSE TOTAL:,6,8,1,0,2,17,2.941,0,0,0,0,0,17,
"",35.29%,47.06%,5.88%,0.00%,11.76%,,,,,,,,,
SOCI-205-498,5,11,7,4,0,27,2.629,1,0,0,1,0,29,LAMPHERE J
"",18.52%,40.74%,25.93%,14.81%,0.00%,,,,,,,,,
SOCI-205-700,3,16,7,0,0,26,2.846,3,0,0,1,0,30,LAMPHERE J
"",11.54%,61.54%,26.92%,0.00%,0.00%,,,,,,,,,
COURSE TOTAL:,8,27,14,4,0,53,2.735,4,0,0,2,0,59,
"",15.09%,50.94%,26.42%,7.55%,0.00%,,,,,,,,,
SPMT-337-400,10,3,1,0,0,14,3.642,0,0,0,0,0,14,SLATTON K
"",71.43%,21.43%,7.14%,0.00%,0.00%,,,,,,,,,
COURSE TOTAL:,10,3,1,0,0,14,3.642,0,0,0,0,0,14,
"",71.43%,21.43%,7.14%,0.00%,0.00%,,,,,,,,,
DEPARTMENT TOTAL:,919,683,323,105,134,2164,2.991,10,9,2,85,1,2271
"",42.47%,31.56%,14.93%,4.85%,6.19%,,,,,,,,
GEOG-665-601,8,2,1,1,0,12,3.416,0,0,0,0,0,12,RETCHLESS D
"",66.67%,16.67%,8.33%,8.33%,0.00%,,,,,,,,,
COURSE TOTAL:,8,2,1,1,0,12,3.416,0,0,0,0,0,12,
"",66.67%,16.67%,8.33%,8.33%,0.00%,,,,,,,,,
MARS-102-401,5,4,5,0,1,15,2.800,0,0,0,1,0,16,VAN HENGSTUM P
"",33.33%,26.67%,33.33%,0.00%,6.67%,,,,,,,,,
MARS-102-402,3,5,6,1,1,16,2.500,1,0,0,0,0,17,VAN HENGSTUM P
"",18.75%,31.25%,37.50%,6.25%,6.25%,,,,,,,,,
MARS-102-403,3,6,4,2,1,16,2.500,0,0,0,0,0,16,VAN HENGSTUM P
"",18.75%,37.50%,25.00%,12.50%,6.25%,,,,,,,,,
MARS-102-404,3,7,2,2,1,15,2.600,0,0,0,0,0,15,VAN HENGSTUM P
"",20.00%,46.67%,13.33%,13.33%,6.67%,,,,,,,,,
MARS-102-405,5,1,4,2,2,14,2.357,0,0,0,1,0,15,VAN HENGSTUM P
"",35.71%,7.14%,28.57%,14.29%,14.29%,,,,,,,,,
MARS-102-406,5,4,5,1,0,15,2.866,0,0,0,0,0,15,VAN HENGSTUM P
"",33.33%,26.67%,33.33%,6.67%,0.00%,,,,,,,,,
MARS-102-407,0,4,3,1,3,11,1.727,0,0,0,0,0,11,VAN HENGSTUM P
"",0.00%,36.36%,27.27%,9.09%,27.27%,,,,,,,,,
MARS-102-408,1,4,5,5,0,15,2.066,0,0,0,0,0,15,VAN HENGSTUM P
"",6.67%,26.67%,33.33%,33.33%,0.00%,,,,,,,,,
MARS-102-409,2,3,6,0,2,13,2.230,0,0,0,0,0,13,VAN HENGSTUM P
"",15.38%,23.08%,46.15%,0.00%,15.38%,,,,,,,,,
MARS-102-410,1,1,6,3,1,12,1.833,0,0,0,0,0,12,VAN HENGSTUM P
"",8.33%,8.33%,50.00%,25.00%,8.33%,,,,,,,,,
MARS-102-411,1,1,3,0,2,7,1.857,0,0,0,0,0,7,VAN HENGSTUM P
"",14.29%,14.29%,42.86%,0.00%,28.57%,,,,,,,,,
MARS-102-412,2,4,3,3,0,12,2.416,1,0,0,0,0,13,VAN HENGSTUM P
"",16.67%,33.33%,25.00%,25.00%,0.00%,,,,,,,,,
COURSE TOTAL:,31,44,52,20,14,161,2.360,2,0,0,2,0,165,
"",19.25%,27.33%,32.30%,12.42%,8.70%,,,,,,,,,
MARS-210-401,14,7,4,0,0,25,3.400,0,0,0,1,0,26,RETCHLESS D
"",56.00%,28.00%,16.00%,0.00%,0.00%,,,,,,,,,
COURSE TOTAL:,14,7,4,0,0,25,3.400,0,0,0,1,0,26,
"",56.00%,28.00%,16.00%,0.00%,0.00%,,,,,,,,,
MARS-280-901,18,6,0,0,0,24,3.750,0,0,0,1,0,25,DAVLASHERIDZE M
"",75.00%,25.00%,0.00%,0.00%,0.00%,,,,,,,,,
COURSE TOTAL:,18,6,0,0,0,24,3.750,0,0,0,1,0,25,
"",75.00%,25.00%,0.00%,0.00%,0.00%,,,,,,,,,
MARS-305-400,1,2,3,0,2,8,2.000,0,0,0,0,0,8,SMITH C
"",12.50%,25.00%,37.50%,0.00%,25.00%,,,,,,,,,
MARS-305-401,2,4,1,1,1,9,2.555,0,0,0,0,0,9,SMITH C
"",22.22%,44.44%,11.11%,11.11%,11.11%,,,,,,,,,
COURSE TOTAL:,3,6,4,1,3,17,2.294,0,0,0,0,0,17,
"",17.65%,35.29%,23.53%,5.88%,17.65%,,,,,,,,,
MARS-325-401,5,6,2,0,0,13,3.230,0,0,0,1,0,14,RITT B
"",38.46%,46.15%,15.38%,0.00%,0.00%,,,,,,,,,
COURSE TOTAL:,5,6,2,0,0,13,3.230,0,0,0,1,0,14,
"",38.46%,46.15%,15.38%,0.00%,0.00%,,,,,,,,,
MARS-410-401,3,3,3,2,0,11,2.636,0,0,0,0,0,11,PARK K
"",27.27%,27.27%,27.27%,18.18%,0.00%,,,,,,,,,
COURSE TOTAL:,3,3,3,2,0,11,2.636,0,0,0,0,0,11,
"",27.27%,27.27%,27.27%,18.18%,0.00%,,,,,,,,,
MARS-420-401,5,5,1,0,0,11,3.363,0,0,0,0,0,11,WILLIFORD T
"",45.45%,45.45%,9.09%,0.00%,0.00%,,,,,,,,,
MARS-420-402,5,1,3,1,0,10,3.000,0,0,0,0,0,10,WILLIFORD T
"",50.00%,10.00%,30.00%,10.00%,0.00%,,,,,,,,,
MARS-420-403,1,3,1,1,0,6,2.666,0,0,0,0,0,6,WILLIFORD T
"",16.67%,50.00%,16.67%,16.67%,0.00%,,,,,,,,,
COURSE TOTAL:,11,9,5,2,0,27,3.074,0,0,0,0,0,27,
"",40.74%,33.33%,18.52%,7.41%,0.00%,,,,,,,,,
MARS-460-901,5,1,1,0,0,7,3.571,0,0,0,0,0,7,SMITH C
"",71.43%,14.29%,14.29%,0.00%,0.00%,,,,,,,,,
COURSE TOTAL:,5,1,1,0,0,7,3.571,0,0,0,0,0,7,
"",71.43%,14.29%,14.29%,0.00%,0.00%,,,,,,,,,
MARS-481-401,6,0,0,0,0,6,4.000,0,0,0,0,0,6,SANTSCHI P
"",100.00%,0.00%,0.00%,0.00%,0.00%,,,,,,,,,
COURSE TOTAL:,6,0,0,0,0,6,4.000,0,0,0,0,0,6,
"",100.00%,0.00%,0.00%,0.00%,0.00%,,,,,,,,,
MARS-489-401,4,7,6,2,0,19,2.684,0,0,0,0,0,19,SMITH C
"",21.05%,36.84%,31.58%,10.53%,0.00%,,,,,,,,,
COURSE TOTAL:,4,7,6,2,0,19,2.684,0,0,0,0,0,19,
"",21.05%,36.84%,31.58%,10.53%,0.00%,,,,,,,,,
MARS-491-404,5,0,0,0,0,5,4.000,0,0,0,0,0,5,SMITH C
"",100.00%,0.00%,0.00%,0.00%,0.00%,,,,,,,,,
COURSE TOTAL:,5,0,0,0,0,5,4.000,0,0,0,0,0,5,
"",100.00%,0.00%,0.00%,0.00%,0.00%,,,,,,,,,
MARS-603-600,13,5,1,0,0,19,3.631,0,0,0,1,0,20,DAVLASHERIDZE M
"",68.42%,26.32%,5.26%,0.00%,0.00%,,,,,,,,,
COURSE TOTAL:,13,5,1,0,0,19,3.631,0,0,0,1,0,20,
"",68.42%,26.32%,5.26%,0.00%,0.00%,,,,,,,,,
MARS-652-600,12,0,0,0,0,12,4.000,0,0,0,0,0,12,LEE Y
"",100.00%,0.00%,0.00%,0.00%,0.00%,,,,,,,,,
COURSE TOTAL:,12,0,0,0,0,12,4.000,0,0,0,0,0,12,
"",100.00%,0.00%,0.00%,0.00%,0.00%,,,,,,,,,
MARS-660-699,15,0,0,0,0,15,4.000,0,0,0,0,0,15,ROSS A
"",100.00%,0.00%,0.00%,0.00%,0.00%,,,,,,,,,
COURSE TOTAL:,15,0,0,0,0,15,4.000,0,0,0,0,0,15,
"",100.00%,0.00%,0.00%,0.00%,0.00%,,,,,,,,,
MARS-676-601,8,1,0,0,0,9,3.888,0,0,0,0,0,9,BODSON B
"",88.89%,11.11%,0.00%,0.00%,0.00%,,,,,,,,,
COURSE TOTAL:,8,1,0,0,0,9,3.888,0,0,0,0,0,9,
"",88.89%,11.11%,0.00%,0.00%,0.00%,,,,,,,,,
MARS-680-600,5,0,0,0,0,5,4.000,0,0,0,0,0,5,MERRELL W
"",100.00%,0.00%,0.00%,0.00%,0.00%,,,,,,,,,
COURSE TOTAL:,5,0,0,0,0,5,4.000,0,0,0,0,0,5,
"",100.00%,0.00%,0.00%,0.00%,0.00%,,,,,,,,,
MARS-689-601,10,0,1,0,0,11,3.818,0,0,0,0,0,11,BRODY S
"",90.91%,0.00%,9.09%,0.00%,0.00%,,,,,,,,,
COURSE TOTAL:,10,0,1,0,0,11,3.818,0,0,0,0,0,11
"",90.91%,0.00%,9.09%,0.00%,0.00%,,,,,,,,
DEPARTMENT TOTAL:,176,97,80,28,17,398,2.865,2,0,0,6,0,406
"",44.22%,24.37%,20.10%,7.04%,4.27%,,,,,,,,
BIOL-111-401,11,4,6,2,0,23,3.043,0,0,0,0,0,23,SCHWEIGHOFER M
"",47.83%,17.39%,26.09%,8.70%,0.00%,,,,,,,,,
BIOL-111-402,8,7,4,1,2,22,2.818,0,0,0,0,0,22,SCHWEIGHOFER M
"",36.36%,31.82%,18.18%,4.55%,9.09%,,,,,,,,,
BIOL-111-403,10,9,4,1,0,24,3.166,0,0,0,1,0,25,SCHWEIGHOFER M
"",41.67%,37.50%,16.67%,4.17%,0.00%,,,,,,,,,
COURSE TOTAL:,29,20,14,4,2,69,3.014,0,0,0,1,0,70,
"",42.03%,28.99%,20.29%,5.80%,2.90%,,,,,,,,,
BIOL-351-900,7,1,0,0,0,8,3.875,0,0,0,0,0,8,LABONTE J
"",87.50%,12.50%,0.00%,0.00%,0.00%,,,,,,,,,
BIOL-351-901,9,0,2,0,0,11,3.636,0,0,0,1,0,12,LABONTE J
"",81.82%,0.00%,18.18%,0.00%,0.00%,,,,,,,,,
COURSE TOTAL:,16,1,2,0,0,19,3.736,0,0,0,1,0,20,
"",84.21%,5.26%,10.53%,0.00%,0.00%,,,,,,,,,
MARB-101-200,9,0,0,0,0,9,4.000,0,0,0,0,0,9,STEICHEN J
"",100.00%,0.00%,0.00%,0.00%,0.00%,,,,,,,,,
MARB-101-401,15,3,3,1,2,24,3.166,0,0,0,0,0,24,STEICHEN J
"",62.50%,12.50%,12.50%,4.17%,8.33%,,,,,,,,,
MARB-101-402,20,2,1,0,0,23,3.826,0,0,0,0,0,23,STEICHEN J
"",86.96%,8.70%,4.35%,0.00%,0.00%,,,,,,,,,
MARB-101-403,19,2,1,1,0,23,3.695,0,0,0,0,0,23,STEICHEN J
"",82.61%,8.70%,4.35%,4.35%,0.00%,,,,,,,,,
MARB-101-404,11,3,0,0,0,14,3.785,0,0,0,1,0,15,STEICHEN J
"",78.57%,21.43%,0.00%,0.00%,0.00%,,,,,,,,,
MARB-101-405,12,2,2,0,2,18,3.222,0,0,0,0,0,18,STEICHEN J
"",66.67%,11.11%,11.11%,0.00%,11.11%,,,,,,,,,
MARB-101-406,14,5,2,0,0,21,3.571,0,0,0,1,0,22,STEICHEN J
"",66.67%,23.81%,9.52%,0.00%,0.00%,,,,,,,,,
COURSE TOTAL:,100,17,9,2,4,132,3.568,0,0,0,2,0,134,
"",75.76%,12.88%,6.82%,1.52%,3.03%,,,,,,,,,
MARB-215-401,0,5,3,0,0,8,2.625,0,0,0,0,0,8,SCHWEIGHOFER M
"",0.00%,62.50%,37.50%,0.00%,0.00%,,,,,,,,,
MARB-215-402,3,2,5,0,0,10,2.800,0,0,0,0,0,10,SCHWEIGHOFER M
"",30.00%,20.00%,50.00%,0.00%,0.00%,,,,,,,,,
MARB-215-403,1,6,0,0,0,7,3.142,0,0,0,0,0,7,SCHWEIGHOFER M
"",14.29%,85.71%,0.00%,0.00%,0.00%,,,,,,,,,
MARB-215-404,3,3,5,0,0,11,2.818,0,0,0,0,0,11,SCHWEIGHOFER M
"",27.27%,27.27%,45.45%,0.00%,0.00%,,,,,,,,,
MARB-215-405,5,2,3,0,0,10,3.200,0,0,0,0,0,10,SCHWEIGHOFER M
"",50.00%,20.00%,30.00%,0.00%,0.00%,,,,,,,,,
MARB-215-406,4,6,2,0,0,12,3.166,1,0,0,0,0,13,SCHWEIGHOFER M
"",33.33%,50.00%,16.67%,0.00%,0.00%,,,,,,,,,
MARB-215-407,1,3,1,0,0,5,3.000,0,0,0,0,0,5,SCHWEIGHOFER M
"",20.00%,60.00%,20.00%,0.00%,0.00%,,,,,,,,,
MARB-215-408,6,3,1,0,0,10,3.500,0,0,0,0,0,10,SCHWEIGHOFER M
"",60.00%,30.00%,10.00%,0.00%,0.00%,,,,,,,,,
MARB-215-409,2,6,3,0,0,11,2.909,0,0,0,0,0,11,SCHWEIGHOFER M
"",18.18%,54.55%,27.27%,0.00%,0.00%,,,,,,,,,
COURSE TOTAL:,25,36,23,0,0,84,3.023,1,0,0,0,0,85,
"",29.76%,42.86%,27.38%,0.00%,0.00%,,,,,,,,,
MARB-301-401,4,7,2,1,0,14,3.000,0,0,0,0,0,14,EYTAN R
"",28.57%,50.00%,14.29%,7.14%,0.00%,,,,,,,,,
MARB-301-402,9,2,4,0,0,15,3.333,0,0,0,2,0,17,EYTAN R
"",60.00%,13.33%,26.67%,0.00%,0.00%,,,,,,,,,
MARB-301-403,5,8,2,1,1,17,2.882,0,0,0,0,0,17,EYTAN R
"",29.41%,47.06%,11.76%,5.88%,5.88%,,,,,,,,,
MARB-301-404,9,3,1,0,0,13,3.615,0,0,0,0,0,13,EYTAN R
"",69.23%,23.08%,7.69%,0.00%,0.00%,,,,,,,,,
MARB-301-405,8,5,2,0,0,15,3.400,1,0,0,2,0,18,EYTAN R
"",53.33%,33.33%,13.33%,0.00%,0.00%,,,,,,,,,
MARB-301-406,5,1,1,1,1,9,2.888,0,0,0,0,0,9,EYTAN R
"",55.56%,11.11%,11.11%,11.11%,11.11%,,,,,,,,,
COURSE TOTAL:,40,26,12,3,2,83,3.192,1,0,0,4,0,88,
"",48.19%,31.33%,14.46%,3.61%,2.41%,,,,,,,,,
MARB-303-401,5,3,1,2,0,11,3.000,0,0,0,0,0,11,MATICH P
"",45.45%,27.27%,9.09%,18.18%,0.00%,,,,,,,,,
MARB-303-402,5,7,1,0,0,13,3.307,0,0,0,0,0,13,MATICH P
"",38.46%,53.85%,7.69%,0.00%,0.00%,,,,,,,,,
MARB-303-403,7,3,1,0,0,11,3.545,0,0,0,0,0,11,MATICH P
"",63.64%,27.27%,9.09%,0.00%,0.00%,,,,,,,,,
MARB-303-404,3,3,3,0,3,12,2.250,0,0,0,0,0,12,MATICH P
"",25.00%,25.00%,25.00%,0.00%,25.00%,,,,,,,,,
MARB-303-405,5,2,1,3,1,12,2.583,0,0,0,0,0,12,MATICH P
"",41.67%,16.67%,8.33%,25.00%,8.33%,,,,,,,,,
MARB-303-406,3,5,2,1,1,12,2.666,0,0,0,0,0,12,MATICH P
"",25.00%,41.67%,16.67%,8.33%,8.33%,,,,,,,,,
COURSE TOTAL:,28,23,9,6,5,71,2.887,0,0,0,0,0,71,
"",39.44%,32.39%,12.68%,8.45%,7.04%,,,,,,,,,
MARB-320-401,4,5,1,0,0,10,3.300,0,0,0,0,0,10,WELLS R
"",40.00%,50.00%,10.00%,0.00%,0.00%,,,,,,,,,
MARB-320-402,5,4,1,0,0,10,3.400,0,0,0,0,0,10,WELLS R
"",50.00%,40.00%,10.00%,0.00%,0.00%,,,,,,,,,
MARB-320-403,3,5,1,0,0,9,3.222,0,0,0,0,0,9,WELLS R
"",33.33%,55.56%,11.11%,0.00%,0.00%,,,,,,,,,
COURSE TOTAL:,12,14,3,0,0,29,3.310,0,0,0,0,0,29,
"",41.38%,48.28%,10.34%,0.00%,0.00%,,,,,,,,,
MARB-401-401,15,4,1,0,0,20,3.700,0,0,0,0,0,20,DAVIS R
"",75.00%,20.00%,5.00%,0.00%,0.00%,,,,,,,,,
COURSE TOTAL:,15,4,1,0,0,20,3.700,0,0,0,0,0,20,
"",75.00%,20.00%,5.00%,0.00%,0.00%,,,,,,,,,
MARB-405-400,26,0,0,0,1,27,3.851,0,0,0,0,0,27,PETERSEN L
"",96.30%,0.00%,0.00%,0.00%,3.70%,,,,,,,,,
COURSE TOTAL:,26,0,0,0,1,27,3.851,0,0,0,0,0,27,
"",96.30%,0.00%,0.00%,0.00%,3.70%,,,,,,,,,
MARB-410-400,42,2,1,0,0,45,3.911,0,0,0,0,0,45,PETERSEN L
"",93.33%,4.44%,2.22%,0.00%,0.00%,,,,,,,,,
COURSE TOTAL:,42,2,1,0,0,45,3.911,0,0,0,0,0,45,
"",93.33%,4.44%,2.22%,0.00%,0.00%,,,,,,,,,
MARB-411-400,17,0,2,3,0,22,3.409,0,0,0,0,0,22,MATICH P
"",77.27%,0.00%,9.09%,13.64%,0.00%,,,,,,,,,
COURSE TOTAL:,17,0,2,3,0,22,3.409,0,0,0,0,0,22,
"",77.27%,0.00%,9.09%,13.64%,0.00%,,,,,,,,,
MARB-414-400,5,1,0,0,0,6,3.833,0,0,0,0,0,6,HALA D
"",83.33%,16.67%,0.00%,0.00%,0.00%,,,,,,,,,
MARB-414-402,8,1,0,0,0,9,3.888,0,0,0,0,0,9,HALA D
"",88.89%,11.11%,0.00%,0.00%,0.00%,,,,,,,,,
COURSE TOTAL:,13,2,0,0,0,15,3.866,0,0,0,0,0,15,
"",86.67%,13.33%,0.00%,0.00%,0.00%,,,,,,,,,
MARB-420-401,1,5,9,1,0,16,2.375,0,0,0,0,0,16,DAVIS R
"",6.25%,31.25%,56.25%,6.25%,0.00%,,,,,,,,,
MARB-420-402,4,5,5,0,0,14,2.928,0,0,0,0,0,14,DAVIS R
"",28.57%,35.71%,35.71%,0.00%,0.00%,,,,,,,,,
MARB-420-403,5,6,3,3,0,17,2.764,0,0,0,0,1,18,DAVIS R
"",29.41%,35.29%,17.65%,17.65%,0.00%,,,,,,,,,
COURSE TOTAL:,10,16,17,4,0,47,2.680,0,0,0,0,1,48,
"",21.28%,34.04%,36.17%,8.51%,0.00%,,,,,,,,,
MARB-423-400,9,3,0,0,0,12,3.750,0,0,0,0,0,12,ALVARADO-BREMER J
"",75.00%,25.00%,0.00%,0.00%,0.00%,,,,,,,,,
MARB-423-401,12,1,0,0,0,13,3.923,0,0,0,0,0,13,ALVARADO-BREMER J
"",92.31%,7.69%,0.00%,0.00%,0.00%,,,,,,,,,
MARB-423-402,9,2,0,0,0,11,3.818,1,0,0,0,0,12,ALVARADO-BREMER J
"",81.82%,18.18%,0.00%,0.00%,0.00%,,,,,,,,,
COURSE TOTAL:,30,6,0,0,0,36,3.833,1,0,0,0,0,37,
"",83.33%,16.67%,0.00%,0.00%,0.00%,,,,,,,,,
MARB-426-400,11,3,0,0,0,14,3.785,0,0,0,0,0,14,MATICH P
"",78.57%,21.43%,0.00%,0.00%,0.00%,,,,,,,,,
COURSE TOTAL:,11,3,0,0,0,14,3.785,0,0,0,0,0,14,
"",78.57%,21.43%,0.00%,0.00%,0.00%,,,,,,,,,
MARB-430-401,10,3,0,0,0,13,3.769,0,0,0,0,0,13,ARMITAGE A
"",76.92%,23.08%,0.00%,0.00%,0.00%,,,,,,,,,
MARB-430-402,11,1,0,0,0,12,3.916,0,0,0,0,0,12,ARMITAGE A
"",91.67%,8.33%,0.00%,0.00%,0.00%,,,,,,,,,
MARB-430-403,9,2,2,0,0,13,3.538,0,0,0,0,0,13,ARMITAGE A
"",69.23%,15.38%,15.38%,0.00%,0.00%,,,,,,,,,
MARB-430-404,8,4,1,0,0,13,3.538,0,0,0,0,0,13,ARMITAGE A
"",61.54%,30.77%,7.69%,0.00%,0.00%,,,,,,,,,
MARB-430-407,7,6,0,0,0,13,3.538,0,0,0,1,0,14,ARMITAGE A
"",53.85%,46.15%,0.00%,0.00%,0.00%,,,,,,,,,
MARB-430-408,11,2,0,0,0,13,3.846,0,0,0,0,0,13,ARMITAGE A
"",84.62%,15.38%,0.00%,0.00%,0.00%,,,,,,,,,
COURSE TOTAL:,56,18,3,0,0,77,3.688,0,0,0,1,0,78,
"",72.73%,23.38%,3.90%,0.00%,0.00%,,,,,,,,,
MARB-435-901,3,7,3,0,1,14,2.785,0,0,0,0,0,14,SCHULZE A
"",21.43%,50.00%,21.43%,0.00%,7.14%,,,,,,,,,
MARB-435-902,7,4,1,0,0,12,3.500,0,0,0,0,0,12,SCHULZE A
"",58.33%,33.33%,8.33%,0.00%,0.00%,,,,,,,,,
MARB-435-903,5,5,2,0,0,12,3.250,0,0,0,0,0,12,SCHULZE A
"",41.67%,41.67%,16.67%,0.00%,0.00%,,,,,,,,,
MARB-435-904,2,9,0,0,1,12,2.916,0,0,0,0,0,12,SCHULZE A
"",16.67%,75.00%,0.00%,0.00%,8.33%,,,,,,,,,
MARB-435-905,3,5,0,0,0,8,3.375,0,0,0,0,0,8,SCHULZE A
"",37.50%,62.50%,0.00%,0.00%,0.00%,,,,,,,,,
MARB-435-906,4,4,1,0,0,9,3.333,0,0,0,0,0,9,SCHULZE A
"",44.44%,44.44%,11.11%,0.00%,0.00%,,,,,,,,,
COURSE TOTAL:,24,34,7,0,2,67,3.164,0,0,0,0,0,67,
"",35.82%,50.75%,10.45%,0.00%,2.99%,,,,,,,,,
MARB-484-400,11,0,0,0,0,11,0.000,0,0,0,0,0,11,ST. CLAIR K
"",100.00%,0.00%,0.00%,0.00%,0.00%,,,,,,,,,
MARB-484-401,7,0,0,0,0,7,4.000,0,0,0,0,0,7,SCHWEIGHOFER M
"",100.00%,0.00%,0.00%,0.00%,0.00%,,,,,,,,,
MARB-484-406,6,0,0,0,0,6,4.000,0,0,0,0,0,6,JURGENS L
"",100.00%,0.00%,0.00%,0.00%,0.00%,,,,,,,,,
COURSE TOTAL:,24,0,0,0,0,24,4.000,0,0,0,0,0,24,
"",100.00%,0.00%,0.00%,0.00%,0.00%,,,,,,,,,
MARB-491-401,5,0,0,0,0,5,4.000,0,0,0,0,0,5,QUIGG A
"",100.00%,0.00%,0.00%,0.00%,0.00%,,,,,,,,,
MARB-491-403,10,0,0,0,0,10,4.000,0,2,0,0,0,12,PETERSEN L
"",100.00%,0.00%,0.00%,0.00%,0.00%,,,,,,,,,
MARB-491-502,8,0,0,0,0,8,4.000,0,0,0,0,0,8,MATICH P
"",100.00%,0.00%,0.00%,0.00%,0.00%,,,,,,,,,
MARB-491-503,7,0,0,0,0,7,4.000,0,0,0,0,0,7,MIGLIETTA M
"",100.00%,0.00%,0.00%,0.00%,0.00%,,,,,,,,,
MARB-491-508,7,0,0,0,0,7,4.000,0,0,0,0,0,7,ARMITAGE A
"",100.00%,0.00%,0.00%,0.00%,0.00%,,,,,,,,,
COURSE TOTAL:,37,0,0,0,0,37,4.000,0,2,0,0,0,39,
"",100.00%,0.00%,0.00%,0.00%,0.00%,,,,,,,,,
MARB-640-601,14,3,0,0,0,17,3.823,0,0,0,1,0,18,JURGENS L
"",82.35%,17.65%,0.00%,0.00%,0.00%,,,,,,,,,
COURSE TOTAL:,14,3,0,0,0,17,3.823,0,0,0,1,0,18,
"",82.35%,17.65%,0.00%,0.00%,0.00%,,,,,,,,,
MARB-689-601,12,5,1,0,0,18,3.611,0,0,0,0,0,18,SCHULZE A
"",66.67%,27.78%,5.56%,0.00%,0.00%,,,,,,,,,
MARB-689-602,11,0,0,0,0,11,4.000,0,0,0,0,0,11,JURGENS L
"",100.00%,0.00%,0.00%,0.00%,0.00%,,,,,,,,,
MARB-689-603,11,0,0,0,0,11,4.000,0,0,0,0,0,11,LABONTE J
"",100.00%,0.00%,0.00%,0.00%,0.00%,,,,,,,,,
COURSE TOTAL:,34,5,1,0,0,40,3.825,0,0,0,0,0,40,
"",85.00%,12.50%,2.50%,0.00%,0.00%,,,,,,,,,
DEPARTMENT TOTAL:,603,230,104,22,16,975,3.358,3,2,0,10,1,991,
"",61.85%,23.59%,10.67%,2.26%,1.64%,,,,,,,,,
MARE-100-400,2,5,6,0,0,13,2.692,0,0,0,0,0,13,REEVES A
"",15.38%,38.46%,46.15%,0.00%,0.00%,,,,,,,,,
MARE-100-401,2,5,5,1,0,13,2.615,1,0,0,0,0,14,REEVES A
"",15.38%,38.46%,38.46%,7.69%,0.00%,,,,,,,,,
MARE-100-402,4,8,1,1,0,14,3.071,0,0,0,0,0,14,REEVES A
"",28.57%,57.14%,7.14%,7.14%,0.00%,,,,,,,,,
COURSE TOTAL:,8,18,12,2,0,40,2.800,1,0,0,0,0,41,
"",20.00%,45.00%,30.00%,5.00%,0.00%,,,,,,,,,
MARE-112-401,6,0,2,1,2,11,2.636,0,0,0,2,0,13,MOORE A
"",54.55%,0.00%,18.18%,9.09%,18.18%,,,,,,,,,
MARE-112-402,4,4,0,2,0,10,3.000,0,0,0,2,0,12,MOORE A
"",40.00%,40.00%,0.00%,20.00%,0.00%,,,,,,,,,
COURSE TOTAL:,10,4,2,3,2,21,2.809,0,0,0,4,0,25,
"",47.62%,19.05%,9.52%,14.29%,9.52%,,,,,,,,,
MARE-202-401,7,12,2,0,0,21,3.238,0,0,0,0,0,21,MOORE A
"",33.33%,57.14%,9.52%,0.00%,0.00%,,,,,,,,,
COURSE TOTAL:,7,12,2,0,0,21,3.238,0,0,0,0,0,21,
"",33.33%,57.14%,9.52%,0.00%,0.00%,,,,,,,,,
MARE-205-401,6,7,1,1,0,15,3.200,0,0,0,0,0,15,NYAKITI L
"",40.00%,46.67%,6.67%,6.67%,0.00%,,,,,,,,,
COURSE TOTAL:,6,7,1,1,0,15,3.200,0,0,0,0,0,15,
"",40.00%,46.67%,6.67%,6.67%,0.00%,,,,,,,,,
MARE-207-400,1,4,6,1,0,12,2.416,0,0,0,0,0,12,POTIER P
"",8.33%,33.33%,50.00%,8.33%,0.00%,,,,,,,,,
COURSE TOTAL:,1,4,6,1,0,12,2.416,0,0,0,0,0,12,
"",8.33%,33.33%,50.00%,8.33%,0.00%,,,,,,,,,
MARE-209-402,2,3,3,1,1,10,2.400,1,0,0,0,0,11,NYAKITI L
"",20.00%,30.00%,30.00%,10.00%,10.00%,,,,,,,,,
COURSE TOTAL:,2,3,3,1,1,10,2.400,1,0,0,0,0,11,
"",20.00%,30.00%,30.00%,10.00%,10.00%,,,,,,,,,
MARE-242-400,6,1,0,1,1,9,3.111,3,0,0,0,0,12,MCQUEEN V
"",66.67%,11.11%,0.00%,11.11%,11.11%,,,,,,,,,
MARE-242-401,9,0,0,0,0,9,4.000,0,0,0,0,0,9,MCQUEEN V
"",100.00%,0.00%,0.00%,0.00%,0.00%,,,,,,,,,
MARE-242-403,2,4,1,1,3,11,2.090,0,0,0,1,0,12,MCQUEEN V
"",18.18%,36.36%,9.09%,9.09%,27.27%,,,,,,,,,
COURSE TOTAL:,17,5,1,2,4,29,3.000,3,0,0,1,0,33,
"",58.62%,17.24%,3.45%,6.90%,13.79%,,,,,,,,,
MARE-243-401,2,6,0,0,1,9,2.888,0,0,0,1,0,10,PEDERSEN F
"",22.22%,66.67%,0.00%,0.00%,11.11%,,,,,,,,,
MARE-243-402,2,8,0,0,0,10,3.200,1,0,0,0,0,11,PEDERSEN F
"",20.00%,80.00%,0.00%,0.00%,0.00%,,,,,,,,,
COURSE TOTAL:,4,14,0,0,1,19,3.052,1,0,0,1,0,21,
"",21.05%,73.68%,0.00%,0.00%,5.26%,,,,,,,,,
MARE-305-401,4,4,1,0,0,9,3.333,0,0,0,0,0,9,COLEMAN G
"",44.44%,44.44%,11.11%,0.00%,0.00%,,,,,,,,,
MARE-305-402,5,7,1,1,0,14,3.142,0,0,0,0,0,14,COLEMAN G
"",35.71%,50.00%,7.14%,7.14%,0.00%,,,,,,,,,
COURSE TOTAL:,9,11,2,1,0,23,3.217,0,0,0,0,0,23,
"",39.13%,47.83%,8.70%,4.35%,0.00%,,,,,,,,,
MARE-307-401,1,7,9,0,0,17,2.529,0,0,0,0,0,17,POTIER P
"",5.88%,41.18%,52.94%,0.00%,0.00%,,,,,,,,,
MARE-307-403,2,2,10,1,1,16,2.187,0,0,0,0,0,16,POTIER P
"",12.50%,12.50%,62.50%,6.25%,6.25%,,,,,,,,,
COURSE TOTAL:,3,9,19,1,1,33,2.363,0,0,0,0,0,33,
"",9.09%,27.27%,57.58%,3.03%,3.03%,,,,,,,,,
MARE-313-401,7,17,0,0,0,24,3.291,0,0,0,0,0,24,FATHI N
"",29.17%,70.83%,0.00%,0.00%,0.00%,,,,,,,,,
COURSE TOTAL:,7,17,0,0,0,24,3.291,0,0,0,0,0,24,
"",29.17%,70.83%,0.00%,0.00%,0.00%,,,,,,,,,
MARE-402-400,3,2,0,0,0,5,3.600,0,0,0,0,0,5,KHAN I
"",60.00%,40.00%,0.00%,0.00%,0.00%,,,,,,,,,
COURSE TOTAL:,3,2,0,0,0,5,3.600,0,0,0,0,0,5,
"",60.00%,40.00%,0.00%,0.00%,0.00%,,,,,,,,,
MARE-405-902,0,2,5,2,3,12,1.500,0,0,0,0,0,12,COLEMAN G
"",0.00%,16.67%,41.67%,16.67%,25.00%,,,,,,,,,
MARE-405-903,1,7,6,1,0,15,2.533,1,0,0,0,0,16,COLEMAN G
"",6.67%,46.67%,40.00%,6.67%,0.00%,,,,,,,,,
COURSE TOTAL:,1,9,11,3,3,27,2.074,1,0,0,0,0,28,
"",3.70%,33.33%,40.74%,11.11%,11.11%,,,,,,,,,
MARE-424-400,1,5,1,0,0,7,3.000,0,0,0,0,0,7,PEDERSEN F
"",14.29%,71.43%,14.29%,0.00%,0.00%,,,,,,,,,
MARE-424-402,1,6,1,0,0,8,3.000,0,0,0,0,0,8,PEDERSEN F
"",12.50%,75.00%,12.50%,0.00%,0.00%,,,,,,,,,
COURSE TOTAL:,2,11,2,0,0,15,3.000,0,0,0,0,0,15,
"",13.33%,73.33%,13.33%,0.00%,0.00%,,,,,,,,,
MARE-451-401,20,0,0,0,0,20,4.000,0,0,0,0,0,20,FATHI N
"",100.00%,0.00%,0.00%,0.00%,0.00%,,,,,,,,,
COURSE TOTAL:,20,0,0,0,0,20,4.000,0,0,0,0,0,20,
"",100.00%,0.00%,0.00%,0.00%,0.00%,,,,,,,,,
MARR-451-401,15,0,0,0,0,15,4.000,0,0,0,0,0,15,FATHI N
"",100.00%,0.00%,0.00%,0.00%,0.00%,,,,,,,,,
COURSE TOTAL:,15,0,0,0,0,15,4.000,0,0,0,0,0,15,
"",100.00%,0.00%,0.00%,0.00%,0.00%,,,,,,,,,
DEPARTMENT TOTAL:,115,126,61,15,12,329,2.927,7,0,0,6,0,342,
"",34.95%,38.30%,18.54%,4.56%,3.65%,,,,,,,,,
OCNG-603-600,5,0,0,0,0,5,4.000,0,0,0,0,0,5,KAISER K
"",100.00%,0.00%,0.00%,0.00%,0.00%,,,,,,,,,
COURSE TOTAL:,5,0,0,0,0,5,4.000,0,0,0,0,0,5,
"",100.00%,0.00%,0.00%,0.00%,0.00%,,,,,,,,,
OCNG-608-600,4,1,1,0,0,6,3.500,0,0,0,1,0,7,PARK K
"",66.67%,16.67%,16.67%,0.00%,0.00%,,,,,,,,,
COURSE TOTAL:,4,1,1,0,0,6,3.500,0,0,0,1,0,7,
"",66.67%,16.67%,16.67%,0.00%,0.00%,,,,,,,,,
DEPARTMENT TOTAL:,9,1,1,0,0,11,3.727,0,0,0,1,0,12,
"",81.82%,9.09%,9.09%,0.00%,0.00%,,,,,,,,,
ACCT-229-401,13,14,13,2,4,46,2.652,0,0,0,9,0,55,KNOX K
"",28.26%,30.43%,28.26%,4.35%,8.70%,,,,,,,,,
COURSE TOTAL:,13,14,13,2,4,46,2.652,0,0,0,9,0,55,
"",28.26%,30.43%,28.26%,4.35%,8.70%,,,,,,,,,
ACCT-230-401,2,7,9,0,0,18,2.611,1,0,0,2,0,21,KNOX K
"",11.11%,38.89%,50.00%,0.00%,0.00%,,,,,,,,,
COURSE TOTAL:,2,7,9,0,0,18,2.611,1,0,0,2,0,21,
"",11.11%,38.89%,50.00%,0.00%,0.00%,,,,,,,,,
BUSN-101-400,21,0,2,0,1,24,3.666,0,0,0,0,0,24,BOUDREAUX L
"",87.50%,0.00%,8.33%,0.00%,4.17%,,,,,,,,,
BUSN-101-401,13,5,1,0,2,21,3.285,0,0,0,0,0,21,BOUDREAUX L
"",61.90%,23.81%,4.76%,0.00%,9.52%,,,,,,,,,
BUSN-101-402,23,0,1,0,0,24,3.916,0,0,0,1,0,25,BOUDREAUX L
"",95.83%,0.00%,4.17%,0.00%,0.00%,,,,,,,,,
COURSE TOTAL:,57,5,4,0,3,69,3.637,0,0,0,1,0,70,
"",82.61%,7.25%,5.80%,0.00%,4.35%,,,,,,,,,
BUSN-203-400,1,10,15,5,0,31,2.225,0,0,0,0,0,31,CAESAR D
"",3.23%,32.26%,48.39%,16.13%,0.00%,,,,,,,,,
COURSE TOTAL:,1,10,15,5,0,31,2.225,0,0,0,0,0,31,
"",3.23%,32.26%,48.39%,16.13%,0.00%,,,,,,,,,
ECON-202-401,21,41,29,12,5,108,2.564,1,0,0,2,0,111,BOUDREAUX L
"",19.44%,37.96%,26.85%,11.11%,4.63%,,,,,,,,,
COURSE TOTAL:,21,41,29,12,5,108,2.564,1,0,0,2,0,111,
"",19.44%,37.96%,26.85%,11.11%,4.63%,,,,,,,,,
ECON-203-400,8,8,2,1,0,19,3.210,0,0,0,0,0,19,AFENYO M
"",42.11%,42.11%,10.53%,5.26%,0.00%,,,,,,,,,
COURSE TOTAL:,8,8,2,1,0,19,3.210,0,0,0,0,0,19,
"",42.11%,42.11%,10.53%,5.26%,0.00%,,,,,,,,,
ECON-323-401,4,10,6,3,0,23,2.652,0,0,0,1,0,24,MYKONIATIS N
"",17.39%,43.48%,26.09%,13.04%,0.00%,,,,,,,,,
COURSE TOTAL:,4,10,6,3,0,23,2.652,0,0,0,1,0,24,
"",17.39%,43.48%,26.09%,13.04%,0.00%,,,,,,,,,
ECON-452-401,3,7,1,0,0,11,3.181,0,0,0,0,0,11,MYKONIATIS N
"",27.27%,63.64%,9.09%,0.00%,0.00%,,,,,,,,,
COURSE TOTAL:,3,7,1,0,0,11,3.181,0,0,0,0,0,11,
"",27.27%,63.64%,9.09%,0.00%,0.00%,,,,,,,,,
FINC-341-401,17,5,0,0,1,23,3.608,0,0,0,2,0,25,BRHO M
"",73.91%,21.74%,0.00%,0.00%,4.35%,,,,,,,,,
COURSE TOTAL:,17,5,0,0,1,23,3.608,0,0,0,2,0,25,
"",73.91%,21.74%,0.00%,0.00%,4.35%,,,,,,,,,
ISTM-210-700,15,6,0,0,0,21,3.714,0,0,0,0,0,21,CONWAY S
"",71.43%,28.57%,0.00%,0.00%,0.00%,,,,,,,,,
COURSE TOTAL:,15,6,0,0,0,21,3.714,0,0,0,0,0,21,
"",71.43%,28.57%,0.00%,0.00%,0.00%,,,,,,,,,
MARA-201-400,12,9,1,0,1,23,3.347,1,0,0,0,0,24,KOVACEVICH J
"",52.17%,39.13%,4.35%,0.00%,4.35%,,,,,,,,,
COURSE TOTAL:,12,9,1,0,1,23,3.347,1,0,0,0,0,24,
"",52.17%,39.13%,4.35%,0.00%,4.35%,,,,,,,,,
MARA-205-401,29,24,6,0,3,62,3.225,0,0,0,0,0,62,BOUDREAUX L
"",46.77%,38.71%,9.68%,0.00%,4.84%,,,,,,,,,
COURSE TOTAL:,29,24,6,0,3,62,3.225,0,0,0,0,0,62,
"",46.77%,38.71%,9.68%,0.00%,4.84%,,,,,,,,,
MARA-212-400,6,11,2,0,0,19,3.210,0,0,0,0,0,19,WOODS K
"",31.58%,57.89%,10.53%,0.00%,0.00%,,,,,,,,,
COURSE TOTAL:,6,11,2,0,0,19,3.210,0,0,0,0,0,19,
"",31.58%,57.89%,10.53%,0.00%,0.00%,,,,,,,,,
MARA-281-401,6,17,3,0,3,29,2.793,0,0,0,1,0,30,MYKONIATIS N
"",20.69%,58.62%,10.34%,0.00%,10.34%,,,,,,,,,
COURSE TOTAL:,6,17,3,0,3,29,2.793,0,0,0,1,0,30,
"",20.69%,58.62%,10.34%,0.00%,10.34%,,,,,,,,,
MARA-301-401,7,14,10,1,0,32,2.843,0,0,0,0,0,32,BAKER R
"",21.88%,43.75%,31.25%,3.13%,0.00%,,,,,,,,,
COURSE TOTAL:,7,14,10,1,0,32,2.843,0,0,0,0,0,32,
"",21.88%,43.75%,31.25%,3.13%,0.00%,,,,,,,,,
MARA-304-401,16,18,5,0,0,39,3.282,0,0,0,0,0,39,BOUDREAUX L
"",41.03%,46.15%,12.82%,0.00%,0.00%,,,,,,,,,
COURSE TOTAL:,16,18,5,0,0,39,3.282,0,0,0,0,0,39,
"",41.03%,46.15%,12.82%,0.00%,0.00%,,,,,,,,,
MARA-363-401,23,12,3,1,2,41,3.292,0,0,0,0,0,41,NWABUEZE U
"",56.10%,29.27%,7.32%,2.44%,4.88%,,,,,,,,,
COURSE TOTAL:,23,12,3,1,2,41,3.292,0,0,0,0,0,41,
"",56.10%,29.27%,7.32%,2.44%,4.88%,,,,,,,,,
MARA-373-401,11,7,2,0,2,22,3.136,0,0,0,0,0,22,NWABUEZE U
"",50.00%,31.82%,9.09%,0.00%,9.09%,,,,,,,,,
COURSE TOTAL:,11,7,2,0,2,22,3.136,0,0,0,0,0,22,
"",50.00%,31.82%,9.09%,0.00%,9.09%,,,,,,,,,
MARA-401-401,14,22,19,8,0,63,2.666,0,0,0,0,0,63,HARK J
"",22.22%,34.92%,30.16%,12.70%,0.00%,,,,,,,,,
COURSE TOTAL:,14,22,19,8,0,63,2.666,0,0,0,0,0,63,
"",22.22%,34.92%,30.16%,12.70%,0.00%,,,,,,,,,
MARA-402-401,2,12,9,2,0,25,2.560,0,0,0,1,0,26,BAKER R
"",8.00%,48.00%,36.00%,8.00%,0.00%,,,,,,,,,
COURSE TOTAL:,2,12,9,2,0,25,2.560,0,0,0,1,0,26,
"",8.00%,48.00%,36.00%,8.00%,0.00%,,,,,,,,,
MARA-403-402,10,1,1,1,1,14,3.285,0,0,0,0,0,14,DEWITTE P
"",71.43%,7.14%,7.14%,7.14%,7.14%,,,,,,,,,
COURSE TOTAL:,10,1,1,1,1,14,3.285,0,0,0,0,0,14,
"",71.43%,7.14%,7.14%,7.14%,7.14%,,,,,,,,,
MARA-416-401,12,20,5,2,0,39,3.076,0,0,0,0,0,39,BAKER R
"",30.77%,51.28%,12.82%,5.13%,0.00%,,,,,,,,,
MARA-416-930,4,5,1,0,0,10,3.300,0,0,0,0,0,10,BAKER R
"",40.00%,50.00%,10.00%,0.00%,0.00%,,,,,,,,,
COURSE TOTAL:,16,25,6,2,0,49,3.122,0,0,0,0,0,49,
"",32.65%,51.02%,12.24%,4.08%,0.00%,,,,,,,,,
MARA-421-400,7,22,9,1,0,39,2.897,0,0,0,0,0,39,WOODS K
"",17.95%,56.41%,23.08%,2.56%,0.00%,,,,,,,,,
COURSE TOTAL:,7,22,9,1,0,39,2.897,0,0,0,0,0,39,
"",17.95%,56.41%,23.08%,2.56%,0.00%,,,,,,,,,
MARA-440-901,1,19,21,3,2,46,2.304,1,0,0,2,0,49,MYKONIATIS N
"",2.17%,41.30%,45.65%,6.52%,4.35%,,,,,,,,,
COURSE TOTAL:,1,19,21,3,2,46,2.304,1,0,0,2,0,49,
"",2.17%,41.30%,45.65%,6.52%,4.35%,,,,,,,,,
MARA-466-901,4,1,3,0,1,9,2.777,0,0,0,0,0,9,JAZAYRLI A
"",44.44%,11.11%,33.33%,0.00%,11.11%,,,,,,,,,
COURSE TOTAL:,4,1,3,0,1,9,2.777,0,0,0,0,0,9,
"",44.44%,11.11%,33.33%,0.00%,11.11%,,,,,,,,,
MARA-470-401,19,9,3,0,0,31,3.516,0,0,0,0,0,31,WOODS K
"",61.29%,29.03%,9.68%,0.00%,0.00%,,,,,,,,,
COURSE TOTAL:,19,9,3,0,0,31,3.516,0,0,0,0,0,31,
"",61.29%,29.03%,9.68%,0.00%,0.00%,,,,,,,,,
MARA-484-401,7,0,0,0,0,7,4.000,0,0,0,0,0,7,BOUDREAUX L
"",100.00%,0.00%,0.00%,0.00%,0.00%,,,,,,,,,
COURSE TOTAL:,7,0,0,0,0,7,4.000,0,0,0,0,0,7,
"",100.00%,0.00%,0.00%,0.00%,0.00%,,,,,,,,,
MARA-612-601,17,11,1,0,0,29,3.551,0,0,0,0,0,29,NWABUEZE U
"",58.62%,37.93%,3.45%,0.00%,0.00%,,,,,,,,,
COURSE TOTAL:,17,11,1,0,0,29,3.551,0,0,0,0,0,29,
"",58.62%,37.93%,3.45%,0.00%,0.00%,,,,,,,,,
MARA-616-700,10,16,0,0,0,26,3.384,0,0,0,0,0,26,WANG P
"",38.46%,61.54%,0.00%,0.00%,0.00%,,,,,,,,,
COURSE TOTAL:,10,16,0,0,0,26,3.384,0,0,0,0,0,26,
"",38.46%,61.54%,0.00%,0.00%,0.00%,,,,,,,,,
MARA-625-699,18,9,3,0,1,31,3.387,0,0,0,1,0,32,WOODS K
"",58.06%,29.03%,9.68%,0.00%,3.23%,,,,,,,,,
COURSE TOTAL:,18,9,3,0,1,31,3.387,0,0,0,1,0,32,
"",58.06%,29.03%,9.68%,0.00%,3.23%,,,,,,,,,
MARA-627-700,10,11,2,1,0,24,3.250,0,0,0,0,0,24,GALVAO C
"",41.67%,45.83%,8.33%,4.17%,0.00%,,,,,,,,,
COURSE TOTAL:,10,11,2,1,0,24,3.250,0,0,0,0,0,24,
"",41.67%,45.83%,8.33%,4.17%,0.00%,,,,,,,,,
MARA-645-700,13,10,2,2,0,27,3.259,0,0,0,0,0,27,JAZAYRLI A
"",48.15%,37.04%,7.41%,7.41%,0.00%,,,,,,,,,
COURSE TOTAL:,13,10,2,2,0,27,3.259,0,0,0,0,0,27,
"",48.15%,37.04%,7.41%,7.41%,0.00%,,,,,,,,,
MARA-660-699,7,3,0,0,0,10,3.700,0,0,0,0,0,10,SMITH E
"",70.00%,30.00%,0.00%,0.00%,0.00%,,,,,,,,,
COURSE TOTAL:,7,3,0,0,0,10,3.700,0,0,0,0,0,10,
"",70.00%,30.00%,0.00%,0.00%,0.00%,,,,,,,,,
MGMT-311-400,14,1,1,0,0,16,3.812,0,0,0,0,0,16,NWABUEZE U
"",87.50%,6.25%,6.25%,0.00%,0.00%,,,,,,,,,
COURSE TOTAL:,14,1,1,0,0,16,3.812,0,0,0,0,0,16,
"",87.50%,6.25%,6.25%,0.00%,0.00%,,,,,,,,,
MGMT-481-400,11,7,1,0,0,19,3.526,0,0,0,2,0,21,BRHO M
"",57.89%,36.84%,5.26%,0.00%,0.00%,,,,,,,,,
COURSE TOTAL:,11,7,1,0,0,19,3.526,0,0,0,2,0,21,
"",57.89%,36.84%,5.26%,0.00%,0.00%,,,,,,,,,
MKTG-321-401,4,7,4,2,0,17,2.764,0,0,0,0,0,17,GALVAO C
"",23.53%,41.18%,23.53%,11.76%,0.00%,,,,,,,,,
COURSE TOTAL:,4,7,4,2,0,17,2.764,0,0,0,0,0,17,
"",23.53%,41.18%,23.53%,11.76%,0.00%,,,,,,,,,
SCMT-364-401,5,2,4,2,0,13,2.769,0,0,0,0,0,13,WANG P
"",38.46%,15.38%,30.77%,15.38%,0.00%,,,,,,,,,
COURSE TOTAL:,5,2,4,2,0,13,2.769,0,0,0,0,0,13,
"",38.46%,15.38%,30.77%,15.38%,0.00%,,,,,,,,,
DEPARTMENT TOTAL:,440,413,200,49,29,1131,3.047,4,0,0,24,0,1159,
"",38.90%,36.52%,17.68%,4.33%,2.56%,,,,,,,,,
MAST-425-900,17,2,2,0,1,22,3.545,0,0,0,0,0,22,FURTH B
"",77.27%,9.09%,9.09%,0.00%,4.55%,,,,,,,,,
COURSE TOTAL:,17,2,2,0,1,22,3.545,0,0,0,0,0,22,
"",77.27%,9.09%,9.09%,0.00%,4.55%,,,,,,,,,
DEPARTMENT TOTAL:,17,2,2,0,1,22,3.545,0,0,0,0,0,22,
"",77.27%,9.09%,9.09%,0.00%,4.55%,,,,,,,,,
MART-115-401,5,6,2,2,1,16,2.750,0,0,0,0,0,16,BARROWS T
"",31.25%,37.50%,12.50%,12.50%,6.25%,,,,,,,,,
MART-115-402,4,6,2,1,0,13,3.000,0,0,0,0,0,13,BARROWS T
"",30.77%,46.15%,15.38%,7.69%,0.00%,,,,,,,,,
MART-115-403,2,8,1,1,1,13,2.692,0,0,0,1,0,14,BARROWS T
"",15.38%,61.54%,7.69%,7.69%,7.69%,,,,,,,,,
COURSE TOTAL:,11,20,5,4,2,42,2.809,0,0,0,1,0,43,
"",26.19%,47.62%,11.90%,9.52%,4.76%,,,,,,,,,
MART-201-401,10,19,9,4,2,44,2.704,0,0,0,1,1,46,NELICK T
"",22.73%,43.18%,20.45%,9.09%,4.55%,,,,,,,,,
COURSE TOTAL:,10,19,9,4,2,44,2.704,0,0,0,1,1,46,
"",22.73%,43.18%,20.45%,9.09%,4.55%,,,,,,,,,
MART-202-401,17,6,2,0,0,25,3.600,0,0,0,0,0,25,WEAVER S
"",68.00%,24.00%,8.00%,0.00%,0.00%,,,,,,,,,
MART-202-402,9,8,1,0,0,18,3.444,0,0,0,0,0,18,WEAVER S
"",50.00%,44.44%,5.56%,0.00%,0.00%,,,,,,,,,
COURSE TOTAL:,26,14,3,0,0,43,3.534,0,0,0,0,0,43,
"",60.47%,32.56%,6.98%,0.00%,0.00%,,,,,,,,,
MART-204-402,2,10,2,1,0,15,2.866,2,0,0,1,0,18,ROTH A
"",13.33%,66.67%,13.33%,6.67%,0.00%,,,,,,,,,
MART-204-403,3,3,4,1,1,12,2.500,0,0,0,0,0,12,ROTH A
"",25.00%,25.00%,33.33%,8.33%,8.33%,,,,,,,,,
COURSE TOTAL:,5,13,6,2,1,27,2.703,2,0,0,1,0,30,
"",18.52%,48.15%,22.22%,7.41%,3.70%,,,,,,,,,
MART-205-401,2,11,0,0,0,13,3.153,0,0,0,0,0,13,ROTH A
"",15.38%,84.62%,0.00%,0.00%,0.00%,,,,,,,,,
COURSE TOTAL:,2,11,0,0,0,13,3.153,0,0,0,0,0,13,
"",15.38%,84.62%,0.00%,0.00%,0.00%,,,,,,,,,
MART-208-401,5,24,11,2,0,42,2.761,1,0,0,0,0,43,PETERLIN J
"",11.90%,57.14%,26.19%,4.76%,0.00%,,,,,,,,,
COURSE TOTAL:,5,24,11,2,0,42,2.761,1,0,0,0,0,43,
"",11.90%,57.14%,26.19%,4.76%,0.00%,,,,,,,,,
MART-210-403,14,1,1,0,0,16,3.812,0,0,0,0,0,16,WESTFALL K
"",87.50%,6.25%,6.25%,0.00%,0.00%,,,,,,,,,
COURSE TOTAL:,14,1,1,0,0,16,3.812,0,0,0,0,0,16,
"",87.50%,6.25%,6.25%,0.00%,0.00%,,,,,,,,,
MART-215-901,2,25,10,0,0,37,2.783,0,0,0,0,0,37,PETERLIN J
"",5.41%,67.57%,27.03%,0.00%,0.00%,,,,,,,,,
MART-215-902,0,6,9,0,1,16,2.250,1,0,0,0,0,17,PETERLIN J
"",0.00%,37.50%,56.25%,0.00%,6.25%,,,,,,,,,
COURSE TOTAL:,2,31,19,0,1,53,2.622,1,0,0,0,0,54,
"",3.77%,58.49%,35.85%,0.00%,1.89%,,,,,,,,,
MART-265-400,1,6,0,0,0,7,3.142,0,0,0,0,0,7,FARIS J
"",14.29%,85.71%,0.00%,0.00%,0.00%,,,,,,,,,
COURSE TOTAL:,1,6,0,0,0,7,3.142,0,0,0,0,0,7,
"",14.29%,85.71%,0.00%,0.00%,0.00%,,,,,,,,,
MART-303-401,14,2,5,1,0,22,3.318,0,0,0,1,0,23,FARIS J
"",63.64%,9.09%,22.73%,4.55%,0.00%,,,,,,,,,
MART-303-402,2,6,2,0,0,10,3.000,0,0,0,0,0,10,FARIS J
"",20.00%,60.00%,20.00%,0.00%,0.00%,,,,,,,,,
COURSE TOTAL:,16,8,7,1,0,32,3.218,0,0,0,1,0,33,
"",50.00%,25.00%,21.88%,3.13%,0.00%,,,,,,,,,
MART-307-401,7,6,3,0,0,16,3.250,0,0,0,0,0,16,THIGPEN C
"",43.75%,37.50%,18.75%,0.00%,0.00%,,,,,,,,,
MART-307-402,4,11,1,0,0,16,3.187,0,0,0,0,0,16,THIGPEN C
"",25.00%,68.75%,6.25%,0.00%,0.00%,,,,,,,,,
COURSE TOTAL:,11,17,4,0,0,32,3.218,0,0,0,0,0,32,
"",34.38%,53.13%,12.50%,0.00%,0.00%,,,,,,,,,
MART-310-401,4,9,0,0,0,13,3.307,0,0,0,0,1,14,VECHAN R
"",30.77%,69.23%,0.00%,0.00%,0.00%,,,,,,,,,
MART-310-402,0,11,4,0,0,15,2.733,0,0,0,0,1,16,VECHAN R
"",0.00%,73.33%,26.67%,0.00%,0.00%,,,,,,,,,
MART-310-403,2,5,4,0,0,11,2.818,0,0,0,0,2,13,VECHAN R
"",18.18%,45.45%,36.36%,0.00%,0.00%,,,,,,,,,
COURSE TOTAL:,6,25,8,0,0,39,2.948,0,0,0,0,4,43,
"",15.38%,64.10%,20.51%,0.00%,0.00%,,,,,,,,,
MART-313-402,2,11,3,0,0,16,2.937,0,0,0,0,0,16,VECHAN R
"",12.50%,68.75%,18.75%,0.00%,0.00%,,,,,,,,,
MART-313-404,2,8,6,0,0,16,2.750,0,0,0,0,0,16,VECHAN R
"",12.50%,50.00%,37.50%,0.00%,0.00%,,,,,,,,,
COURSE TOTAL:,4,19,9,0,0,32,2.843,0,0,0,0,0,32,
"",12.50%,59.38%,28.13%,0.00%,0.00%,,,,,,,,,
MART-315-402,2,6,2,0,0,10,3.000,0,0,0,0,0,10,GRIFFITTS J
"",20.00%,60.00%,20.00%,0.00%,0.00%,,,,,,,,,
MART-315-403,2,6,3,0,0,11,2.909,0,0,0,0,0,11,GRIFFITTS J
"",18.18%,54.55%,27.27%,0.00%,0.00%,,,,,,,,,
MART-315-404,1,4,4,0,0,9,2.666,0,0,0,0,0,9,GRIFFITTS J
"",11.11%,44.44%,44.44%,0.00%,0.00%,,,,,,,,,
COURSE TOTAL:,5,16,9,0,0,30,2.866,0,0,0,0,0,30,
"",16.67%,53.33%,30.00%,0.00%,0.00%,,,,,,,,,
MART-321-401,4,16,13,0,1,34,2.647,0,0,0,0,0,34,GRIFFITTS J
"",11.76%,47.06%,38.24%,0.00%,2.94%,,,,,,,,,
MART-321-402,1,4,5,1,0,11,2.454,0,0,0,0,0,11,GRIFFITTS J
"",9.09%,36.36%,45.45%,9.09%,0.00%,,,,,,,,,
COURSE TOTAL:,5,20,18,1,1,45,2.600,0,0,0,0,0,45,
"",11.11%,44.44%,40.00%,2.22%,2.22%,,,,,,,,,
MART-401-401,12,13,2,0,1,28,3.250,0,0,0,0,0,28,THIGPEN C
"",42.86%,46.43%,7.14%,0.00%,3.57%,,,,,,,,,
COURSE TOTAL:,12,13,2,0,1,28,3.250,0,0,0,0,0,28,
"",42.86%,46.43%,7.14%,0.00%,3.57%,,,,,,,,,
MART-403-401,11,14,22,1,0,48,2.729,0,0,0,0,0,48,BARROWS T
"",22.92%,29.17%,45.83%,2.08%,0.00%,,,,,,,,,
COURSE TOTAL:,11,14,22,1,0,48,2.729,0,0,0,0,0,48,
"",22.92%,29.17%,45.83%,2.08%,0.00%,,,,,,,,,
MART-404-401,14,13,4,0,0,31,3.322,0,0,0,0,0,31,WESTFALL K
"",45.16%,41.94%,12.90%,0.00%,0.00%,,,,,,,,,
COURSE TOTAL:,14,13,4,0,0,31,3.322,0,0,0,0,0,31,
"",45.16%,41.94%,12.90%,0.00%,0.00%,,,,,,,,,
MART-410-941,1,9,2,0,0,12,2.916,0,0,0,0,0,12,HOWELL G
"",8.33%,75.00%,16.67%,0.00%,0.00%,,,,,,,,,
MART-410-942,2,2,2,0,0,6,3.000,0,0,0,0,0,6,HOWELL G
"",33.33%,33.33%,33.33%,0.00%,0.00%,,,,,,,,,
MART-410-945,1,9,2,0,0,12,2.916,0,0,0,0,0,12,HOWELL G
"",8.33%,75.00%,16.67%,0.00%,0.00%,,,,,,,,,
COURSE TOTAL:,4,20,6,0,0,30,2.933,0,0,0,0,0,30,
"",13.33%,66.67%,20.00%,0.00%,0.00%,,,,,,,,,
MART-498-401,17,1,0,0,0,18,3.944,0,0,0,0,0,18,WEAVER S
"",94.44%,5.56%,0.00%,0.00%,0.00%,,,,,,,,,
MART-498-402,17,2,0,0,0,19,3.894,0,0,0,0,0,19,WEAVER S
"",89.47%,10.53%,0.00%,0.00%,0.00%,,,,,,,,,
COURSE TOTAL:,34,3,0,0,0,37,3.918,0,0,0,0,0,37,
"",91.89%,8.11%,0.00%,0.00%,0.00%,,,,,,,,,
DEPARTMENT TOTAL:,198,307,143,15,8,671,3.006,4,0,0,4,5,684
"",29.51%,45.75%,21.31%,2.24%,1.19%,,,,,,,,
NVSC-101-401,8,3,4,0,0,15,3.266,0,0,0,1,0,16,WILLIAMS P
"",53.33%,20.00%,26.67%,0.00%,0.00%,,,,,,,,,
COURSE TOTAL:,8,3,4,0,0,15,3.266,0,0,0,1,0,16,
"",53.33%,20.00%,26.67%,0.00%,0.00%,,,,,,,,,
NVSC-200-401,24,22,7,0,1,54,3.259,0,0,0,0,0,54,SMITH P
"",44.44%,40.74%,12.96%,0.00%,1.85%,,,,,,,,,
COURSE TOTAL:,24,22,7,0,1,54,3.259,0,0,0,0,0,54,
"",44.44%,40.74%,12.96%,0.00%,1.85%,,,,,,,,,
DEPARTMENT TOTAL:,32,25,11,0,1,69,3.260,0,0,0,1,0,70,
"",46.38%,36.23%,15.94%,0.00%,1.45%,,,,,,,,,
COLLEGE TOTAL:,3216,2662,1481,420,338,8117,2.968,36,11,2,284,8,8458,
"",39.62%,32.80%,18.25%,5.17%,4.16%,,,,,,,,,
