EDAD-601-601,17,0,0,0,0,17,4.000,0,0,0,0,0,17,STANLEY C
"",100.00%,0.00%,0.00%,0.00%,0.00%,,,,,,,,,
COURSE TOTAL:,17,0,0,0,0,17,4.000,0,0,0,0,0,17,
"",100.00%,0.00%,0.00%,0.00%,0.00%,,,,,,,,,
EDAD-602-600,6,0,0,0,0,6,4.000,0,0,0,0,0,6,JAMES GALLAWAY C
"",100.00%,0.00%,0.00%,0.00%,0.00%,,,,,,,,,
COURSE TOTAL:,6,0,0,0,0,6,4.000,0,0,0,0,0,6,
"",100.00%,0.00%,0.00%,0.00%,0.00%,,,,,,,,,
EDAD-605-700,17,0,0,0,0,17,4.000,0,0,0,0,0,17,HOLLEY S
"",100.00%,0.00%,0.00%,0.00%,0.00%,,,,,,,,,
COURSE TOTAL:,17,0,0,0,0,17,4.000,0,0,0,0,0,17,
"",100.00%,0.00%,0.00%,0.00%,0.00%,,,,,,,,,
EDAD-606-700,5,0,0,0,0,5,4.000,0,0,0,0,0,5,FAHRENWALD C
"",100.00%,0.00%,0.00%,0.00%,0.00%,,,,,,,,,
EDAD-606-701,17,0,0,0,0,17,4.000,0,0,0,0,0,17,FAHRENWALD C
"",100.00%,0.00%,0.00%,0.00%,0.00%,,,,,,,,,
COURSE TOTAL:,22,0,0,0,0,22,4.000,0,0,0,0,0,22,
"",100.00%,0.00%,0.00%,0.00%,0.00%,,,,,,,,,
EDAD-610-600,16,0,0,0,0,16,4.000,0,0,0,0,0,16,BROWN J
"",100.00%,0.00%,0.00%,0.00%,0.00%,,,,,,,,,
COURSE TOTAL:,16,0,0,0,0,16,4.000,0,0,0,0,0,16,
"",100.00%,0.00%,0.00%,0.00%,0.00%,,,,,,,,,
EDAD-611-600,5,0,0,0,0,5,4.000,0,0,0,0,0,5,PUGH D
"",100.00%,0.00%,0.00%,0.00%,0.00%,,,,,,,,,
COURSE TOTAL:,5,0,0,0,0,5,4.000,0,0,0,0,0,5,
"",100.00%,0.00%,0.00%,0.00%,0.00%,,,,,,,,,
EDAD-615-600,7,0,0,0,0,7,4.000,0,0,0,0,0,7,SAAVEDRA A
"",100.00%,0.00%,0.00%,0.00%,0.00%,,,,,,,,,
COURSE TOTAL:,7,0,0,0,0,7,4.000,0,0,0,0,0,7,
"",100.00%,0.00%,0.00%,0.00%,0.00%,,,,,,,,,
EDAD-618-600,14,0,0,0,0,14,4.000,0,0,0,0,0,14,LECHUGA V
"",100.00%,0.00%,0.00%,0.00%,0.00%,,,,,,,,,
COURSE TOTAL:,14,0,0,0,0,14,4.000,0,0,0,0,0,14,
"",100.00%,0.00%,0.00%,0.00%,0.00%,,,,,,,,,
EDAD-623-600,9,0,0,0,0,9,4.000,0,0,0,0,0,9,LINCOLN Y
"",100.00%,0.00%,0.00%,0.00%,0.00%,,,,,,,,,
COURSE TOTAL:,9,0,0,0,0,9,4.000,0,0,0,0,0,9,
"",100.00%,0.00%,0.00%,0.00%,0.00%,,,,,,,,,
EDAD-631-600,11,0,0,0,0,11,4.000,0,0,0,1,0,12,PUGH D
"",100.00%,0.00%,0.00%,0.00%,0.00%,,,,,,,,,
COURSE TOTAL:,11,0,0,0,0,11,4.000,0,0,0,1,0,12,
"",100.00%,0.00%,0.00%,0.00%,0.00%,,,,,,,,,
EDAD-638-701,5,0,0,0,0,5,4.000,0,0,0,0,0,5,WEBB-JOHNSON G
"",100.00%,0.00%,0.00%,0.00%,0.00%,,,,,,,,,
COURSE TOTAL:,5,0,0,0,0,5,4.000,0,0,0,0,0,5,
"",100.00%,0.00%,0.00%,0.00%,0.00%,,,,,,,,,
EDAD-639-600,7,0,0,0,0,7,4.000,0,0,0,0,0,7,LECHUGA V
"",100.00%,0.00%,0.00%,0.00%,0.00%,,,,,,,,,
EDAD-639-601,10,0,0,0,0,10,4.000,1,0,0,0,0,11,JAMES GALLAWAY C
"",100.00%,0.00%,0.00%,0.00%,0.00%,,,,,,,,,
EDAD-639-602,14,4,1,0,0,19,3.684,1,0,0,0,0,20,HILL-JACKSON V
"",73.68%,21.05%,5.26%,0.00%,0.00%,,,,,,,,,
EDAD-639-700,15,1,1,0,0,17,3.823,0,0,0,0,0,17,FAHRENWALD C
"",88.24%,5.88%,5.88%,0.00%,0.00%,,,,,,,,,
COURSE TOTAL:,46,5,2,0,0,53,3.830,2,0,0,0,0,55,
"",86.79%,9.43%,3.77%,0.00%,0.00%,,,,,,,,,
EDAD-655-600,16,1,0,0,0,17,3.941,0,0,0,0,0,17,PUGH D
"",94.12%,5.88%,0.00%,0.00%,0.00%,,,,,,,,,
COURSE TOTAL:,16,1,0,0,0,17,3.941,0,0,0,0,0,17,
"",94.12%,5.88%,0.00%,0.00%,0.00%,,,,,,,,,
EDAD-669-600,11,2,0,0,0,13,3.846,0,0,0,0,0,13,SALAZAR C
"",84.62%,15.38%,0.00%,0.00%,0.00%,,,,,,,,,
COURSE TOTAL:,11,2,0,0,0,13,3.846,0,0,0,0,0,13,
"",84.62%,15.38%,0.00%,0.00%,0.00%,,,,,,,,,
EDAD-683-600,9,0,0,0,0,9,4.000,0,0,0,0,0,9,BAILEY K
"",100.00%,0.00%,0.00%,0.00%,0.00%,,,,,,,,,
COURSE TOTAL:,9,0,0,0,0,9,4.000,0,0,0,0,0,9,
"",100.00%,0.00%,0.00%,0.00%,0.00%,,,,,,,,,
EDAD-688-600,14,0,0,0,0,14,4.000,1,0,0,0,0,15,MADSEN J
"",100.00%,0.00%,0.00%,0.00%,0.00%,,,,,,,,,
COURSE TOTAL:,14,0,0,0,0,14,4.000,1,0,0,0,0,15,
"",100.00%,0.00%,0.00%,0.00%,0.00%,,,,,,,,,
EDAD-689-602,4,1,0,0,0,5,3.800,1,0,0,1,0,7,MUSOBA G
"",80.00%,20.00%,0.00%,0.00%,0.00%,,,,,,,,,
COURSE TOTAL:,4,1,0,0,0,5,3.800,1,0,0,1,0,7,
"",80.00%,20.00%,0.00%,0.00%,0.00%,,,,,,,,,
EHRD-203-501,23,7,4,0,0,34,3.558,0,0,0,0,0,34,COLE S
"",67.65%,20.59%,11.76%,0.00%,0.00%,,,,,,,,,
EHRD-203-502,33,6,0,0,0,39,3.846,0,0,0,1,0,40,JABARKHAIL S
"",84.62%,15.38%,0.00%,0.00%,0.00%,,,,,,,,,
EHRD-203-503,15,0,0,0,0,15,4.000,0,0,0,1,0,16,STEPHENS M
"",100.00%,0.00%,0.00%,0.00%,0.00%,,,,,,,,,
EHRD-203-599,31,6,4,2,0,43,3.534,0,0,0,1,0,44,YODER P
"",72.09%,13.95%,9.30%,4.65%,0.00%,,,,,,,,,
COURSE TOTAL:,102,19,8,2,0,131,3.687,0,0,0,3,0,134,
"",77.86%,14.50%,6.11%,1.53%,0.00%,,,,,,,,,
EHRD-210-500,29,0,0,0,0,29,4.000,0,0,0,0,0,29,COLE S
"",100.00%,0.00%,0.00%,0.00%,0.00%,,,,,,,,,
EHRD-210-597,30,11,2,0,0,43,3.651,0,0,0,1,0,44,MCNAUGHTEN D
"",69.77%,25.58%,4.65%,0.00%,0.00%,,,,,,,,,
COURSE TOTAL:,59,11,2,0,0,72,3.791,0,0,0,1,0,73,
"",81.94%,15.28%,2.78%,0.00%,0.00%,,,,,,,,,
EHRD-315-500,13,3,1,0,0,17,3.705,0,0,0,0,0,17,MARK C
"",76.47%,17.65%,5.88%,0.00%,0.00%,,,,,,,,,
EHRD-315-597,10,17,1,0,2,30,3.100,0,0,0,0,0,30,MARK C
"",33.33%,56.67%,3.33%,0.00%,6.67%,,,,,,,,,
COURSE TOTAL:,23,20,2,0,2,47,3.319,0,0,0,0,0,47,
"",48.94%,42.55%,4.26%,0.00%,4.26%,,,,,,,,,
EHRD-371-901,17,9,3,0,1,30,3.366,0,0,0,0,0,30,HWANG J
"",56.67%,30.00%,10.00%,0.00%,3.33%,,,,,,,,,
EHRD-371-902,28,0,0,0,0,28,4.000,0,0,0,1,0,29,STEPHENS M
"",100.00%,0.00%,0.00%,0.00%,0.00%,,,,,,,,,
EHRD-371-998,10,12,0,0,0,22,3.454,0,0,0,1,0,23,SANDLIN J
"",45.45%,54.55%,0.00%,0.00%,0.00%,,,,,,,,,
EHRD-371-999,14,4,3,0,2,23,3.217,0,0,0,2,0,25,RICKETTS C
"",60.87%,17.39%,13.04%,0.00%,8.70%,,,,,,,,,
COURSE TOTAL:,69,25,6,0,3,103,3.524,0,0,0,4,0,107,
"",66.99%,24.27%,5.83%,0.00%,2.91%,,,,,,,,,
EHRD-372-500,23,0,0,0,0,23,4.000,0,0,0,0,0,23,MUYIA M
"",100.00%,0.00%,0.00%,0.00%,0.00%,,,,,,,,,
EHRD-372-501,16,0,0,0,0,16,4.000,0,0,0,0,0,16,MUYIA M
"",100.00%,0.00%,0.00%,0.00%,0.00%,,,,,,,,,
EHRD-372-569,35,0,1,0,2,38,3.736,0,0,0,0,0,38,MUYIA M
"",92.11%,0.00%,2.63%,0.00%,5.26%,,,,,,,,,
COURSE TOTAL:,74,0,1,0,2,77,3.870,0,0,0,0,0,77,
"",96.10%,0.00%,1.30%,0.00%,2.60%,,,,,,,,,
EHRD-374-599,37,2,1,0,0,40,3.900,0,0,0,0,0,40,MUYIA M
"",92.50%,5.00%,2.50%,0.00%,0.00%,,,,,,,,,
COURSE TOTAL:,37,2,1,0,0,40,3.900,0,0,0,0,0,40,
"",92.50%,5.00%,2.50%,0.00%,0.00%,,,,,,,,,
EHRD-391-501,6,19,11,2,0,38,2.763,0,0,0,1,0,39,SANDLIN J
"",15.79%,50.00%,28.95%,5.26%,0.00%,,,,,,,,,
EHRD-391-502,7,12,10,3,0,32,2.718,0,0,0,5,0,37,SANDLIN J
"",21.88%,37.50%,31.25%,9.38%,0.00%,,,,,,,,,
COURSE TOTAL:,13,31,21,5,0,70,2.742,0,0,0,6,0,76,
"",18.57%,44.29%,30.00%,7.14%,0.00%,,,,,,,,,
EHRD-405-599,29,13,3,0,2,47,3.425,0,0,0,0,0,47,FERGUSON-CAMMARATA
"",61.70%,27.66%,6.38%,0.00%,4.26%,,,,,,,,,
COURSE TOTAL:,29,13,3,0,2,47,3.425,0,0,0,0,0,47,
"",61.70%,27.66%,6.38%,0.00%,4.26%,,,,,,,,,
EHRD-408-500,24,3,2,0,0,29,3.758,0,0,0,0,0,29,COLE S
"",82.76%,10.34%,6.90%,0.00%,0.00%,,,,,,,,,
EHRD-408-550,12,7,1,0,1,21,3.380,0,0,0,1,0,22,SANDLIN J
"",57.14%,33.33%,4.76%,0.00%,4.76%,,,,,,,,,
COURSE TOTAL:,36,10,3,0,1,50,3.600,0,0,0,1,0,51,
"",72.00%,20.00%,6.00%,0.00%,2.00%,,,,,,,,,
EHRD-413-500,20,1,0,0,0,21,3.952,0,0,0,0,0,21,IRELAND J
"",95.24%,4.76%,0.00%,0.00%,0.00%,,,,,,,,,
EHRD-413-501,24,0,0,0,1,25,3.840,0,0,0,0,0,25,IRELAND J
"",96.00%,0.00%,0.00%,0.00%,4.00%,,,,,,,,,
COURSE TOTAL:,44,1,0,0,1,46,3.891,0,0,0,0,0,46,
"",95.65%,2.17%,0.00%,0.00%,2.17%,,,,,,,,,
EHRD-477-598,20,4,0,0,1,25,3.680,0,0,0,0,0,25,SMITH B
"",80.00%,16.00%,0.00%,0.00%,4.00%,,,,,,,,,
EHRD-477-599,31,6,2,0,1,40,3.650,0,0,0,0,0,40,SMITH B
"",77.50%,15.00%,5.00%,0.00%,2.50%,,,,,,,,,
COURSE TOTAL:,51,10,2,0,2,65,3.661,0,0,0,0,0,65,
"",78.46%,15.38%,3.08%,0.00%,3.08%,,,,,,,,,
EHRD-481-500,34,7,2,0,1,44,3.659,0,0,0,0,0,44,FOWLER R
"",77.27%,15.91%,4.55%,0.00%,2.27%,,,,,,,,,
EHRD-481-501,37,3,0,0,2,42,3.738,0,0,0,0,0,42,FOWLER R
"",88.10%,7.14%,0.00%,0.00%,4.76%,,,,,,,,,
COURSE TOTAL:,71,10,2,0,3,86,3.697,0,0,0,0,0,86,
"",82.56%,11.63%,2.33%,0.00%,3.49%,,,,,,,,,
EHRD-490-901,26,8,1,0,0,35,3.714,0,0,0,0,0,35,HWANG J
"",74.29%,22.86%,2.86%,0.00%,0.00%,,,,,,,,,
EHRD-490-920,17,13,4,0,1,35,3.285,1,0,0,0,0,36,BOWEN D
"",48.57%,37.14%,11.43%,0.00%,2.86%,,,,,,,,,
COURSE TOTAL:,43,21,5,0,1,70,3.500,1,0,0,0,0,71,
"",61.43%,30.00%,7.14%,0.00%,1.43%,,,,,,,,,
EHRD-601-600,9,3,0,0,0,12,3.750,0,0,0,1,0,13,WANG J
"",75.00%,25.00%,0.00%,0.00%,0.00%,,,,,,,,,
COURSE TOTAL:,9,3,0,0,0,12,3.750,0,0,0,1,0,13,
"",75.00%,25.00%,0.00%,0.00%,0.00%,,,,,,,,,
EHRD-603-700,20,0,0,0,0,20,4.000,0,0,0,0,0,20,STEPHENS M
"",100.00%,0.00%,0.00%,0.00%,0.00%,,,,,,,,,
COURSE TOTAL:,20,0,0,0,0,20,4.000,0,0,0,0,0,20,
"",100.00%,0.00%,0.00%,0.00%,0.00%,,,,,,,,,
EHRD-612-700,23,0,0,0,0,23,4.000,0,0,0,0,0,23,STEPHENS M
"",100.00%,0.00%,0.00%,0.00%,0.00%,,,,,,,,,
COURSE TOTAL:,23,0,0,0,0,23,4.000,0,0,0,0,0,23,
"",100.00%,0.00%,0.00%,0.00%,0.00%,,,,,,,,,
EHRD-613-600,16,0,0,0,0,16,4.000,0,0,0,0,0,16,SHEHANE M
"",100.00%,0.00%,0.00%,0.00%,0.00%,,,,,,,,,
COURSE TOTAL:,16,0,0,0,0,16,4.000,0,0,0,0,0,16,
"",100.00%,0.00%,0.00%,0.00%,0.00%,,,,,,,,,
EHRD-614-700,19,0,0,0,0,19,4.000,0,0,0,0,0,19,BEYERLEIN M
"",100.00%,0.00%,0.00%,0.00%,0.00%,,,,,,,,,
COURSE TOTAL:,19,0,0,0,0,19,4.000,0,0,0,0,0,19,
"",100.00%,0.00%,0.00%,0.00%,0.00%,,,,,,,,,
EHRD-616-700,13,1,1,0,0,15,3.800,0,0,0,0,0,15,KIM J
"",86.67%,6.67%,6.67%,0.00%,0.00%,,,,,,,,,
COURSE TOTAL:,13,1,1,0,0,15,3.800,0,0,0,0,0,15,
"",86.67%,6.67%,6.67%,0.00%,0.00%,,,,,,,,,
EHRD-618-700,15,4,0,0,1,20,3.600,0,0,0,0,0,20,YOON S
"",75.00%,20.00%,0.00%,0.00%,5.00%,,,,,,,,,
COURSE TOTAL:,15,4,0,0,1,20,3.600,0,0,0,0,0,20,
"",75.00%,20.00%,0.00%,0.00%,5.00%,,,,,,,,,
EHRD-624-700,9,4,0,0,0,13,3.692,0,0,0,0,0,13,OPENGART R
"",69.23%,30.77%,0.00%,0.00%,0.00%,,,,,,,,,
COURSE TOTAL:,9,4,0,0,0,13,3.692,0,0,0,0,0,13,
"",69.23%,30.77%,0.00%,0.00%,0.00%,,,,,,,,,
EHRD-625-700,27,0,0,0,0,27,4.000,0,0,0,0,0,27,BEYERLEIN M
"",100.00%,0.00%,0.00%,0.00%,0.00%,,,,,,,,,
COURSE TOTAL:,27,0,0,0,0,27,4.000,0,0,0,0,0,27,
"",100.00%,0.00%,0.00%,0.00%,0.00%,,,,,,,,,
EHRD-627-700,6,3,0,0,1,10,3.300,0,0,0,1,0,11,YOON S
"",60.00%,30.00%,0.00%,0.00%,10.00%,,,,,,,,,
COURSE TOTAL:,6,3,0,0,1,10,3.300,0,0,0,1,0,11,
"",60.00%,30.00%,0.00%,0.00%,10.00%,,,,,,,,,
EHRD-630-600,18,3,0,0,0,21,3.857,0,0,0,0,0,21,KIM J
"",85.71%,14.29%,0.00%,0.00%,0.00%,,,,,,,,,
COURSE TOTAL:,18,3,0,0,0,21,3.857,0,0,0,0,0,21,
"",85.71%,14.29%,0.00%,0.00%,0.00%,,,,,,,,,
EHRD-636-600,8,3,0,0,0,11,3.727,0,0,0,0,0,11,BAILEY K
"",72.73%,27.27%,0.00%,0.00%,0.00%,,,,,,,,,
COURSE TOTAL:,8,3,0,0,0,11,3.727,0,0,0,0,0,11,
"",72.73%,27.27%,0.00%,0.00%,0.00%,,,,,,,,,
EHRD-643-700,6,3,1,0,0,10,3.500,0,0,0,0,0,10,HAYNES DAVISON C
"",60.00%,30.00%,10.00%,0.00%,0.00%,,,,,,,,,
COURSE TOTAL:,6,3,1,0,0,10,3.500,0,0,0,0,0,10,
"",60.00%,30.00%,10.00%,0.00%,0.00%,,,,,,,,,
EHRD-651-600,11,3,0,1,0,15,3.600,0,0,0,0,0,15,ROUMELL E
"",73.33%,20.00%,0.00%,6.67%,0.00%,,,,,,,,,
EHRD-651-601,15,0,1,0,0,16,3.875,1,0,0,0,0,17,ROUMELL E
"",93.75%,0.00%,6.25%,0.00%,0.00%,,,,,,,,,
COURSE TOTAL:,26,3,1,1,0,31,3.741,1,0,0,0,0,32,
"",83.87%,9.68%,3.23%,3.23%,0.00%,,,,,,,,,
EHRD-673-700,13,0,0,0,1,14,3.714,0,0,0,0,0,14,HWANG J
"",92.86%,0.00%,0.00%,0.00%,7.14%,,,,,,,,,
COURSE TOTAL:,13,0,0,0,1,14,3.714,0,0,0,0,0,14,
"",92.86%,0.00%,0.00%,0.00%,7.14%,,,,,,,,,
TCMG-402-500,15,7,3,1,1,27,3.259,0,0,0,1,0,28,MARK C
"",55.56%,25.93%,11.11%,3.70%,3.70%,,,,,,,,,
TCMG-402-501,22,6,3,1,3,35,3.228,0,0,0,0,0,35,MARK C
"",62.86%,17.14%,8.57%,2.86%,8.57%,,,,,,,,,
TCMG-402-599,32,1,0,0,3,36,3.638,0,0,0,1,0,37,YODER P
"",88.89%,2.78%,0.00%,0.00%,8.33%,,,,,,,,,
COURSE TOTAL:,69,14,6,2,7,98,3.387,0,0,0,2,0,100,
"",70.41%,14.29%,6.12%,2.04%,7.14%,,,,,,,,,
DEPARTMENT TOTAL:,1177,223,67,10,27,1504,3.670,6,0,0,21,0,1531
"",78.26%,14.83%,4.45%,0.66%,1.80%,,,,,,,,
BEFB-472-500,8,0,0,0,0,8,4.000,3,0,0,0,1,12,WALICHOWSKI M
"",100.00%,0.00%,0.00%,0.00%,0.00%,,,,,,,,,
COURSE TOTAL:,8,0,0,0,0,8,4.000,3,0,0,0,1,12,
"",100.00%,0.00%,0.00%,0.00%,0.00%,,,,,,,,,
BEFB-474-500,12,0,0,0,0,12,4.000,0,0,0,0,0,12,WALICHOWSKI M
"",100.00%,0.00%,0.00%,0.00%,0.00%,,,,,,,,,
COURSE TOTAL:,12,0,0,0,0,12,4.000,0,0,0,0,0,12,
"",100.00%,0.00%,0.00%,0.00%,0.00%,,,,,,,,,
BEFB-482-500,11,0,1,0,0,12,3.833,0,0,0,0,0,12,VELEZ A
"",91.67%,0.00%,8.33%,0.00%,0.00%,,,,,,,,,
COURSE TOTAL:,11,0,1,0,0,12,3.833,0,0,0,0,0,12,
"",91.67%,0.00%,8.33%,0.00%,0.00%,,,,,,,,,
BESL-610-600,7,1,0,0,0,8,3.875,3,0,0,0,0,11,ESLAMI Z
"",87.50%,12.50%,0.00%,0.00%,0.00%,,,,,,,,,
COURSE TOTAL:,7,1,0,0,0,8,3.875,3,0,0,0,0,11,
"",87.50%,12.50%,0.00%,0.00%,0.00%,,,,,,,,,
BESL-611-699,5,0,0,0,0,5,4.000,0,0,0,0,0,5,PADRON Y
"",100.00%,0.00%,0.00%,0.00%,0.00%,,,,,,,,,
BESL-611-700,11,4,0,0,0,15,3.733,1,0,0,1,0,17,PADRON Y
"",73.33%,26.67%,0.00%,0.00%,0.00%,,,,,,,,,
COURSE TOTAL:,16,4,0,0,0,20,3.800,1,0,0,1,0,22,
"",80.00%,20.00%,0.00%,0.00%,0.00%,,,,,,,,,
BESL-613-700,9,2,0,0,1,12,3.500,1,0,0,1,0,14,ACOSTA S
"",75.00%,16.67%,0.00%,0.00%,8.33%,,,,,,,,,
COURSE TOTAL:,9,2,0,0,1,12,3.500,1,0,0,1,0,14,
"",75.00%,16.67%,0.00%,0.00%,8.33%,,,,,,,,,
BESL-614-700,9,0,0,0,0,9,4.000,1,0,0,0,0,10,LARA-ALECIO R
"",100.00%,0.00%,0.00%,0.00%,0.00%,,,,,,,,,
COURSE TOTAL:,9,0,0,0,0,9,4.000,1,0,0,0,0,10,
"",100.00%,0.00%,0.00%,0.00%,0.00%,,,,,,,,,
BESL-619-600,6,0,0,0,0,6,4.000,0,0,0,0,0,6,ACOSTA S
"",100.00%,0.00%,0.00%,0.00%,0.00%,,,,,,,,,
COURSE TOTAL:,6,0,0,0,0,6,4.000,0,0,0,0,0,6,
"",100.00%,0.00%,0.00%,0.00%,0.00%,,,,,,,,,
BESL-620-600,9,0,0,0,0,9,4.000,1,0,0,0,0,10,RIVERA H
"",100.00%,0.00%,0.00%,0.00%,0.00%,,,,,,,,,
COURSE TOTAL:,9,0,0,0,0,9,4.000,1,0,0,0,0,10,
"",100.00%,0.00%,0.00%,0.00%,0.00%,,,,,,,,,
BESL-622-600,8,0,0,0,0,8,4.000,1,0,0,0,0,9,ESLAMI Z
"",100.00%,0.00%,0.00%,0.00%,0.00%,,,,,,,,,
COURSE TOTAL:,8,0,0,0,0,8,4.000,1,0,0,0,0,9,
"",100.00%,0.00%,0.00%,0.00%,0.00%,,,,,,,,,
BESL-685-701,5,0,0,0,0,5,4.000,0,0,0,0,0,5,JIMENEZ D
"",100.00%,0.00%,0.00%,0.00%,0.00%,,,,,,,,,
COURSE TOTAL:,5,0,0,0,0,5,4.000,0,0,0,0,0,5,
"",100.00%,0.00%,0.00%,0.00%,0.00%,,,,,,,,,
CPSY-602-700,17,1,0,0,0,18,3.944,0,0,0,0,0,18,MCCORMICK A
"",94.44%,5.56%,0.00%,0.00%,0.00%,,,,,,,,,
COURSE TOTAL:,17,1,0,0,0,18,3.944,0,0,0,0,0,18,
"",94.44%,5.56%,0.00%,0.00%,0.00%,,,,,,,,,
CPSY-626-600,12,1,0,0,0,13,3.923,0,0,0,1,0,14,PHILLIPS K
"",92.31%,7.69%,0.00%,0.00%,0.00%,,,,,,,,,
COURSE TOTAL:,12,1,0,0,0,13,3.923,0,0,0,1,0,14,
"",92.31%,7.69%,0.00%,0.00%,0.00%,,,,,,,,,
CPSY-631-600,5,0,0,0,0,5,4.000,0,0,0,0,0,5,SIMPLE S
"",100.00%,0.00%,0.00%,0.00%,0.00%,,,,,,,,,
COURSE TOTAL:,5,0,0,0,0,5,4.000,0,0,0,0,0,5,
"",100.00%,0.00%,0.00%,0.00%,0.00%,,,,,,,,,
CPSY-636-600,11,1,0,0,0,12,3.916,0,0,0,0,0,12,RIDLEY C
"",91.67%,8.33%,0.00%,0.00%,0.00%,,,,,,,,,
COURSE TOTAL:,11,1,0,0,0,12,3.916,0,0,0,0,0,12,
"",91.67%,8.33%,0.00%,0.00%,0.00%,,,,,,,,,
CPSY-664-600,5,0,0,0,0,5,4.000,0,0,0,0,0,5,OJEDA L
"",100.00%,0.00%,0.00%,0.00%,0.00%,,,,,,,,,
COURSE TOTAL:,5,0,0,0,0,5,4.000,0,0,0,0,0,5,
"",100.00%,0.00%,0.00%,0.00%,0.00%,,,,,,,,,
CPSY-666-600,17,0,0,0,0,17,4.000,0,0,0,0,0,17,CASTILLO L
"",100.00%,0.00%,0.00%,0.00%,0.00%,,,,,,,,,
COURSE TOTAL:,17,0,0,0,0,17,4.000,0,0,0,0,0,17,
"",100.00%,0.00%,0.00%,0.00%,0.00%,,,,,,,,,
CPSY-672-600,6,2,0,0,0,8,3.750,0,0,0,0,0,8,RIDLEY C
"",75.00%,25.00%,0.00%,0.00%,0.00%,,,,,,,,,
COURSE TOTAL:,6,2,0,0,0,8,3.750,0,0,0,0,0,8,
"",75.00%,25.00%,0.00%,0.00%,0.00%,,,,,,,,,
CPSY-683-600,7,0,0,0,0,7,4.000,1,0,0,0,0,8,MCCORD C
"",100.00%,0.00%,0.00%,0.00%,0.00%,,,,,,,,,
CPSY-683-607,5,0,0,0,0,5,4.000,0,0,0,1,0,6,OJEDA L
"",100.00%,0.00%,0.00%,0.00%,0.00%,,,,,,,,,
CPSY-683-700,21,0,0,0,0,21,4.000,2,0,0,1,0,24,MCCORMICK A
"",100.00%,0.00%,0.00%,0.00%,0.00%,,,,,,,,,
COURSE TOTAL:,33,0,0,0,0,33,4.000,3,0,0,2,0,38,
"",100.00%,0.00%,0.00%,0.00%,0.00%,,,,,,,,,
EPFB-210-500,36,8,0,0,0,44,3.818,1,0,0,0,0,45,MONTAGUE M
"",81.82%,18.18%,0.00%,0.00%,0.00%,,,,,,,,,
COURSE TOTAL:,36,8,0,0,0,44,3.818,1,0,0,0,0,45,
"",81.82%,18.18%,0.00%,0.00%,0.00%,,,,,,,,,
EPSY-320-500,22,7,5,0,0,34,3.500,0,0,0,2,0,36,JUNTUNE J
"",64.71%,20.59%,14.71%,0.00%,0.00%,,,,,,,,,
EPSY-320-599,51,4,3,2,1,61,3.672,0,0,0,3,0,64,JUNTUNE J
"",83.61%,6.56%,4.92%,3.28%,1.64%,,,,,,,,,
COURSE TOTAL:,73,11,8,2,1,95,3.610,0,0,0,5,0,100,
"",76.84%,11.58%,8.42%,2.11%,1.05%,,,,,,,,,
EPSY-321-500,9,10,3,1,0,23,3.173,0,0,0,0,0,23,WOODWARD R
"",39.13%,43.48%,13.04%,4.35%,0.00%,,,,,,,,,
COURSE TOTAL:,9,10,3,1,0,23,3.173,0,0,0,0,0,23,
"",39.13%,43.48%,13.04%,4.35%,0.00%,,,,,,,,,
EPSY-430-500,36,12,6,2,0,56,3.464,2,0,0,1,0,59,WOODWARD R
"",64.29%,21.43%,10.71%,3.57%,0.00%,,,,,,,,,
COURSE TOTAL:,36,12,6,2,0,56,3.464,2,0,0,1,0,59,
"",64.29%,21.43%,10.71%,3.57%,0.00%,,,,,,,,,
EPSY-432-500,9,1,3,0,3,16,2.812,0,0,0,0,0,16,RAMOS GARCIMARTIN H
"",56.25%,6.25%,18.75%,0.00%,18.75%,,,,,,,,,
EPSY-432-501,17,5,2,0,3,27,3.222,0,0,0,0,0,27,RAMOS GARCIMARTIN H
"",62.96%,18.52%,7.41%,0.00%,11.11%,,,,,,,,,
COURSE TOTAL:,26,6,5,0,6,43,3.069,0,0,0,0,0,43,
"",60.47%,13.95%,11.63%,0.00%,13.95%,,,,,,,,,
EPSY-433-599,15,1,6,4,5,31,2.548,0,0,0,1,2,34,RAMOS GARCIMARTIN H
"",48.39%,3.23%,19.35%,12.90%,16.13%,,,,,,,,,
EPSY-433-700,10,1,3,0,2,16,3.062,0,0,0,0,0,16,RAMOS GARCIMARTIN H
"",62.50%,6.25%,18.75%,0.00%,12.50%,,,,,,,,,
COURSE TOTAL:,25,2,9,4,7,47,2.723,0,0,0,1,2,50,
"",53.19%,4.26%,19.15%,8.51%,14.89%,,,,,,,,,
EPSY-435-500,18,2,2,1,0,23,3.608,0,0,0,0,0,23,RAMOS S
"",78.26%,8.70%,8.70%,4.35%,0.00%,,,,,,,,,
EPSY-435-502,15,6,1,1,0,23,3.521,0,0,0,0,0,23,RAMOS S
"",65.22%,26.09%,4.35%,4.35%,0.00%,,,,,,,,,
EPSY-435-598,28,10,5,0,1,44,3.454,0,0,0,0,0,44,DU W
"",63.64%,22.73%,11.36%,0.00%,2.27%,,,,,,,,,
EPSY-435-599,34,6,4,0,1,45,3.600,0,0,0,0,0,45,KAO S
"",75.56%,13.33%,8.89%,0.00%,2.22%,,,,,,,,,
EPSY-435-700,2,1,1,1,0,5,2.800,0,0,0,0,0,5,DU W
"",40.00%,20.00%,20.00%,20.00%,0.00%,,,,,,,,,
COURSE TOTAL:,97,25,13,3,2,140,3.514,0,0,0,0,0,140,
"",69.29%,17.86%,9.29%,2.14%,1.43%,,,,,,,,,
EPSY-485-504,5,0,0,1,0,6,3.500,0,0,0,0,0,6,JUNTUNE J
"",83.33%,0.00%,0.00%,16.67%,0.00%,,,,,,,,,
COURSE TOTAL:,5,0,0,1,0,6,3.500,0,0,0,0,0,6,
"",83.33%,0.00%,0.00%,16.67%,0.00%,,,,,,,,,
EPSY-602-700,32,1,0,0,1,34,3.852,0,0,0,1,0,35,BARROSO GARCIA C
"",94.12%,2.94%,0.00%,0.00%,2.94%,,,,,,,,,
COURSE TOTAL:,32,1,0,0,1,34,3.852,0,0,0,1,0,35,
"",94.12%,2.94%,0.00%,0.00%,2.94%,,,,,,,,,
EPSY-603-699,5,0,0,0,0,5,4.000,0,0,0,0,0,5,RAMOS S
"",100.00%,0.00%,0.00%,0.00%,0.00%,,,,,,,,,
EPSY-603-700,11,2,0,1,0,14,3.642,0,0,0,0,0,14,RAMOS S
"",78.57%,14.29%,0.00%,7.14%,0.00%,,,,,,,,,
COURSE TOTAL:,16,2,0,1,0,19,3.736,0,0,0,0,0,19,
"",84.21%,10.53%,0.00%,5.26%,0.00%,,,,,,,,,
EPSY-606-601,15,2,0,0,0,17,3.882,1,0,0,0,0,18,RAMOS GARCIMARTIN H
"",88.24%,11.76%,0.00%,0.00%,0.00%,,,,,,,,,
COURSE TOTAL:,15,2,0,0,0,17,3.882,1,0,0,0,0,18,
"",88.24%,11.76%,0.00%,0.00%,0.00%,,,,,,,,,
EPSY-624-699,8,0,0,0,0,8,4.000,0,0,0,0,0,8,JUNTUNE J
"",100.00%,0.00%,0.00%,0.00%,0.00%,,,,,,,,,
EPSY-624-700,33,0,1,0,0,34,3.941,0,0,0,0,0,34,JUNTUNE J
"",97.06%,0.00%,2.94%,0.00%,0.00%,,,,,,,,,
COURSE TOTAL:,41,0,1,0,0,42,3.952,0,0,0,0,0,42,
"",97.62%,0.00%,2.38%,0.00%,0.00%,,,,,,,,,
EPSY-625-600,20,1,0,0,0,21,3.952,0,0,0,0,0,21,YOON M
"",95.24%,4.76%,0.00%,0.00%,0.00%,,,,,,,,,
COURSE TOTAL:,20,1,0,0,0,21,3.952,0,0,0,0,0,21,
"",95.24%,4.76%,0.00%,0.00%,0.00%,,,,,,,,,
EPSY-634-600,19,0,0,0,0,19,4.000,1,0,0,0,0,20,WOLTERING S
"",100.00%,0.00%,0.00%,0.00%,0.00%,,,,,,,,,
COURSE TOTAL:,19,0,0,0,0,19,4.000,1,0,0,0,0,20,
"",100.00%,0.00%,0.00%,0.00%,0.00%,,,,,,,,,
EPSY-636-600,27,0,0,0,0,27,4.000,1,0,0,0,0,28,THOMPSON C
"",100.00%,0.00%,0.00%,0.00%,0.00%,,,,,,,,,
COURSE TOTAL:,27,0,0,0,0,27,4.000,1,0,0,0,0,28,
"",100.00%,0.00%,0.00%,0.00%,0.00%,,,,,,,,,
EPSY-640-602,16,8,0,0,0,24,3.666,0,0,0,0,0,24,LUO W
"",66.67%,33.33%,0.00%,0.00%,0.00%,,,,,,,,,
COURSE TOTAL:,16,8,0,0,0,24,3.666,0,0,0,0,0,24,
"",66.67%,33.33%,0.00%,0.00%,0.00%,,,,,,,,,
EPSY-641-600,19,8,0,0,0,27,3.703,0,0,0,0,0,27,BAEK E
"",70.37%,29.63%,0.00%,0.00%,0.00%,,,,,,,,,
COURSE TOTAL:,19,8,0,0,0,27,3.703,0,0,0,0,0,27,
"",70.37%,29.63%,0.00%,0.00%,0.00%,,,,,,,,,
EPSY-642-600,16,0,0,0,0,16,4.000,0,0,0,0,0,16,THOMPSON C
"",100.00%,0.00%,0.00%,0.00%,0.00%,,,,,,,,,
COURSE TOTAL:,16,0,0,0,0,16,4.000,0,0,0,0,0,16,
"",100.00%,0.00%,0.00%,0.00%,0.00%,,,,,,,,,
EPSY-646-601,5,1,0,0,0,6,3.833,0,0,0,0,0,6,WANG Z
"",83.33%,16.67%,0.00%,0.00%,0.00%,,,,,,,,,
COURSE TOTAL:,5,1,0,0,0,6,3.833,0,0,0,0,0,6,
"",83.33%,16.67%,0.00%,0.00%,0.00%,,,,,,,,,
EPSY-647-600,23,0,0,0,0,23,4.000,0,0,0,0,0,23,GAGNE J
"",100.00%,0.00%,0.00%,0.00%,0.00%,,,,,,,,,
COURSE TOTAL:,23,0,0,0,0,23,4.000,0,0,0,0,0,23,
"",100.00%,0.00%,0.00%,0.00%,0.00%,,,,,,,,,
EPSY-651-600,11,2,0,0,0,13,3.846,1,0,0,0,0,14,YOON M
"",84.62%,15.38%,0.00%,0.00%,0.00%,,,,,,,,,
COURSE TOTAL:,11,2,0,0,0,13,3.846,1,0,0,0,0,14,
"",84.62%,15.38%,0.00%,0.00%,0.00%,,,,,,,,,
EPSY-652-600,16,1,0,0,0,17,3.941,0,0,0,0,0,17,KWOK O
"",94.12%,5.88%,0.00%,0.00%,0.00%,,,,,,,,,
COURSE TOTAL:,16,1,0,0,0,17,3.941,0,0,0,0,0,17,
"",94.12%,5.88%,0.00%,0.00%,0.00%,,,,,,,,,
EPSY-653-600,13,0,0,0,0,13,4.000,0,0,0,0,0,13,KWOK O
"",100.00%,0.00%,0.00%,0.00%,0.00%,,,,,,,,,
COURSE TOTAL:,13,0,0,0,0,13,4.000,0,0,0,0,0,13,
"",100.00%,0.00%,0.00%,0.00%,0.00%,,,,,,,,,
EPSY-671-600,9,2,0,0,1,12,3.500,1,0,0,0,0,13,ETTEKAL I
"",75.00%,16.67%,0.00%,0.00%,8.33%,,,,,,,,,
COURSE TOTAL:,9,2,0,0,1,12,3.500,1,0,0,0,0,13,
"",75.00%,16.67%,0.00%,0.00%,8.33%,,,,,,,,,
EPSY-673-700,23,3,0,1,0,27,3.777,0,0,0,0,0,27,BARROSO GARCIA C
"",85.19%,11.11%,0.00%,3.70%,0.00%,,,,,,,,,
COURSE TOTAL:,23,3,0,1,0,27,3.777,0,0,0,0,0,27,
"",85.19%,11.11%,0.00%,3.70%,0.00%,,,,,,,,,
EPSY-689-700,15,1,0,0,0,16,3.937,0,0,0,1,0,17,RAMOS S
"",93.75%,6.25%,0.00%,0.00%,0.00%,,,,,,,,,
EPSY-689-701,24,4,0,0,0,28,3.857,0,0,0,0,0,28,RAMOS S
"",85.71%,14.29%,0.00%,0.00%,0.00%,,,,,,,,,
COURSE TOTAL:,39,5,0,0,0,44,3.886,0,0,0,1,0,45,
"",88.64%,11.36%,0.00%,0.00%,0.00%,,,,,,,,,
INST-210-501,24,1,1,0,0,26,3.884,0,0,0,0,0,26,FOGARTY M
"",92.31%,3.85%,3.85%,0.00%,0.00%,,,,,,,,,
INST-210-502,20,1,1,0,0,22,3.863,0,0,0,0,0,22,FOGARTY M
"",90.91%,4.55%,4.55%,0.00%,0.00%,,,,,,,,,
INST-210-503,30,0,0,0,0,30,4.000,0,0,0,1,0,31,FOGARTY M
"",100.00%,0.00%,0.00%,0.00%,0.00%,,,,,,,,,
INST-210-504,22,0,0,0,0,22,4.000,0,0,0,0,0,22,FOGARTY M
"",100.00%,0.00%,0.00%,0.00%,0.00%,,,,,,,,,
INST-210-505,22,0,0,0,0,22,4.000,0,0,0,1,0,23,FOGARTY M
"",100.00%,0.00%,0.00%,0.00%,0.00%,,,,,,,,,
INST-210-506,21,0,1,0,0,22,3.909,0,0,0,0,0,22,FOGARTY M
"",95.45%,0.00%,4.55%,0.00%,0.00%,,,,,,,,,
INST-210-507,26,2,0,0,0,28,3.928,0,0,0,0,0,28,FOGARTY M
"",92.86%,7.14%,0.00%,0.00%,0.00%,,,,,,,,,
INST-210-508,27,1,0,0,0,28,3.964,0,0,0,0,0,28,FOGARTY M
"",96.43%,3.57%,0.00%,0.00%,0.00%,,,,,,,,,
COURSE TOTAL:,192,5,3,0,0,200,3.945,0,0,0,2,0,202,
"",96.00%,2.50%,1.50%,0.00%,0.00%,,,,,,,,,
INST-301-299,6,0,0,0,0,6,4.000,0,0,0,0,0,6,RAMOS GARCIMARTIN H
"",100.00%,0.00%,0.00%,0.00%,0.00%,,,,,,,,,
INST-301-500,5,9,1,0,0,15,3.266,0,0,0,2,0,17,WOODWARD R
"",33.33%,60.00%,6.67%,0.00%,0.00%,,,,,,,,,
INST-301-598,35,5,2,1,2,45,3.555,0,0,0,1,0,46,RAMOS GARCIMARTIN H
"",77.78%,11.11%,4.44%,2.22%,4.44%,,,,,,,,,
COURSE TOTAL:,46,14,3,1,2,66,3.530,0,0,0,3,0,69,
"",69.70%,21.21%,4.55%,1.52%,3.03%,,,,,,,,,
INST-362-900,15,2,0,0,1,18,3.666,0,0,0,0,0,18,DARDASHTI A
"",83.33%,11.11%,0.00%,0.00%,5.56%,,,,,,,,,
INST-362-902,24,3,0,0,0,27,3.888,0,0,0,0,0,27,NESHYBA M
"",88.89%,11.11%,0.00%,0.00%,0.00%,,,,,,,,,
INST-362-905,17,5,0,0,0,22,3.772,0,0,0,0,0,22,PASHMFOROOSH R
"",77.27%,22.73%,0.00%,0.00%,0.00%,,,,,,,,,
INST-362-910,21,6,0,0,0,27,3.777,0,0,0,1,0,28,NESHYBA M
"",77.78%,22.22%,0.00%,0.00%,0.00%,,,,,,,,,
INST-362-998,19,0,0,0,1,20,3.800,0,0,0,1,0,21,GAMEZ Y
"",95.00%,0.00%,0.00%,0.00%,5.00%,,,,,,,,,
INST-362-999,10,5,1,0,1,17,3.352,0,0,0,0,0,17,GAMEZ Y
"",58.82%,29.41%,5.88%,0.00%,5.88%,,,,,,,,,
COURSE TOTAL:,106,21,1,0,3,131,3.732,0,0,0,2,0,133,
"",80.92%,16.03%,0.76%,0.00%,2.29%,,,,,,,,,
INST-363-503,12,2,4,0,0,18,3.444,0,0,0,0,0,18,LYNCH J
"",66.67%,11.11%,22.22%,0.00%,0.00%,,,,,,,,,
INST-363-597,21,0,1,0,0,22,3.909,0,0,0,0,0,22,GUERRERO C
"",95.45%,0.00%,4.55%,0.00%,0.00%,,,,,,,,,
INST-363-598,30,2,1,0,1,34,3.764,0,0,0,0,0,34,NESHYBA M
"",88.24%,5.88%,2.94%,0.00%,2.94%,,,,,,,,,
INST-363-599,31,1,2,0,1,35,3.742,0,0,0,1,0,36,WALICHOWSKI M
"",88.57%,2.86%,5.71%,0.00%,2.86%,,,,,,,,,
COURSE TOTAL:,94,5,8,0,2,109,3.733,0,0,0,1,0,110,
"",86.24%,4.59%,7.34%,0.00%,1.83%,,,,,,,,,
LDTC-602-700,16,0,1,0,1,18,3.666,1,0,0,1,0,20,PEDERSEN S
"",88.89%,0.00%,5.56%,0.00%,5.56%,,,,,,,,,
COURSE TOTAL:,16,0,1,0,1,18,3.666,1,0,0,1,0,20,
"",88.89%,0.00%,5.56%,0.00%,5.56%,,,,,,,,,
LDTC-608-700,13,3,0,0,0,16,3.812,0,0,0,0,0,16,MCCORKLE S
"",81.25%,18.75%,0.00%,0.00%,0.00%,,,,,,,,,
COURSE TOTAL:,13,3,0,0,0,16,3.812,0,0,0,0,0,16,
"",81.25%,18.75%,0.00%,0.00%,0.00%,,,,,,,,,
LDTC-642-700,13,3,0,0,1,17,3.588,0,0,0,0,0,17,SWEANY N
"",76.47%,17.65%,0.00%,0.00%,5.88%,,,,,,,,,
COURSE TOTAL:,13,3,0,0,1,17,3.588,0,0,0,0,0,17,
"",76.47%,17.65%,0.00%,0.00%,5.88%,,,,,,,,,
LDTC-645-700,15,7,0,0,1,23,3.521,0,0,0,0,0,23,SWEANY N
"",65.22%,30.43%,0.00%,0.00%,4.35%,,,,,,,,,
COURSE TOTAL:,15,7,0,0,1,23,3.521,0,0,0,0,0,23,
"",65.22%,30.43%,0.00%,0.00%,4.35%,,,,,,,,,
SEFB-420-500,11,2,0,0,0,13,3.846,0,0,0,0,0,13,CHANG W
"",84.62%,15.38%,0.00%,0.00%,0.00%,,,,,,,,,
COURSE TOTAL:,11,2,0,0,0,13,3.846,0,0,0,0,0,13,
"",84.62%,15.38%,0.00%,0.00%,0.00%,,,,,,,,,
SPED-302-500,15,4,1,0,0,20,3.700,0,0,0,0,0,20,FOGARTY M
"",75.00%,20.00%,5.00%,0.00%,0.00%,,,,,,,,,
COURSE TOTAL:,15,4,1,0,0,20,3.700,0,0,0,0,0,20,
"",75.00%,20.00%,5.00%,0.00%,0.00%,,,,,,,,,
SPED-310-900,12,6,2,1,0,21,3.380,0,0,0,0,0,21,WHITESIDE E
"",57.14%,28.57%,9.52%,4.76%,0.00%,,,,,,,,,
COURSE TOTAL:,12,6,2,1,0,21,3.380,0,0,0,0,0,21,
"",57.14%,28.57%,9.52%,4.76%,0.00%,,,,,,,,,
SPED-311-500,6,6,1,0,0,13,3.384,0,0,0,0,0,13,WHITESIDE E
"",46.15%,46.15%,7.69%,0.00%,0.00%,,,,,,,,,
COURSE TOTAL:,6,6,1,0,0,13,3.384,0,0,0,0,0,13,
"",46.15%,46.15%,7.69%,0.00%,0.00%,,,,,,,,,
SPED-312-500,20,2,0,0,0,22,3.909,0,0,0,0,0,22,FOGARTY M
"",90.91%,9.09%,0.00%,0.00%,0.00%,,,,,,,,,
COURSE TOTAL:,20,2,0,0,0,22,3.909,0,0,0,0,0,22,
"",90.91%,9.09%,0.00%,0.00%,0.00%,,,,,,,,,
SPED-314-500,19,3,0,0,0,22,3.863,0,0,0,0,0,22,BILLINGS ASHCRAFT S
"",86.36%,13.64%,0.00%,0.00%,0.00%,,,,,,,,,
COURSE TOTAL:,19,3,0,0,0,22,3.863,0,0,0,0,0,22,
"",86.36%,13.64%,0.00%,0.00%,0.00%,,,,,,,,,
SPED-414-500,6,7,0,0,0,13,3.461,0,0,0,0,0,13,WHITESIDE E
"",46.15%,53.85%,0.00%,0.00%,0.00%,,,,,,,,,
COURSE TOTAL:,6,7,0,0,0,13,3.461,0,0,0,0,0,13,
"",46.15%,53.85%,0.00%,0.00%,0.00%,,,,,,,,,
SPED-442-500,15,7,0,0,0,22,3.681,0,0,0,0,0,22,PERROTT L
"",68.18%,31.82%,0.00%,0.00%,0.00%,,,,,,,,,
COURSE TOTAL:,15,7,0,0,0,22,3.681,0,0,0,0,0,22,
"",68.18%,31.82%,0.00%,0.00%,0.00%,,,,,,,,,
SPED-471-500,13,0,0,0,0,13,4.000,0,0,0,0,0,13,DEVLIN M
"",100.00%,0.00%,0.00%,0.00%,0.00%,,,,,,,,,
COURSE TOTAL:,13,0,0,0,0,13,4.000,0,0,0,0,0,13,
"",100.00%,0.00%,0.00%,0.00%,0.00%,,,,,,,,,
SPED-602-700,32,3,0,0,1,36,3.805,0,0,0,0,0,36,WHITESIDE E
"",88.89%,8.33%,0.00%,0.00%,2.78%,,,,,,,,,
COURSE TOTAL:,32,3,0,0,1,36,3.805,0,0,0,0,0,36,
"",88.89%,8.33%,0.00%,0.00%,2.78%,,,,,,,,,
SPED-612-600,9,0,0,0,0,9,4.000,0,0,0,0,0,9,HENRY A
"",100.00%,0.00%,0.00%,0.00%,0.00%,,,,,,,,,
COURSE TOTAL:,9,0,0,0,0,9,4.000,0,0,0,0,0,9,
"",100.00%,0.00%,0.00%,0.00%,0.00%,,,,,,,,,
SPED-618-600,7,0,0,0,0,7,4.000,0,0,0,0,0,7,THOMPSON J
"",100.00%,0.00%,0.00%,0.00%,0.00%,,,,,,,,,
COURSE TOTAL:,7,0,0,0,0,7,4.000,0,0,0,0,0,7,
"",100.00%,0.00%,0.00%,0.00%,0.00%,,,,,,,,,
SPED-630-700,28,2,0,0,0,30,3.933,0,0,0,0,0,30,ERBELI F
"",93.33%,6.67%,0.00%,0.00%,0.00%,,,,,,,,,
COURSE TOTAL:,28,2,0,0,0,30,3.933,0,0,0,0,0,30,
"",93.33%,6.67%,0.00%,0.00%,0.00%,,,,,,,,,
SPED-689-700,30,3,0,0,0,33,3.909,0,0,0,0,0,33,ERBELI F
"",90.91%,9.09%,0.00%,0.00%,0.00%,,,,,,,,,
COURSE TOTAL:,30,3,0,0,0,33,3.909,0,0,0,0,0,33,
"",90.91%,9.09%,0.00%,0.00%,0.00%,,,,,,,,,
SPED-699-700,21,12,2,0,0,35,3.542,0,0,0,0,0,35,DAVIS H
"",60.00%,34.29%,5.71%,0.00%,0.00%,,,,,,,,,
COURSE TOTAL:,21,12,2,0,0,35,3.542,0,0,0,0,0,35,
"",60.00%,34.29%,5.71%,0.00%,0.00%,,,,,,,,,
SPSY-611-600,10,0,0,0,0,10,4.000,1,0,0,0,0,11,CASTRO OLIVO S
"",100.00%,0.00%,0.00%,0.00%,0.00%,,,,,,,,,
COURSE TOTAL:,10,0,0,0,0,10,4.000,1,0,0,0,0,11,
"",100.00%,0.00%,0.00%,0.00%,0.00%,,,,,,,,,
SPSY-612-600,6,0,0,0,0,6,4.000,0,0,0,0,0,6,HAJOVSKY D
"",100.00%,0.00%,0.00%,0.00%,0.00%,,,,,,,,,
COURSE TOTAL:,6,0,0,0,0,6,4.000,0,0,0,0,0,6,
"",100.00%,0.00%,0.00%,0.00%,0.00%,,,,,,,,,
SPSY-617-601,3,2,0,0,0,5,3.600,0,0,0,0,2,7,RICCIO C
"",60.00%,40.00%,0.00%,0.00%,0.00%,,,,,,,,,
COURSE TOTAL:,3,2,0,0,0,5,3.600,0,0,0,0,2,7,
"",60.00%,40.00%,0.00%,0.00%,0.00%,,,,,,,,,
SPSY-628-600,10,0,0,0,0,10,4.000,0,0,0,0,0,10,HALE N
"",100.00%,0.00%,0.00%,0.00%,0.00%,,,,,,,,,
COURSE TOTAL:,10,0,0,0,0,10,4.000,0,0,0,0,0,10,
"",100.00%,0.00%,0.00%,0.00%,0.00%,,,,,,,,,
SPSY-638-601,11,0,0,0,0,11,4.000,0,0,0,0,0,11,CASTRO OLIVO S
"",100.00%,0.00%,0.00%,0.00%,0.00%,,,,,,,,,
COURSE TOTAL:,11,0,0,0,0,11,4.000,0,0,0,0,0,11,
"",100.00%,0.00%,0.00%,0.00%,0.00%,,,,,,,,,
SPSY-643-601,6,0,0,0,0,6,4.000,0,0,0,0,0,6,RICCIO C
"",100.00%,0.00%,0.00%,0.00%,0.00%,,,,,,,,,
COURSE TOTAL:,6,0,0,0,0,6,4.000,0,0,0,0,0,6,
"",100.00%,0.00%,0.00%,0.00%,0.00%,,,,,,,,,
SPSY-683-600,5,0,0,0,0,5,4.000,0,0,0,0,0,5,MCCORMICK A
"",100.00%,0.00%,0.00%,0.00%,0.00%,,,,,,,,,
COURSE TOTAL:,5,0,0,0,0,5,4.000,0,0,0,0,0,5,
"",100.00%,0.00%,0.00%,0.00%,0.00%,,,,,,,,,
DEPARTMENT TOTAL:,1663,239,68,17,30,2017,3.731,24,0,0,23,5,2069
"",82.45%,11.85%,3.37%,0.84%,1.49%,,,,,,,,
ATTR-201-500,25,2,0,0,0,27,3.925,0,0,0,1,0,28,ST LOUIS P
"",92.59%,7.41%,0.00%,0.00%,0.00%,,,,,,,,,
COURSE TOTAL:,25,2,0,0,0,27,3.925,0,0,0,1,0,28,
"",92.59%,7.41%,0.00%,0.00%,0.00%,,,,,,,,,
ATTR-301-500,8,1,0,0,0,9,3.888,0,0,0,0,0,9,ST LOUIS P
"",88.89%,11.11%,0.00%,0.00%,0.00%,,,,,,,,,
COURSE TOTAL:,8,1,0,0,0,9,3.888,0,0,0,0,0,9,
"",88.89%,11.11%,0.00%,0.00%,0.00%,,,,,,,,,
ATTR-642-600,16,0,0,0,0,16,4.000,0,0,0,0,0,16,ST LOUIS P
"",100.00%,0.00%,0.00%,0.00%,0.00%,,,,,,,,,
COURSE TOTAL:,16,0,0,0,0,16,4.000,0,0,0,0,0,16,
"",100.00%,0.00%,0.00%,0.00%,0.00%,,,,,,,,,
ATTR-645-600,11,2,0,0,0,13,3.846,0,0,0,0,0,13,WALTERS S
"",84.62%,15.38%,0.00%,0.00%,0.00%,,,,,,,,,
COURSE TOTAL:,11,2,0,0,0,13,3.846,0,0,0,0,0,13,
"",84.62%,15.38%,0.00%,0.00%,0.00%,,,,,,,,,
ATTR-652-600,16,0,0,0,0,16,4.000,0,0,0,0,0,16,ST LOUIS P
"",100.00%,0.00%,0.00%,0.00%,0.00%,,,,,,,,,
COURSE TOTAL:,16,0,0,0,0,16,4.000,0,0,0,0,0,16,
"",100.00%,0.00%,0.00%,0.00%,0.00%,,,,,,,,,
ATTR-655-601,12,0,0,0,0,12,4.000,1,0,0,0,0,13,BOUCHER A
"",100.00%,0.00%,0.00%,0.00%,0.00%,,,,,,,,,
COURSE TOTAL:,12,0,0,0,0,12,4.000,1,0,0,0,0,13,
"",100.00%,0.00%,0.00%,0.00%,0.00%,,,,,,,,,
ATTR-662-600,5,10,1,0,0,16,3.250,0,0,0,0,0,16,BOUCHER A
"",31.25%,62.50%,6.25%,0.00%,0.00%,,,,,,,,,
COURSE TOTAL:,5,10,1,0,0,16,3.250,0,0,0,0,0,16,
"",31.25%,62.50%,6.25%,0.00%,0.00%,,,,,,,,,
ATTR-666-600,2,9,2,0,0,13,3.000,0,0,0,0,0,13,BOUCHER A
"",15.38%,69.23%,15.38%,0.00%,0.00%,,,,,,,,,
COURSE TOTAL:,2,9,2,0,0,13,3.000,0,0,0,0,0,13,
"",15.38%,69.23%,15.38%,0.00%,0.00%,,,,,,,,,
ATTR-668-600,9,7,0,0,0,16,3.562,0,0,0,0,0,16,ST LOUIS P
"",56.25%,43.75%,0.00%,0.00%,0.00%,,,,,,,,,
COURSE TOTAL:,9,7,0,0,0,16,3.562,0,0,0,0,0,16,
"",56.25%,43.75%,0.00%,0.00%,0.00%,,,,,,,,,
ATTR-670-600,8,5,0,0,0,13,3.615,0,0,0,0,0,13,GREENWOOD L
"",61.54%,38.46%,0.00%,0.00%,0.00%,,,,,,,,,
COURSE TOTAL:,8,5,0,0,0,13,3.615,0,0,0,0,0,13,
"",61.54%,38.46%,0.00%,0.00%,0.00%,,,,,,,,,
ATTR-673-600,4,9,0,0,0,13,3.307,0,0,0,0,0,13,LUNA S
"",30.77%,69.23%,0.00%,0.00%,0.00%,,,,,,,,,
COURSE TOTAL:,4,9,0,0,0,13,3.307,0,0,0,0,0,13,
"",30.77%,69.23%,0.00%,0.00%,0.00%,,,,,,,,,
ATTR-674-600,11,2,0,0,0,13,3.846,0,0,0,0,0,13,GREENWOOD L
"",84.62%,15.38%,0.00%,0.00%,0.00%,,,,,,,,,
COURSE TOTAL:,11,2,0,0,0,13,3.846,0,0,0,0,0,13,
"",84.62%,15.38%,0.00%,0.00%,0.00%,,,,,,,,,
ATTR-675-600,2,13,1,0,0,16,3.062,0,0,0,0,0,16,GREENWOOD L
"",12.50%,81.25%,6.25%,0.00%,0.00%,,,,,,,,,
COURSE TOTAL:,2,13,1,0,0,16,3.062,0,0,0,0,0,16,
"",12.50%,81.25%,6.25%,0.00%,0.00%,,,,,,,,,
KINE-120-704,21,3,1,1,1,27,3.555,0,0,0,0,0,27,MAREK K
"",77.78%,11.11%,3.70%,3.70%,3.70%,,,,,,,,,
KINE-120-706,20,7,2,0,0,29,3.620,0,0,0,0,0,29,WRIGHT M
"",68.97%,24.14%,6.90%,0.00%,0.00%,,,,,,,,,
KINE-120-707,21,6,1,0,0,28,3.714,0,0,0,0,0,28,WRIGHT M
"",75.00%,21.43%,3.57%,0.00%,0.00%,,,,,,,,,
KINE-120-709,19,5,1,0,1,26,3.576,0,0,0,2,0,28,WAITE L
"",73.08%,19.23%,3.85%,0.00%,3.85%,,,,,,,,,
KINE-120-802,19,3,0,0,0,22,3.863,0,0,0,0,0,22,WENZEL T
"",86.36%,13.64%,0.00%,0.00%,0.00%,,,,,,,,,
KINE-120-803,4,4,2,1,0,11,3.000,0,0,0,0,0,11,WOODARD D
"",36.36%,36.36%,18.18%,9.09%,0.00%,,,,,,,,,
KINE-120-804,10,3,2,0,0,15,3.533,0,0,0,2,0,17,WOODARD D
"",66.67%,20.00%,13.33%,0.00%,0.00%,,,,,,,,,
KINE-120-806,18,4,3,0,1,26,3.461,0,0,0,2,0,28,COADY W
"",69.23%,15.38%,11.54%,0.00%,3.85%,,,,,,,,,
KINE-120-807,17,7,3,0,0,27,3.518,0,0,0,0,0,27,COADY W
"",62.96%,25.93%,11.11%,0.00%,0.00%,,,,,,,,,
KINE-120-808,16,8,3,0,1,28,3.357,0,0,0,0,0,28,COADY W
"",57.14%,28.57%,10.71%,0.00%,3.57%,,,,,,,,,
KINE-120-812,19,8,2,0,0,29,3.586,0,0,0,2,0,31,SLAGEL K
"",65.52%,27.59%,6.90%,0.00%,0.00%,,,,,,,,,
KINE-120-818,17,4,2,1,2,26,3.269,0,0,0,2,0,28,WIMER D
"",65.38%,15.38%,7.69%,3.85%,7.69%,,,,,,,,,
KINE-120-819,19,5,1,0,0,25,3.720,0,0,0,0,0,25,WIMER D
"",76.00%,20.00%,4.00%,0.00%,0.00%,,,,,,,,,
KINE-120-821,10,3,4,0,0,17,3.352,0,0,0,1,0,18,WENZEL T
"",58.82%,17.65%,23.53%,0.00%,0.00%,,,,,,,,,
KINE-120-822,12,4,0,0,1,17,3.529,0,0,0,3,0,20,VENABLE L
"",70.59%,23.53%,0.00%,0.00%,5.88%,,,,,,,,,
KINE-120-824,17,2,1,0,1,21,3.619,0,0,0,0,0,21,NETHERLAND B
"",80.95%,9.52%,4.76%,0.00%,4.76%,,,,,,,,,
KINE-120-825,18,3,0,0,1,22,3.681,0,0,0,1,0,23,NETHERLAND B
"",81.82%,13.64%,0.00%,0.00%,4.55%,,,,,,,,,
KINE-120-826,17,6,0,0,0,23,3.739,0,0,0,1,0,24,NETHERLAND B
"",73.91%,26.09%,0.00%,0.00%,0.00%,,,,,,,,,
KINE-120-828,11,4,2,1,0,18,3.388,0,0,0,1,0,19,WENZEL T
"",61.11%,22.22%,11.11%,5.56%,0.00%,,,,,,,,,
KINE-120-829,21,7,3,0,0,31,3.580,0,0,0,0,0,31,ISENHART M
"",67.74%,22.58%,9.68%,0.00%,0.00%,,,,,,,,,
KINE-120-833,19,4,1,0,0,24,3.750,0,0,0,0,0,24,BASSETT K
"",79.17%,16.67%,4.17%,0.00%,0.00%,,,,,,,,,
KINE-120-835,18,4,2,1,0,25,3.560,0,0,0,1,0,26,KUPPERSMITH N
"",72.00%,16.00%,8.00%,4.00%,0.00%,,,,,,,,,
KINE-120-837,23,2,0,0,0,25,3.920,0,0,0,0,0,25,KUPPERSMITH N
"",92.00%,8.00%,0.00%,0.00%,0.00%,,,,,,,,,
KINE-120-844,23,3,1,1,0,28,3.714,0,0,0,0,0,28,WRIGHT M
"",82.14%,10.71%,3.57%,3.57%,0.00%,,,,,,,,,
KINE-120-849,16,3,1,2,0,22,3.500,0,0,0,1,0,23,HANIK M
"",72.73%,13.64%,4.55%,9.09%,0.00%,,,,,,,,,
KINE-120-850,26,5,0,0,0,31,3.838,0,0,0,1,0,32,SZURA J
"",83.87%,16.13%,0.00%,0.00%,0.00%,,,,,,,,,
KINE-120-851,17,5,2,0,0,24,3.625,0,0,0,0,0,24,HANIK M
"",70.83%,20.83%,8.33%,0.00%,0.00%,,,,,,,,,
KINE-120-852,12,4,2,1,0,19,3.421,0,0,0,1,0,20,HANIK M
"",63.16%,21.05%,10.53%,5.26%,0.00%,,,,,,,,,
KINE-120-853,15,4,3,0,1,23,3.391,0,0,0,1,0,24,SIMMONS K
"",65.22%,17.39%,13.04%,0.00%,4.35%,,,,,,,,,
KINE-120-854,18,3,1,0,0,22,3.772,0,0,0,0,0,22,DANNENBAUM J
"",81.82%,13.64%,4.55%,0.00%,0.00%,,,,,,,,,
KINE-120-855,9,6,3,2,0,20,3.100,0,0,0,1,0,21,CORREA J
"",45.00%,30.00%,15.00%,10.00%,0.00%,,,,,,,,,
KINE-120-864,17,2,0,0,0,19,3.894,0,0,0,0,0,19,WOODARD D
"",89.47%,10.53%,0.00%,0.00%,0.00%,,,,,,,,,
KINE-120-868,19,5,1,0,3,28,3.321,1,0,0,0,0,29,ALVAREZ A
"",67.86%,17.86%,3.57%,0.00%,10.71%,,,,,,,,,
KINE-120-875,20,4,2,0,0,26,3.692,0,0,0,0,0,26,NETHERLAND B
"",76.92%,15.38%,7.69%,0.00%,0.00%,,,,,,,,,
KINE-120-876,19,7,1,0,0,27,3.666,0,0,0,1,0,28,JOHNSON S
"",70.37%,25.93%,3.70%,0.00%,0.00%,,,,,,,,,
KINE-120-877,21,5,0,0,1,27,3.666,0,0,0,1,0,28,JOHNSON S
"",77.78%,18.52%,0.00%,0.00%,3.70%,,,,,,,,,
KINE-120-878,23,5,1,0,1,30,3.633,0,0,0,0,0,30,BYRNE K
"",76.67%,16.67%,3.33%,0.00%,3.33%,,,,,,,,,
KINE-120-879,22,5,0,0,1,28,3.678,0,0,0,0,0,28,NETHERLAND B
"",78.57%,17.86%,0.00%,0.00%,3.57%,,,,,,,,,
COURSE TOTAL:,663,172,54,11,16,916,3.588,1,0,0,25,0,942,
"",72.38%,18.78%,5.90%,1.20%,1.75%,,,,,,,,,
KINE-121-501,21,9,8,2,2,42,3.071,0,0,0,0,0,42,SZURA J
"",50.00%,21.43%,19.05%,4.76%,4.76%,,,,,,,,,
KINE-121-502,27,13,2,0,0,42,3.595,0,0,0,1,0,43,COHEN L
"",64.29%,30.95%,4.76%,0.00%,0.00%,,,,,,,,,
KINE-121-503,28,9,2,1,1,41,3.512,0,0,0,2,0,43,COHEN L
"",68.29%,21.95%,4.88%,2.44%,2.44%,,,,,,,,,
KINE-121-504,14,13,8,1,3,39,2.871,0,0,0,2,0,41,GOMEZ D
"",35.90%,33.33%,20.51%,2.56%,7.69%,,,,,,,,,
COURSE TOTAL:,90,44,20,4,6,164,3.268,0,0,0,5,0,169,
"",54.88%,26.83%,12.20%,2.44%,3.66%,,,,,,,,,
KINE-199-001,21,0,0,0,0,21,4.000,0,0,0,0,0,21,MAREK K
"",100.00%,0.00%,0.00%,0.00%,0.00%,,,,,,,,,
KINE-199-002,22,0,0,0,0,22,4.000,0,0,0,0,0,22,WAITE L
"",100.00%,0.00%,0.00%,0.00%,0.00%,,,,,,,,,
KINE-199-014,16,5,0,0,0,21,3.761,0,0,0,0,0,21,WENZEL T
"",76.19%,23.81%,0.00%,0.00%,0.00%,,,,,,,,,
KINE-199-015,19,2,0,0,0,21,3.904,0,0,0,1,0,22,GOMEZ D
"",90.48%,9.52%,0.00%,0.00%,0.00%,,,,,,,,,
KINE-199-016,14,4,0,1,0,19,3.631,0,0,0,1,0,20,WENZEL T
"",73.68%,21.05%,0.00%,5.26%,0.00%,,,,,,,,,
KINE-199-034,8,2,0,0,0,10,3.800,0,9,0,1,0,20,WOODARD D
"",80.00%,20.00%,0.00%,0.00%,0.00%,,,,,,,,,
KINE-199-046,19,0,0,0,0,19,4.000,0,10,0,1,0,30,SZURA J
"",100.00%,0.00%,0.00%,0.00%,0.00%,,,,,,,,,
KINE-199-047,15,0,0,0,0,15,3.750,0,15,1,2,0,33,SZURA J
"",100.00%,0.00%,0.00%,0.00%,0.00%,,,,,,,,,
KINE-199-051,6,0,0,0,0,6,4.000,0,18,0,3,0,27,COADY W
"",100.00%,0.00%,0.00%,0.00%,0.00%,,,,,,,,,
KINE-199-052,9,0,0,0,0,9,3.600,0,13,1,0,0,23,COADY W
"",100.00%,0.00%,0.00%,0.00%,0.00%,,,,,,,,,
KINE-199-053,10,0,0,0,0,10,4.000,0,16,0,1,0,27,COADY W
"",100.00%,0.00%,0.00%,0.00%,0.00%,,,,,,,,,
KINE-199-055,9,0,0,0,0,9,3.600,0,17,1,0,0,27,COHEN L
"",100.00%,0.00%,0.00%,0.00%,0.00%,,,,,,,,,
KINE-199-056,6,2,0,0,0,8,3.750,0,17,0,2,0,27,COADY W
"",75.00%,25.00%,0.00%,0.00%,0.00%,,,,,,,,,
KINE-199-057,5,2,1,0,0,8,3.111,0,18,1,1,0,28,COADY W
"",62.50%,25.00%,12.50%,0.00%,0.00%,,,,,,,,,
KINE-199-058,14,0,0,0,0,14,4.000,0,14,0,0,0,28,COHEN L
"",100.00%,0.00%,0.00%,0.00%,0.00%,,,,,,,,,
KINE-199-059,9,0,0,0,0,9,3.600,1,17,1,0,0,28,COADY W
"",100.00%,0.00%,0.00%,0.00%,0.00%,,,,,,,,,
KINE-199-060,14,0,0,0,0,14,4.000,0,12,0,1,0,27,COADY W
"",100.00%,0.00%,0.00%,0.00%,0.00%,,,,,,,,,
KINE-199-061,7,0,0,0,0,7,4.000,0,15,0,2,0,24,THOMAS F
"",100.00%,0.00%,0.00%,0.00%,0.00%,,,,,,,,,
KINE-199-065,10,0,0,0,0,10,4.000,0,11,0,1,0,22,SLAGEL K
"",100.00%,0.00%,0.00%,0.00%,0.00%,,,,,,,,,
KINE-199-066,8,0,0,0,0,8,4.000,0,10,0,0,0,18,SLAGEL K
"",100.00%,0.00%,0.00%,0.00%,0.00%,,,,,,,,,
KINE-199-082,9,0,1,0,0,10,3.800,0,11,0,0,1,22,WIMER D
"",90.00%,0.00%,10.00%,0.00%,0.00%,,,,,,,,,
KINE-199-083,14,0,0,0,0,14,3.733,0,10,1,1,0,26,DIXON S
"",100.00%,0.00%,0.00%,0.00%,0.00%,,,,,,,,,
KINE-199-084,8,0,0,0,1,9,3.555,0,9,0,0,0,18,WIMER D
"",88.89%,0.00%,0.00%,0.00%,11.11%,,,,,,,,,
KINE-199-088,8,3,0,0,0,11,3.727,0,8,0,2,0,21,CORREA J
"",72.73%,27.27%,0.00%,0.00%,0.00%,,,,,,,,,
KINE-199-102,3,3,0,0,0,6,3.500,0,20,0,1,0,27,WOOSLEY J
"",50.00%,50.00%,0.00%,0.00%,0.00%,,,,,,,,,
KINE-199-104,5,0,0,0,0,5,4.000,0,21,0,1,0,27,SCHAKEL D
"",100.00%,0.00%,0.00%,0.00%,0.00%,,,,,,,,,
KINE-199-106,8,1,1,0,0,10,3.363,0,17,1,0,0,28,SCHAKEL D
"",80.00%,10.00%,10.00%,0.00%,0.00%,,,,,,,,,
KINE-199-107,6,2,1,0,0,9,3.555,0,17,0,2,0,28,SCHAKEL D
"",66.67%,22.22%,11.11%,0.00%,0.00%,,,,,,,,,
KINE-199-108,11,0,0,0,0,11,4.000,0,14,0,3,0,28,SCHAKEL D
"",100.00%,0.00%,0.00%,0.00%,0.00%,,,,,,,,,
KINE-199-120,11,0,0,0,0,11,4.000,2,5,0,1,0,19,ISENHART M
"",100.00%,0.00%,0.00%,0.00%,0.00%,,,,,,,,,
KINE-199-138,5,0,0,0,0,5,4.000,0,6,0,0,0,11,DANNENBAUM J
"",100.00%,0.00%,0.00%,0.00%,0.00%,,,,,,,,,
KINE-199-139,5,0,0,0,0,5,4.000,0,7,0,0,0,12,DANNENBAUM J
"",100.00%,0.00%,0.00%,0.00%,0.00%,,,,,,,,,
KINE-199-141,8,0,0,0,0,8,4.000,0,4,0,0,0,12,DANNENBAUM J
"",100.00%,0.00%,0.00%,0.00%,0.00%,,,,,,,,,
KINE-199-142,6,0,0,0,0,6,4.000,0,6,0,0,0,12,DANNENBAUM J
"",100.00%,0.00%,0.00%,0.00%,0.00%,,,,,,,,,
KINE-199-143,5,0,0,0,0,5,4.000,0,6,0,0,0,11,DANNENBAUM J
"",100.00%,0.00%,0.00%,0.00%,0.00%,,,,,,,,,
KINE-199-146,5,0,0,0,0,5,4.000,0,4,0,0,0,9,DANNENBAUM J
"",100.00%,0.00%,0.00%,0.00%,0.00%,,,,,,,,,
KINE-199-147,9,0,0,0,0,9,4.000,0,2,0,0,0,11,DANNENBAUM J
"",100.00%,0.00%,0.00%,0.00%,0.00%,,,,,,,,,
KINE-199-151,7,0,0,0,0,7,4.000,0,4,0,1,0,12,DANNENBAUM J
"",100.00%,0.00%,0.00%,0.00%,0.00%,,,,,,,,,
KINE-199-152,5,0,0,0,0,5,4.000,0,7,0,0,0,12,DANNENBAUM J
"",100.00%,0.00%,0.00%,0.00%,0.00%,,,,,,,,,
KINE-199-153,6,0,0,0,0,6,4.000,0,4,0,1,0,11,DANNENBAUM J
"",100.00%,0.00%,0.00%,0.00%,0.00%,,,,,,,,,
KINE-199-154,6,0,0,0,0,6,4.000,0,4,0,1,0,11,DANNENBAUM J
"",100.00%,0.00%,0.00%,0.00%,0.00%,,,,,,,,,
KINE-199-195,12,0,0,0,0,12,4.000,0,19,0,0,0,31,WOLFE J
"",100.00%,0.00%,0.00%,0.00%,0.00%,,,,,,,,,
KINE-199-197,7,0,0,0,0,7,4.000,0,11,0,0,0,18,WOLFE J
"",100.00%,0.00%,0.00%,0.00%,0.00%,,,,,,,,,
KINE-199-202,5,0,0,0,0,5,4.000,0,18,0,5,0,28,ELLIS R
"",100.00%,0.00%,0.00%,0.00%,0.00%,,,,,,,,,
KINE-199-203,6,0,0,0,0,6,4.000,0,17,0,4,0,27,ELLIS R
"",100.00%,0.00%,0.00%,0.00%,0.00%,,,,,,,,,
KINE-199-205,5,0,0,0,0,5,4.000,0,16,1,2,0,24,WRIGHT M
"",100.00%,0.00%,0.00%,0.00%,0.00%,,,,,,,,,
KINE-199-210,14,0,0,0,0,14,4.000,0,12,0,2,0,28,WRIGHT M
"",100.00%,0.00%,0.00%,0.00%,0.00%,,,,,,,,,
KINE-199-211,6,0,0,0,0,6,4.000,0,18,0,3,0,27,WRIGHT M
"",100.00%,0.00%,0.00%,0.00%,0.00%,,,,,,,,,
KINE-199-215,6,0,0,0,0,6,4.000,0,19,0,1,0,26,ELLIS R
"",100.00%,0.00%,0.00%,0.00%,0.00%,,,,,,,,,
KINE-199-216,5,0,0,0,0,5,3.333,0,19,1,3,0,28,ELLIS R
"",100.00%,0.00%,0.00%,0.00%,0.00%,,,,,,,,,
KINE-199-219,7,0,0,0,0,7,4.000,0,4,0,0,0,11,MULKERRINS M
"",100.00%,0.00%,0.00%,0.00%,0.00%,,,,,,,,,
KINE-199-220,10,0,0,0,0,10,3.333,0,11,2,0,0,23,MULKERRINS M
"",100.00%,0.00%,0.00%,0.00%,0.00%,,,,,,,,,
KINE-199-222,5,0,0,0,0,5,2.500,0,8,4,0,0,17,DANNENBAUM J
"",100.00%,0.00%,0.00%,0.00%,0.00%,,,,,,,,,
KINE-199-224,6,0,0,0,0,6,4.000,0,13,0,0,0,19,NETHERLAND B
"",100.00%,0.00%,0.00%,0.00%,0.00%,,,,,,,,,
KINE-199-225,9,0,0,0,1,10,3.272,0,11,1,1,0,23,NETHERLAND B
"",90.00%,0.00%,0.00%,0.00%,10.00%,,,,,,,,,
KINE-199-227,5,0,0,0,0,5,4.000,0,14,0,2,0,21,VENABLE L
"",100.00%,0.00%,0.00%,0.00%,0.00%,,,,,,,,,
KINE-199-228,4,2,0,0,0,6,3.142,0,14,1,0,0,21,VENABLE L
"",66.67%,33.33%,0.00%,0.00%,0.00%,,,,,,,,,
KINE-199-230,9,0,0,0,0,9,4.000,1,11,0,0,0,21,WAITE L
"",100.00%,0.00%,0.00%,0.00%,0.00%,,,,,,,,,
KINE-199-241,15,0,0,0,0,15,4.000,0,11,0,4,0,30,GOMEZ D
"",100.00%,0.00%,0.00%,0.00%,0.00%,,,,,,,,,
KINE-199-242,7,0,0,0,0,7,3.111,0,11,2,1,0,21,GOMEZ D
"",100.00%,0.00%,0.00%,0.00%,0.00%,,,,,,,,,
KINE-199-243,5,1,0,0,0,6,3.833,0,4,0,3,0,13,GOMEZ D
"",83.33%,16.67%,0.00%,0.00%,0.00%,,,,,,,,,
KINE-199-247,10,0,2,0,0,12,3.384,0,10,1,0,0,23,WENZEL T
"",83.33%,0.00%,16.67%,0.00%,0.00%,,,,,,,,,
KINE-199-250,14,0,0,0,0,14,4.000,0,8,0,0,0,22,SZURA J
"",100.00%,0.00%,0.00%,0.00%,0.00%,,,,,,,,,
KINE-199-251,15,0,0,0,0,15,3.333,0,12,3,2,0,32,GOMEZ D
"",100.00%,0.00%,0.00%,0.00%,0.00%,,,,,,,,,
KINE-199-254,16,1,0,0,0,17,3.941,0,10,0,0,0,27,KANG M
"",94.12%,5.88%,0.00%,0.00%,0.00%,,,,,,,,,
KINE-199-255,15,0,0,0,0,15,4.000,0,15,0,1,0,31,ISENHART M
"",100.00%,0.00%,0.00%,0.00%,0.00%,,,,,,,,,
KINE-199-256,10,0,0,0,0,10,4.000,0,16,0,1,0,27,HANIK M
"",100.00%,0.00%,0.00%,0.00%,0.00%,,,,,,,,,
KINE-199-258,23,0,4,0,1,28,3.571,0,0,0,0,0,28,BYRNE K
"",82.14%,0.00%,14.29%,0.00%,3.57%,,,,,,,,,
KINE-199-259,8,0,0,0,0,8,4.000,0,19,0,0,0,27,BYRNE K
"",100.00%,0.00%,0.00%,0.00%,0.00%,,,,,,,,,
KINE-199-261,15,0,0,0,0,15,3.750,0,11,1,0,0,27,WOODARD D
"",100.00%,0.00%,0.00%,0.00%,0.00%,,,,,,,,,
KINE-199-266,7,0,0,0,0,7,3.500,0,17,1,0,0,25,MULKERRINS M
"",100.00%,0.00%,0.00%,0.00%,0.00%,,,,,,,,,
KINE-199-267,8,0,0,0,0,8,4.000,0,13,0,3,0,24,MULKERRINS M
"",100.00%,0.00%,0.00%,0.00%,0.00%,,,,,,,,,
KINE-199-269,7,2,0,0,0,9,3.777,0,17,0,0,0,26,MULKERRINS M
"",77.78%,22.22%,0.00%,0.00%,0.00%,,,,,,,,,
KINE-199-290,12,0,0,0,0,12,4.000,0,6,0,0,0,18,GOMEZ D
"",100.00%,0.00%,0.00%,0.00%,0.00%,,,,,,,,,
KINE-199-291,6,0,0,0,0,6,3.428,0,14,1,0,0,21,ISENHART M
"",100.00%,0.00%,0.00%,0.00%,0.00%,,,,,,,,,
KINE-199-292,7,0,0,0,0,7,4.000,0,10,0,2,0,19,GOMEZ D
"",100.00%,0.00%,0.00%,0.00%,0.00%,,,,,,,,,
KINE-199-293,15,0,0,0,0,15,4.000,0,6,0,0,0,21,HARRIS C
"",100.00%,0.00%,0.00%,0.00%,0.00%,,,,,,,,,
KINE-199-294,8,0,0,0,0,8,4.000,0,13,0,0,0,21,HARRIS C
"",100.00%,0.00%,0.00%,0.00%,0.00%,,,,,,,,,
KINE-199-297,19,0,0,0,0,19,4.000,0,2,0,0,0,21,HARRIS C
"",100.00%,0.00%,0.00%,0.00%,0.00%,,,,,,,,,
KINE-199-302,4,1,1,0,0,6,3.500,0,10,1,2,0,19,WOOSLEY J
"",66.67%,16.67%,16.67%,0.00%,0.00%,,,,,,,,,
KINE-199-303,6,0,1,0,0,7,3.714,0,9,1,2,0,19,WOOSLEY J
"",85.71%,0.00%,14.29%,0.00%,0.00%,,,,,,,,,
KINE-199-304,11,1,0,0,0,12,3.615,0,3,1,1,0,17,WOOSLEY J
"",91.67%,8.33%,0.00%,0.00%,0.00%,,,,,,,,,
KINE-199-305,12,0,0,0,0,12,3.692,0,3,1,1,0,17,WOOSLEY J
"",100.00%,0.00%,0.00%,0.00%,0.00%,,,,,,,,,
KINE-199-308,9,1,1,0,0,11,3.727,0,7,0,1,0,19,WOOSLEY J
"",81.82%,9.09%,9.09%,0.00%,0.00%,,,,,,,,,
KINE-199-309,10,0,1,0,0,11,3.818,0,7,0,1,0,19,WOOSLEY J
"",90.91%,0.00%,9.09%,0.00%,0.00%,,,,,,,,,
KINE-199-316,11,0,0,0,0,11,4.000,0,6,0,0,0,17,WOOSLEY J
"",100.00%,0.00%,0.00%,0.00%,0.00%,,,,,,,,,
KINE-199-318,11,0,0,0,0,11,4.000,0,6,0,0,0,17,WOOSLEY J
"",100.00%,0.00%,0.00%,0.00%,0.00%,,,,,,,,,
KINE-199-329,10,0,0,0,0,10,4.000,0,13,0,3,1,27,WENZEL T
"",100.00%,0.00%,0.00%,0.00%,0.00%,,,,,,,,,
KINE-199-330,13,0,0,0,0,13,4.000,0,15,0,0,0,28,WENZEL T
"",100.00%,0.00%,0.00%,0.00%,0.00%,,,,,,,,,
KINE-199-332,8,0,0,0,0,8,4.000,2,16,0,2,0,28,WENZEL T
"",100.00%,0.00%,0.00%,0.00%,0.00%,,,,,,,,,
KINE-199-333,14,0,0,0,0,14,4.000,0,18,0,0,0,32,WENZEL T
"",100.00%,0.00%,0.00%,0.00%,0.00%,,,,,,,,,
KINE-199-334,12,0,0,0,0,12,3.428,0,14,2,2,0,30,WENZEL T
"",100.00%,0.00%,0.00%,0.00%,0.00%,,,,,,,,,
KINE-199-335,14,0,1,0,0,15,3.866,0,12,0,3,0,30,WENZEL T
"",93.33%,0.00%,6.67%,0.00%,0.00%,,,,,,,,,
KINE-199-343,9,0,0,0,0,9,4.000,0,11,0,4,0,24,DIXON S
"",100.00%,0.00%,0.00%,0.00%,0.00%,,,,,,,,,
KINE-199-349,14,0,0,0,0,14,4.000,0,9,0,0,0,23,HANIK M
"",100.00%,0.00%,0.00%,0.00%,0.00%,,,,,,,,,
KINE-199-351,4,3,0,0,0,7,3.571,0,11,0,2,0,20,CORREA J
"",57.14%,42.86%,0.00%,0.00%,0.00%,,,,,,,,,
KINE-199-357,10,0,0,0,0,10,4.000,0,18,0,0,0,28,CORREA J
"",100.00%,0.00%,0.00%,0.00%,0.00%,,,,,,,,,
KINE-199-360,12,0,0,0,0,12,4.000,0,20,0,0,0,32,HANIK M
"",100.00%,0.00%,0.00%,0.00%,0.00%,,,,,,,,,
KINE-199-361,7,0,0,0,0,7,4.000,0,19,0,5,0,31,SIMMONS K
"",100.00%,0.00%,0.00%,0.00%,0.00%,,,,,,,,,
KINE-199-381,4,2,0,0,0,6,3.666,0,15,0,1,1,23,ESTES L
"",66.67%,33.33%,0.00%,0.00%,0.00%,,,,,,,,,
KINE-199-384,13,0,0,0,0,13,4.000,0,6,0,0,0,19,DANNENBAUM J
"",100.00%,0.00%,0.00%,0.00%,0.00%,,,,,,,,,
KINE-199-388,7,0,0,0,0,7,3.500,1,6,1,2,0,17,DANNENBAUM J
"",100.00%,0.00%,0.00%,0.00%,0.00%,,,,,,,,,
KINE-199-393,5,1,2,0,0,8,3.000,0,13,1,0,0,22,ESTES L
"",62.50%,12.50%,25.00%,0.00%,0.00%,,,,,,,,,
KINE-199-394,4,0,1,0,0,5,3.600,0,16,0,1,0,22,ESTES L
"",80.00%,0.00%,20.00%,0.00%,0.00%,,,,,,,,,
KINE-199-400,5,0,0,0,0,5,4.000,1,10,0,0,0,16,WRIGHT M
"",100.00%,0.00%,0.00%,0.00%,0.00%,,,,,,,,,
KINE-199-404,8,0,0,0,0,8,3.200,1,8,2,4,0,23,WRIGHT M
"",100.00%,0.00%,0.00%,0.00%,0.00%,,,,,,,,,
KINE-199-432,5,0,0,0,0,5,4.000,0,14,0,1,0,20,KANG M
"",100.00%,0.00%,0.00%,0.00%,0.00%,,,,,,,,,
KINE-199-449,14,0,0,0,0,14,4.000,0,8,0,0,0,22,ISENHART M
"",100.00%,0.00%,0.00%,0.00%,0.00%,,,,,,,,,
KINE-199-459,10,1,0,0,0,11,3.909,0,12,0,0,0,23,WOODARD D
"",90.91%,9.09%,0.00%,0.00%,0.00%,,,,,,,,,
KINE-199-464,5,1,1,0,0,7,2.777,0,10,2,6,0,25,ALVAREZ A
"",71.43%,14.29%,14.29%,0.00%,0.00%,,,,,,,,,
KINE-199-465,8,0,0,0,1,9,3.555,0,15,0,3,0,27,ALVAREZ A
"",88.89%,0.00%,0.00%,0.00%,11.11%,,,,,,,,,
KINE-199-470,5,0,0,0,0,5,4.000,0,17,0,2,0,24,DIXON S
"",100.00%,0.00%,0.00%,0.00%,0.00%,,,,,,,,,
KINE-199-486,7,1,0,0,0,8,3.875,0,13,0,1,0,22,ISENHART M
"",87.50%,12.50%,0.00%,0.00%,0.00%,,,,,,,,,
KINE-199-494,21,0,0,0,0,21,4.000,0,7,0,0,0,28,KENDRA J
"",100.00%,0.00%,0.00%,0.00%,0.00%,,,,,,,,,
KINE-199-495,8,1,0,0,0,9,3.500,0,15,1,1,0,26,COADY W
"",88.89%,11.11%,0.00%,0.00%,0.00%,,,,,,,,,
KINE-199-496,10,1,0,0,0,11,3.583,0,15,1,0,0,27,COADY W
"",90.91%,9.09%,0.00%,0.00%,0.00%,,,,,,,,,
KINE-199-500,15,1,0,0,0,16,3.937,0,12,0,4,0,32,SCHAKEL D
"",93.75%,6.25%,0.00%,0.00%,0.00%,,,,,,,,,
KINE-199-501,19,0,0,0,0,19,4.000,0,10,0,2,0,31,SCHAKEL D
"",100.00%,0.00%,0.00%,0.00%,0.00%,,,,,,,,,
KINE-199-502,19,0,0,0,0,19,4.000,0,9,0,0,0,28,KENDRA J
"",100.00%,0.00%,0.00%,0.00%,0.00%,,,,,,,,,
KINE-199-503,14,0,0,0,0,14,4.000,0,13,0,5,0,32,SCHAKEL D
"",100.00%,0.00%,0.00%,0.00%,0.00%,,,,,,,,,
KINE-199-514,8,0,1,0,0,9,3.400,0,15,1,2,0,27,JOHNSON S
"",88.89%,0.00%,11.11%,0.00%,0.00%,,,,,,,,,
KINE-199-515,13,1,0,0,0,14,3.928,0,13,0,1,0,28,BYRNE K
"",92.86%,7.14%,0.00%,0.00%,0.00%,,,,,,,,,
KINE-199-516,12,0,0,0,0,12,4.000,0,15,0,0,0,27,BYRNE K
"",100.00%,0.00%,0.00%,0.00%,0.00%,,,,,,,,,
KINE-199-518,5,1,0,0,0,6,3.285,0,21,1,0,0,28,BREKKEN K
"",83.33%,16.67%,0.00%,0.00%,0.00%,,,,,,,,,
KINE-199-520,9,1,0,0,0,10,3.900,0,17,0,0,0,27,BREKKEN K
"",90.00%,10.00%,0.00%,0.00%,0.00%,,,,,,,,,
KINE-199-521,10,0,0,0,0,10,4.000,0,18,0,0,0,28,BYRNE K
"",100.00%,0.00%,0.00%,0.00%,0.00%,,,,,,,,,
KINE-199-522,8,0,0,0,0,8,4.000,0,18,0,1,0,27,LOCKLEAR A
"",100.00%,0.00%,0.00%,0.00%,0.00%,,,,,,,,,
KINE-199-527,11,2,0,0,0,13,3.846,0,13,0,0,0,26,LOCKLEAR A
"",84.62%,15.38%,0.00%,0.00%,0.00%,,,,,,,,,
KINE-199-531,8,0,0,0,0,8,4.000,0,20,0,0,0,28,LOCKLEAR A
"",100.00%,0.00%,0.00%,0.00%,0.00%,,,,,,,,,
KINE-199-533,8,0,0,0,0,8,3.200,0,14,2,4,0,28,BREKKEN K
"",100.00%,0.00%,0.00%,0.00%,0.00%,,,,,,,,,
KINE-199-537,10,0,0,0,0,10,4.000,0,14,0,0,0,24,KUPPERSMITH N
"",100.00%,0.00%,0.00%,0.00%,0.00%,,,,,,,,,
KINE-199-538,9,0,0,0,0,9,4.000,0,15,0,0,0,24,WAITE L
"",100.00%,0.00%,0.00%,0.00%,0.00%,,,,,,,,,
KINE-199-540,12,0,0,0,0,12,4.000,0,13,0,1,0,26,WAITE L
"",100.00%,0.00%,0.00%,0.00%,0.00%,,,,,,,,,
KINE-199-542,7,1,0,0,0,8,3.875,0,12,0,2,0,22,TEMPLIN M
"",87.50%,12.50%,0.00%,0.00%,0.00%,,,,,,,,,
KINE-199-595,19,0,0,0,0,19,4.000,0,0,0,0,0,19,COHEN L
"",100.00%,0.00%,0.00%,0.00%,0.00%,,,,,,,,,
KINE-199-596,311,0,0,0,0,311,4.000,0,1,0,2,0,314,THOMAS F
"",100.00%,0.00%,0.00%,0.00%,0.00%,,,,,,,,,
KINE-199-702,6,3,0,0,0,9,2.538,023,,4,4,0,40,WAITE L
"",66.67%,33.33%,0.00%,0.00%,0.00%,,,,,,,,,
KINE-199-703,7,1,0,0,0,8,2.818,028,,3,1,0,40,WAITE L
"",87.50%,12.50%,0.00%,0.00%,0.00%,,,,,,,,,
KINE-199-704,8,1,0,0,0,9,3.500,027,,1,3,0,40,WAITE L
"",88.89%,11.11%,0.00%,0.00%,0.00%,,,,,,,,,
KINE-199-705,13,2,0,0,0,15,3.411,019,,2,3,0,39,WAITE L
"",86.67%,13.33%,0.00%,0.00%,0.00%,,,,,,,,,
COURSE TOTAL:,1655,60,20,1,4,1740,3.821,9  1645,,54,157,3,3608,
"",95.11%,3.45%,1.15%,0.06%,0.23%,,,,,,,,,
KINE-210-500,21,2,0,0,1,24,3.750,00,,0,0,0,24,HARRIS C
"",87.50%,8.33%,0.00%,0.00%,4.17%,,,,,,,,,
COURSE TOTAL:,21,2,0,0,1,24,3.750,00,,0,0,0,24,
"",87.50%,8.33%,0.00%,0.00%,4.17%,,,,,,,,,
KINE-213-598,35,46,22,0,0,103,3.126,00,,0,2,0,105,WRIGHT D
"",33.98%,44.66%,21.36%,0.00%,0.00%,,,,,,,,,
KINE-213-599,27,62,15,0,0,104,3.115,00,,0,1,0,105,WRIGHT D
"",25.96%,59.62%,14.42%,0.00%,0.00%,,,,,,,,,
COURSE TOTAL:,62,108,37,0,0,207,3.120,00,,0,3,0,210,
"",29.95%,52.17%,17.87%,0.00%,0.00%,,,,,,,,,
KINE-215-502,11,11,4,0,1,27,3.148,00,,0,2,0,29,CAMPBELL A
"",40.74%,40.74%,14.81%,0.00%,3.70%,,,,,,,,,
KINE-215-503,25,1,0,1,1,28,3.714,00,,0,0,0,28,SZURA J
"",89.29%,3.57%,0.00%,3.57%,3.57%,,,,,,,,,
COURSE TOTAL:,36,12,4,1,2,55,3.436,0,0,0,2,0,57,
"",65.45%,21.82%,7.27%,1.82%,3.64%,,,,,,,,,
KINE-223-010,27,5,0,1,0,33,3.757,0,0,0,2,0,35,SZURA J
"",81.82%,15.15%,0.00%,3.03%,0.00%,,,,,,,,,
KINE-223-011,22,6,3,0,0,31,3.612,0,0,0,0,0,31,WOODARD D
"",70.97%,19.35%,9.68%,0.00%,0.00%,,,,,,,,,
KINE-223-012,21,7,2,0,0,30,3.633,0,0,0,1,0,31,SLAGEL K
"",70.00%,23.33%,6.67%,0.00%,0.00%,,,,,,,,,
KINE-223-013,25,3,2,1,0,31,3.677,0,0,0,0,0,31,SLAGEL K
"",80.65%,9.68%,6.45%,3.23%,0.00%,,,,,,,,,
KINE-223-014,26,4,2,0,0,32,3.750,0,0,0,0,0,32,SLAGEL K
"",81.25%,12.50%,6.25%,0.00%,0.00%,,,,,,,,,
KINE-223-017,25,5,0,0,0,30,3.833,0,0,0,1,0,31,SIMMONS K
"",83.33%,16.67%,0.00%,0.00%,0.00%,,,,,,,,,
KINE-223-019,24,5,1,1,0,31,3.677,0,0,0,1,0,32,WOLFE J
"",77.42%,16.13%,3.23%,3.23%,0.00%,,,,,,,,,
KINE-223-020,24,7,1,0,0,32,3.718,0,0,0,0,0,32,WOLFE J
"",75.00%,21.88%,3.13%,0.00%,0.00%,,,,,,,,,
KINE-223-021,23,7,1,0,1,32,3.593,0,0,0,0,0,32,WRIGHT M
"",71.88%,21.88%,3.13%,0.00%,3.13%,,,,,,,,,
KINE-223-022,15,6,2,1,0,24,3.458,0,0,0,0,0,24,NETHERLAND B
"",62.50%,25.00%,8.33%,4.17%,0.00%,,,,,,,,,
KINE-223-024,19,2,1,1,1,24,3.541,0,0,0,0,0,24,MAREK K
"",79.17%,8.33%,4.17%,4.17%,4.17%,,,,,,,,,
KINE-223-025,21,2,0,1,0,24,3.791,0,0,0,0,0,24,WAITE L
"",87.50%,8.33%,0.00%,4.17%,0.00%,,,,,,,,,
KINE-223-026,20,3,0,0,0,23,3.869,0,0,0,1,0,24,WAITE L
"",86.96%,13.04%,0.00%,0.00%,0.00%,,,,,,,,,
KINE-223-030,24,4,1,3,0,32,3.531,0,0,0,0,0,32,GOMEZ D
"",75.00%,12.50%,3.13%,9.38%,0.00%,,,,,,,,,
KINE-223-031,18,12,2,0,1,33,3.393,0,0,0,0,0,33,SZURA J
"",54.55%,36.36%,6.06%,0.00%,3.03%,,,,,,,,,
KINE-223-032,19,2,2,0,0,23,3.739,0,0,0,1,0,24,HANIK M
"",82.61%,8.70%,8.70%,0.00%,0.00%,,,,,,,,,
KINE-223-033,23,0,0,0,0,23,4.000,0,0,0,0,0,23,BYRNE K
"",100.00%,0.00%,0.00%,0.00%,0.00%,,,,,,,,,
KINE-223-034,16,3,5,0,1,25,3.320,0,0,0,0,0,25,WOODARD D
"",64.00%,12.00%,20.00%,0.00%,4.00%,,,,,,,,,
KINE-223-036,28,0,2,0,0,30,3.866,0,0,0,0,0,30,KUPPERSMITH N
"",93.33%,0.00%,6.67%,0.00%,0.00%,,,,,,,,,
KINE-223-039,14,10,4,0,0,28,3.357,0,0,0,0,0,28,CAMPBELL A
"",50.00%,35.71%,14.29%,0.00%,0.00%,,,,,,,,,
KINE-223-045,19,4,1,0,0,24,3.750,0,0,0,0,0,24,ISENHART M
"",79.17%,16.67%,4.17%,0.00%,0.00%,,,,,,,,,
KINE-223-049,24,6,2,0,0,32,3.687,0,0,0,0,0,32,HANIK M
"",75.00%,18.75%,6.25%,0.00%,0.00%,,,,,,,,,
KINE-223-053,13,12,4,0,1,30,3.200,0,0,0,1,0,31,CAMPBELL A
"",43.33%,40.00%,13.33%,0.00%,3.33%,,,,,,,,,
KINE-223-060,25,2,1,0,0,28,3.857,0,0,0,0,0,28,SIMMONS K
"",89.29%,7.14%,3.57%,0.00%,0.00%,,,,,,,,,
KINE-223-061,19,5,3,1,0,28,3.500,0,0,0,0,0,28,DIXON S
"",67.86%,17.86%,10.71%,3.57%,0.00%,,,,,,,,,
KINE-223-063,22,2,0,1,1,26,3.653,0,0,0,2,0,28,MCGOWAN A
"",84.62%,7.69%,0.00%,3.85%,3.85%,,,,,,,,,
KINE-223-064,18,8,1,1,0,28,3.535,0,0,0,0,0,28,DIXON S
"",64.29%,28.57%,3.57%,3.57%,0.00%,,,,,,,,,
KINE-223-078,20,1,0,0,2,23,3.608,0,0,0,1,0,24,WOLFE J
"",86.96%,4.35%,0.00%,0.00%,8.70%,,,,,,,,,
KINE-223-081,8,5,4,5,1,23,2.608,0,0,0,0,0,23,ALVAREZ A
"",34.78%,21.74%,17.39%,21.74%,4.35%,,,,,,,,,
KINE-223-084,29,6,1,0,0,36,3.777,0,0,0,0,0,36,DIXON S
"",80.56%,16.67%,2.78%,0.00%,0.00%,,,,,,,,,
KINE-223-089,30,0,1,0,0,31,3.935,0,0,0,0,0,31,MAREK K
"",96.77%,0.00%,3.23%,0.00%,0.00%,,,,,,,,,
KINE-223-090,23,4,1,0,0,28,3.785,0,0,0,0,0,28,TAGGART A
"",82.14%,14.29%,3.57%,0.00%,0.00%,,,,,,,,,
KINE-223-091,21,9,0,1,0,31,3.612,0,0,0,0,0,31,ISENHART M
"",67.74%,29.03%,0.00%,3.23%,0.00%,,,,,,,,,
KINE-223-092,23,4,2,2,0,31,3.548,0,0,0,1,0,32,NETHERLAND B
"",74.19%,12.90%,6.45%,6.45%,0.00%,,,,,,,,,
KINE-223-093,26,3,1,1,0,31,3.741,0,0,0,1,0,32,BYRNE K
"",83.87%,9.68%,3.23%,3.23%,0.00%,,,,,,,,,
KINE-223-096,26,1,0,1,0,28,3.857,0,0,0,0,0,28,KUPPERSMITH N
"",92.86%,3.57%,0.00%,3.57%,0.00%,,,,,,,,,
KINE-223-097,24,4,0,0,0,28,3.857,0,0,0,0,0,28,KUPPERSMITH N
"",85.71%,14.29%,0.00%,0.00%,0.00%,,,,,,,,,
KINE-223-702,22,5,1,0,1,29,3.620,0,0,0,1,0,30,SIMMONS K
"",75.86%,17.24%,3.45%,0.00%,3.45%,,,,,,,,,
KINE-223-703,28,2,1,0,1,32,3.750,0,0,0,0,0,32,MAREK K
"",87.50%,6.25%,3.13%,0.00%,3.13%,,,,,,,,,
KINE-223-704,28,2,1,0,0,31,3.870,0,0,0,0,0,31,POOLEY-DETWILER A
"",90.32%,6.45%,3.23%,0.00%,0.00%,,,,,,,,,
KINE-223-708,31,6,1,0,0,38,3.789,0,0,0,2,0,40,LOCKLEAR A
"",81.58%,15.79%,2.63%,0.00%,0.00%,,,,,,,,,
KINE-223-709,20,6,2,0,0,28,3.642,0,0,0,0,0,28,BREKKEN K
"",71.43%,21.43%,7.14%,0.00%,0.00%,,,,,,,,,
COURSE TOTAL:,933,190,59,22,11,1215,3.655,0,0,0,16,0,1231,
"",76.79%,15.64%,4.86%,1.81%,0.91%,,,,,,,,,
KINE-282-002,20,9,3,0,0,32,3.531,0,0,0,0,0,32,DROLESKEY S
"",62.50%,28.13%,9.38%,0.00%,0.00%,,,,,,,,,
KINE-282-006,19,11,0,0,0,30,3.633,0,0,0,1,0,31,LOCKLEAR A
"",63.33%,36.67%,0.00%,0.00%,0.00%,,,,,,,,,
COURSE TOTAL:,39,20,3,0,0,62,3.580,0,0,0,1,0,63,
"",62.90%,32.26%,4.84%,0.00%,0.00%,,,,,,,,,
KINE-285-502,9,3,3,0,0,15,3.400,0,0,0,0,0,15,GOMEZ D
"",60.00%,20.00%,20.00%,0.00%,0.00%,,,,,,,,,
KINE-285-505,25,2,0,0,0,27,3.925,0,0,0,0,0,27,LOCKLEAR A
"",92.59%,7.41%,0.00%,0.00%,0.00%,,,,,,,,,
COURSE TOTAL:,34,5,3,0,0,42,3.738,0,0,0,0,0,42,
"",80.95%,11.90%,7.14%,0.00%,0.00%,,,,,,,,,
KINE-302-500,6,0,0,0,0,6,4.000,0,0,0,0,0,6,DEWANDEL S
"",100.00%,0.00%,0.00%,0.00%,0.00%,,,,,,,,,
COURSE TOTAL:,6,0,0,0,0,6,4.000,0,0,0,0,0,6,
"",100.00%,0.00%,0.00%,0.00%,0.00%,,,,,,,,,
KINE-305-500,25,20,2,0,0,47,3.489,1,0,0,1,0,49,KREIDER R
"",53.19%,42.55%,4.26%,0.00%,0.00%,,,,,,,,,
COURSE TOTAL:,25,20,2,0,0,47,3.489,1,0,0,1,0,49,
"",53.19%,42.55%,4.26%,0.00%,0.00%,,,,,,,,,
KINE-306-500,10,0,0,0,0,10,4.000,0,0,0,0,0,10,DEWANDEL S
"",100.00%,0.00%,0.00%,0.00%,0.00%,,,,,,,,,
COURSE TOTAL:,10,0,0,0,0,10,4.000,0,0,0,0,0,10,
"",100.00%,0.00%,0.00%,0.00%,0.00%,,,,,,,,,
KINE-307-501,20,10,5,0,1,36,3.333,0,0,0,2,0,38,LIU J
"",55.56%,27.78%,13.89%,0.00%,2.78%,,,,,,,,,
KINE-307-502,24,13,2,0,0,39,3.564,0,0,0,1,0,40,KENNEDY D
"",61.54%,33.33%,5.13%,0.00%,0.00%,,,,,,,,,
KINE-307-598,30,8,2,0,0,40,3.700,0,0,0,0,0,40,LIU J
"",75.00%,20.00%,5.00%,0.00%,0.00%,,,,,,,,,
KINE-307-599,31,3,2,1,0,37,3.729,0,0,0,2,0,39,LIU J
"",83.78%,8.11%,5.41%,2.70%,0.00%,,,,,,,,,
COURSE TOTAL:,105,34,11,1,1,152,3.585,0,0,0,5,0,157,
"",69.08%,22.37%,7.24%,0.66%,0.66%,,,,,,,,,
KINE-308-500,9,1,0,0,0,10,3.900,0,0,0,0,0,10,ISENHART M
"",90.00%,10.00%,0.00%,0.00%,0.00%,,,,,,,,,
COURSE TOTAL:,9,1,0,0,0,10,3.900,0,0,0,0,0,10,
"",90.00%,10.00%,0.00%,0.00%,0.00%,,,,,,,,,
KINE-314-500,15,4,1,0,1,21,3.523,0,0,0,0,0,21,HANIK M
"",71.43%,19.05%,4.76%,0.00%,4.76%,,,,,,,,,
COURSE TOTAL:,15,4,1,0,1,21,3.523,0,0,0,0,0,21,
"",71.43%,19.05%,4.76%,0.00%,4.76%,,,,,,,,,
KINE-317-500,7,8,6,0,0,21,3.047,0,0,0,0,0,21,CAMPBELL A
"",33.33%,38.10%,28.57%,0.00%,0.00%,,,,,,,,,
KINE-317-501,5,11,3,0,0,19,3.105,0,0,0,1,0,20,CAMPBELL A
"",26.32%,57.89%,15.79%,0.00%,0.00%,,,,,,,,,
COURSE TOTAL:,12,19,9,0,0,40,3.075,0,0,0,1,0,41,
"",30.00%,47.50%,22.50%,0.00%,0.00%,,,,,,,,,
KINE-318-501,33,30,17,2,3,85,3.035,0,0,0,4,0,89,KNIFFIN D
"",38.82%,35.29%,20.00%,2.35%,3.53%,,,,,,,,,
KINE-318-502,32,27,15,1,2,77,3.116,0,0,0,3,0,80,KNIFFIN D
"",41.56%,35.06%,19.48%,1.30%,2.60%,,,,,,,,,
COURSE TOTAL:,65,57,32,3,5,162,3.074,0,0,0,7,0,169,
"",40.12%,35.19%,19.75%,1.85%,3.09%,,,,,,,,,
KINE-321-500,13,4,4,0,1,22,3.272,0,0,0,1,0,23,COADY W
"",59.09%,18.18%,18.18%,0.00%,4.55%,,,,,,,,,
COURSE TOTAL:,13,4,4,0,1,22,3.272,0,0,0,1,0,23,
"",59.09%,18.18%,18.18%,0.00%,4.55%,,,,,,,,,
KINE-324-500,49,3,0,0,3,55,3.727,0,0,0,0,0,55,THORNTON M
"",89.09%,5.45%,0.00%,0.00%,5.45%,,,,,,,,,
COURSE TOTAL:,49,3,0,0,3,55,3.727,0,0,0,0,0,55,
"",89.09%,5.45%,0.00%,0.00%,5.45%,,,,,,,,,
KINE-334-500,19,1,0,0,0,20,3.950,0,0,0,0,0,20,COHEN L
"",95.00%,5.00%,0.00%,0.00%,0.00%,,,,,,,,,
COURSE TOTAL:,19,1,0,0,0,20,3.950,0,0,0,0,0,20,
"",95.00%,5.00%,0.00%,0.00%,0.00%,,,,,,,,,
KINE-340-500,7,15,7,0,2,31,2.806,0,0,0,1,0,32,DIXON S
"",22.58%,48.39%,22.58%,0.00%,6.45%,,,,,,,,,
COURSE TOTAL:,7,15,7,0,2,31,2.806,0,0,0,1,0,32,
"",22.58%,48.39%,22.58%,0.00%,6.45%,,,,,,,,,
KINE-351-500,17,2,2,0,1,22,3.545,0,0,0,0,0,22,DIXON S
"",77.27%,9.09%,9.09%,0.00%,4.55%,,,,,,,,,
COURSE TOTAL:,17,2,2,0,1,22,3.545,0,0,0,0,0,22,
"",77.27%,9.09%,9.09%,0.00%,4.55%,,,,,,,,,
KINE-404-599,17,9,8,2,2,38,2.973,0,0,0,1,0,39,XIANG P
"",44.74%,23.68%,21.05%,5.26%,5.26%,,,,,,,,,
COURSE TOTAL:,17,9,8,2,2,38,2.973,0,0,0,1,0,39,
"",44.74%,23.68%,21.05%,5.26%,5.26%,,,,,,,,,
KINE-406-501,41,4,0,0,1,46,3.826,0,0,0,1,0,47,YENTES J
"",89.13%,8.70%,0.00%,0.00%,2.17%,,,,,,,,,
KINE-406-502,37,8,1,1,0,47,3.723,0,0,0,0,0,47,YENTES J
"",78.72%,17.02%,2.13%,2.13%,0.00%,,,,,,,,,
KINE-406-503,13,16,8,0,1,38,3.052,0,0,0,5,0,43,WRIGHT D
"",34.21%,42.11%,21.05%,0.00%,2.63%,,,,,,,,,
COURSE TOTAL:,91,28,9,1,2,131,3.564,0,0,0,6,0,137,
"",69.47%,21.37%,6.87%,0.76%,1.53%,,,,,,,,,
KINE-407-900,8,6,3,0,1,18,3.111,0,0,0,1,0,19,HUYNH A
"",44.44%,33.33%,16.67%,0.00%,5.56%,,,,,,,,,
KINE-407-901,10,9,2,0,0,21,3.380,0,0,0,1,0,22,HUYNH A
"",47.62%,42.86%,9.52%,0.00%,0.00%,,,,,,,,,
KINE-407-902,15,6,0,0,0,21,3.714,0,0,0,1,0,22,LEONARD M
"",71.43%,28.57%,0.00%,0.00%,0.00%,,,,,,,,,
KINE-407-903,13,8,1,0,0,22,3.545,0,0,0,0,0,22,LEONARD M
"",59.09%,36.36%,4.55%,0.00%,0.00%,,,,,,,,,
KINE-407-904,11,7,1,1,1,21,3.238,0,0,0,0,0,21,ARMSTRONG E
"",52.38%,33.33%,4.76%,4.76%,4.76%,,,,,,,,,
COURSE TOTAL:,57,36,7,1,2,103,3.407,0,0,0,3,0,106,
"",55.34%,34.95%,6.80%,0.97%,1.94%,,,,,,,,,
KINE-425-500,3,3,0,0,0,6,3.500,0,0,0,0,0,6,XIANG P
"",50.00%,50.00%,0.00%,0.00%,0.00%,,,,,,,,,
COURSE TOTAL:,3,3,0,0,0,6,3.500,0,0,0,0,0,6,
"",50.00%,50.00%,0.00%,0.00%,0.00%,,,,,,,,,
KINE-426-501,9,12,0,0,0,21,3.428,0,0,0,0,0,21,LEI Y
"",42.86%,57.14%,0.00%,0.00%,0.00%,,,,,,,,,
KINE-426-502,5,16,0,0,0,21,3.238,0,0,0,0,0,21,LEI Y
"",23.81%,76.19%,0.00%,0.00%,0.00%,,,,,,,,,
KINE-426-503,3,13,5,0,0,21,2.904,0,0,0,0,0,21,NORDIN A
"",14.29%,61.90%,23.81%,0.00%,0.00%,,,,,,,,,
KINE-426-504,7,8,6,0,0,21,3.047,0,0,0,0,0,21,NORDIN A
"",33.33%,38.10%,28.57%,0.00%,0.00%,,,,,,,,,
KINE-426-505,9,8,4,0,0,21,3.238,0,0,0,0,0,21,NORDIN A
"",42.86%,38.10%,19.05%,0.00%,0.00%,,,,,,,,,
KINE-426-506,5,9,3,0,0,17,3.117,3,0,0,1,0,21,LAWLER J
"",29.41%,52.94%,17.65%,0.00%,0.00%,,,,,,,,,
KINE-426-507,4,8,5,0,0,17,2.941,0,0,0,0,1,18,LAWLER J
"",23.53%,47.06%,29.41%,0.00%,0.00%,,,,,,,,,
COURSE TOTAL:,42,74,23,0,0,139,3.136,3,0,0,1,1,144,
"",30.22%,53.24%,16.55%,0.00%,0.00%,,,,,,,,,
KINE-427-501,64,9,3,0,1,77,3.753,0,0,0,0,0,77,COLVIN L
"",83.12%,11.69%,3.90%,0.00%,1.30%,,,,,,,,,
KINE-427-502,75,14,3,1,0,93,3.752,0,0,0,0,0,93,MORTON A
"",80.65%,15.05%,3.23%,1.08%,0.00%,,,,,,,,,
COURSE TOTAL:,139,23,6,1,1,170,3.752,0,0,0,0,0,170,
"",81.76%,13.53%,3.53%,0.59%,0.59%,,,,,,,,,
KINE-429-500,8,0,0,0,1,9,3.555,0,0,0,0,0,9,COLVIN L
"",88.89%,0.00%,0.00%,0.00%,11.11%,,,,,,,,,
COURSE TOTAL:,8,0,0,0,1,9,3.555,0,0,0,0,0,9,
"",88.89%,0.00%,0.00%,0.00%,11.11%,,,,,,,,,
KINE-433-501,21,18,8,1,1,49,3.163,0,0,0,0,0,49,MARTIN S
"",42.86%,36.73%,16.33%,2.04%,2.04%,,,,,,,,,
KINE-433-502,24,23,1,0,0,48,3.479,0,0,0,0,0,48,COLVIN L
"",50.00%,47.92%,2.08%,0.00%,0.00%,,,,,,,,,
KINE-433-503,12,17,11,0,0,40,3.025,0,0,0,1,0,41,WOODMAN C
"",30.00%,42.50%,27.50%,0.00%,0.00%,,,,,,,,,
COURSE TOTAL:,57,58,20,1,1,137,3.233,0,0,0,1,0,138,
"",41.61%,42.34%,14.60%,0.73%,0.73%,,,,,,,,,
KINE-435-900,19,1,1,0,0,21,3.857,0,0,0,0,0,21,URANGA S
"",90.48%,4.76%,4.76%,0.00%,0.00%,,,,,,,,,
KINE-435-901,15,6,0,0,0,21,3.714,0,0,0,0,0,21,DICKERSON B
"",71.43%,28.57%,0.00%,0.00%,0.00%,,,,,,,,,
KINE-435-902,19,1,0,0,0,20,3.950,0,0,0,0,0,20,GONZALEZ A
"",95.00%,5.00%,0.00%,0.00%,0.00%,,,,,,,,,
KINE-435-903,19,1,1,0,0,21,3.857,0,0,0,0,0,21,URANGA S
"",90.48%,4.76%,4.76%,0.00%,0.00%,,,,,,,,,
KINE-435-904,15,5,0,0,0,20,3.750,0,0,0,0,0,20,DICKERSON B
"",75.00%,25.00%,0.00%,0.00%,0.00%,,,,,,,,,
KINE-435-905,20,1,0,0,0,21,3.952,0,0,0,0,0,21,GONZALEZ A
"",95.24%,4.76%,0.00%,0.00%,0.00%,,,,,,,,,
COURSE TOTAL:,107,15,2,0,0,124,3.846,0,0,0,0,0,124,
"",86.29%,12.10%,1.61%,0.00%,0.00%,,,,,,,,,
KINE-439-900,2,8,0,0,0,10,3.200,0,0,0,0,0,10,MARTIN S
"",20.00%,80.00%,0.00%,0.00%,0.00%,,,,,,,,,
COURSE TOTAL:,2,8,0,0,0,10,3.200,0,0,0,0,0,10,
"",20.00%,80.00%,0.00%,0.00%,0.00%,,,,,,,,,
KINE-483-502,14,0,0,0,0,14,4.000,0,0,0,0,0,14,MARTIN S
"",100.00%,0.00%,0.00%,0.00%,0.00%,,,,,,,,,
COURSE TOTAL:,14,0,0,0,0,14,4.000,0,0,0,0,0,14,
"",100.00%,0.00%,0.00%,0.00%,0.00%,,,,,,,,,
KINE-485-500,7,0,0,0,0,7,4.000,0,0,0,0,0,7,KENNEDY D
"",100.00%,0.00%,0.00%,0.00%,0.00%,,,,,,,,,
COURSE TOTAL:,7,0,0,0,0,7,4.000,0,0,0,0,0,7,
"",100.00%,0.00%,0.00%,0.00%,0.00%,,,,,,,,,
KINE-491-502,5,0,0,0,0,5,4.000,0,0,0,0,0,5,ENGELEN M
"",100.00%,0.00%,0.00%,0.00%,0.00%,,,,,,,,,
COURSE TOTAL:,5,0,0,0,0,5,4.000,0,0,0,0,0,5,
"",100.00%,0.00%,0.00%,0.00%,0.00%,,,,,,,,,
KINE-601-600,7,2,0,0,0,9,3.777,0,0,0,0,0,9,ENGELEN M
"",77.78%,22.22%,0.00%,0.00%,0.00%,,,,,,,,,
COURSE TOTAL:,7,2,0,0,0,9,3.777,0,0,0,0,0,9,
"",77.78%,22.22%,0.00%,0.00%,0.00%,,,,,,,,,
KINE-628-600,20,0,0,0,0,20,4.000,0,0,0,1,0,21,COLVIN L
"",100.00%,0.00%,0.00%,0.00%,0.00%,,,,,,,,,
COURSE TOTAL:,20,0,0,0,0,20,4.000,0,0,0,1,0,21,
"",100.00%,0.00%,0.00%,0.00%,0.00%,,,,,,,,,
KINE-638-600,6,15,0,0,0,21,3.285,0,0,0,0,0,21,WOODMAN C
"",28.57%,71.43%,0.00%,0.00%,0.00%,,,,,,,,,
COURSE TOTAL:,6,15,0,0,0,21,3.285,0,0,0,0,0,21,
"",28.57%,71.43%,0.00%,0.00%,0.00%,,,,,,,,,
KINE-648-601,12,0,0,0,0,12,4.000,0,0,0,0,0,12,MARTIN S
"",100.00%,0.00%,0.00%,0.00%,0.00%,,,,,,,,,
COURSE TOTAL:,12,0,0,0,0,12,4.000,0,0,0,0,0,12,
"",100.00%,0.00%,0.00%,0.00%,0.00%,,,,,,,,,
KINE-652-600,4,1,0,0,0,5,3.800,0,0,0,0,0,5,ENGELEN M
"",80.00%,20.00%,0.00%,0.00%,0.00%,,,,,,,,,
COURSE TOTAL:,4,1,0,0,0,5,3.800,0,0,0,0,0,5,
"",80.00%,20.00%,0.00%,0.00%,0.00%,,,,,,,,,
KINE-683-603,9,0,0,0,0,9,4.000,0,0,0,0,0,9,ELLSWORTH R
"",100.00%,0.00%,0.00%,0.00%,0.00%,,,,,,,,,
COURSE TOTAL:,9,0,0,0,0,9,4.000,0,0,0,0,0,9,
"",100.00%,0.00%,0.00%,0.00%,0.00%,,,,,,,,,
KINE-685-602,6,0,0,0,0,6,4.000,0,0,0,0,0,6,KREIDER R
"",100.00%,0.00%,0.00%,0.00%,0.00%,,,,,,,,,
COURSE TOTAL:,6,0,0,0,0,6,4.000,0,0,0,0,0,6,
"",100.00%,0.00%,0.00%,0.00%,0.00%,,,,,,,,,
KINE-689-600,8,0,0,0,0,8,4.000,0,0,0,0,0,8,LEI Y
"",100.00%,0.00%,0.00%,0.00%,0.00%,,,,,,,,,
COURSE TOTAL:,8,0,0,0,0,8,4.000,0,0,0,0,0,8,
"",100.00%,0.00%,0.00%,0.00%,0.00%,,,,,,,,,
KNFB-325-901,12,0,0,0,0,12,4.000,0,0,0,0,0,12,LIU J
"",100.00%,0.00%,0.00%,0.00%,0.00%,,,,,,,,,
COURSE TOTAL:,12,0,0,0,0,12,4.000,0,0,0,0,0,12,
"",100.00%,0.00%,0.00%,0.00%,0.00%,,,,,,,,,
SPMT-220-501,23,13,2,0,0,38,3.552,0,0,0,2,0,40,KEIPER P
"",60.53%,34.21%,5.26%,0.00%,0.00%,,,,,,,,,
SPMT-220-598,48,18,3,0,1,70,3.600,0,0,0,0,0,70,MALCOMB H
"",68.57%,25.71%,4.29%,0.00%,1.43%,,,,,,,,,
SPMT-220-599,89,21,9,1,1,121,3.619,0,0,0,3,0,124,ALTINER B
"",73.55%,17.36%,7.44%,0.83%,0.83%,,,,,,,,,
COURSE TOTAL:,160,52,14,1,2,229,3.602,0,0,0,5,0,234,
"",69.87%,22.71%,6.11%,0.44%,0.87%,,,,,,,,,
SPMT-230-599,20,4,0,0,0,24,3.833,0,0,0,0,0,24,GUINN J
"",83.33%,16.67%,0.00%,0.00%,0.00%,,,,,,,,,
COURSE TOTAL:,20,4,0,0,0,24,3.833,0,0,0,0,0,24,
"",83.33%,16.67%,0.00%,0.00%,0.00%,,,,,,,,,
SPMT-260-598,63,47,27,4,1,142,3.176,0,0,0,5,0,147,GRIZZARD B
"",44.37%,33.10%,19.01%,2.82%,0.70%,,,,,,,,,
SPMT-260-599,35,55,24,1,0,115,3.078,0,0,0,0,0,115,GRIZZARD B
"",30.43%,47.83%,20.87%,0.87%,0.00%,,,,,,,,,
COURSE TOTAL:,98,102,51,5,1,257,3.132,0,0,0,5,0,262,
"",38.13%,39.69%,19.84%,1.95%,0.39%,,,,,,,,,
SPMT-262-500,22,28,18,2,1,71,2.957,0,0,0,0,0,71,KEIPER P
"",30.99%,39.44%,25.35%,2.82%,1.41%,,,,,,,,,
COURSE TOTAL:,22,28,18,2,1,71,2.957,0,0,0,0,0,71,
"",30.99%,39.44%,25.35%,2.82%,1.41%,,,,,,,,,
SPMT-265-900,11,4,1,1,0,17,3.470,0,0,0,0,0,17,ZIMMER W
"",64.71%,23.53%,5.88%,5.88%,0.00%,,,,,,,,,
SPMT-265-901,11,4,3,1,0,19,3.315,0,0,0,0,0,19,ZIMMER W
"",57.89%,21.05%,15.79%,5.26%,0.00%,,,,,,,,,
SPMT-265-902,14,2,1,0,1,18,3.555,0,0,0,0,0,18,ZIMMER W
"",77.78%,11.11%,5.56%,0.00%,5.56%,,,,,,,,,
SPMT-265-903,12,4,1,0,1,18,3.444,0,0,0,0,0,18,ZIMMER W
"",66.67%,22.22%,5.56%,0.00%,5.56%,,,,,,,,,
SPMT-265-904,9,5,4,0,0,18,3.277,0,0,0,0,0,18,ZIMMER W
"",50.00%,27.78%,22.22%,0.00%,0.00%,,,,,,,,,
SPMT-265-905,9,4,3,1,0,17,3.235,0,0,0,0,0,17,ZIMMER W
"",52.94%,23.53%,17.65%,5.88%,0.00%,,,,,,,,,
COURSE TOTAL:,66,23,13,3,2,107,3.383,0,0,0,0,0,107,
"",61.68%,21.50%,12.15%,2.80%,1.87%,,,,,,,,,
SPMT-270-598,39,68,29,6,1,143,2.965,0,0,0,5,0,148,UHM J
"",27.27%,47.55%,20.28%,4.20%,0.70%,,,,,,,,,
SPMT-270-599,24,48,37,12,3,124,2.629,0,0,0,0,0,124,UHM J
"",19.35%,38.71%,29.84%,9.68%,2.42%,,,,,,,,,
COURSE TOTAL:,63,116,66,18,4,267,2.808,0,0,0,5,0,272,
"",23.60%,43.45%,24.72%,6.74%,1.50%,,,,,,,,,
SPMT-272-500,48,19,4,1,2,74,3.486,0,0,0,0,0,74,HEIDTKE J
"",64.86%,25.68%,5.41%,1.35%,2.70%,,,,,,,,,
COURSE TOTAL:,48,19,4,1,2,74,3.486,0,0,0,0,0,74,
"",64.86%,25.68%,5.41%,1.35%,2.70%,,,,,,,,,
SPMT-285-536,8,2,3,1,1,15,3.142,0,0,0,0,0,15,GOMEZ D
"",53.33%,13.33%,20.00%,6.67%,6.67%,,,,,,,,,
COURSE TOTAL:,8,2,3,1,1,15,3.142,0,0,0,0,0,15,
"",53.33%,13.33%,20.00%,6.67%,6.67%,,,,,,,,,
SPMT-295-500,11,21,9,0,0,41,3.048,0,0,0,1,0,42,JONES K
"",26.83%,51.22%,21.95%,0.00%,0.00%,,,,,,,,,
SPMT-295-501,18,10,8,1,0,37,3.216,0,0,0,5,0,42,JONES K
"",48.65%,27.03%,21.62%,2.70%,0.00%,,,,,,,,,
SPMT-295-502,5,12,4,2,2,25,2.640,0,0,0,3,0,28,JONES K
"",20.00%,48.00%,16.00%,8.00%,8.00%,,,,,,,,,
COURSE TOTAL:,34,43,21,3,2,103,3.009,0,0,0,9,0,112,
"",33.01%,41.75%,20.39%,2.91%,1.94%,,,,,,,,,
SPMT-304-599,130,70,22,6,3,231,3.376,0,0,0,2,0,233,FULK C
"",56.28%,30.30%,9.52%,2.60%,1.30%,,,,,,,,,
COURSE TOTAL:,130,70,22,6,3,231,3.376,0,0,0,2,0,233,
"",56.28%,30.30%,9.52%,2.60%,1.30%,,,,,,,,,
SPMT-319-500,17,9,9,3,0,38,3.052,0,0,0,0,0,38,WALTEMYER D
"",44.74%,23.68%,23.68%,7.89%,0.00%,,,,,,,,,
SPMT-319-599,57,63,21,4,0,145,3.193,0,0,0,4,0,149,ALANIS M
"",39.31%,43.45%,14.48%,2.76%,0.00%,,,,,,,,,
COURSE TOTAL:,74,72,30,7,0,183,3.163,0,0,0,4,0,187,
"",40.44%,39.34%,16.39%,3.83%,0.00%,,,,,,,,,
SPMT-336-500,26,7,1,0,2,36,3.527,0,0,0,1,0,37,SINGER J
"",72.22%,19.44%,2.78%,0.00%,5.56%,,,,,,,,,
SPMT-336-599,146,10,8,2,1,167,3.784,0,0,0,3,0,170,HILL J
"",87.43%,5.99%,4.79%,1.20%,0.60%,,,,,,,,,
COURSE TOTAL:,172,17,9,2,3,203,3.738,0,0,0,4,0,207,
"",84.73%,8.37%,4.43%,0.99%,1.48%,,,,,,,,,
SPMT-337-599,223,18,2,2,1,246,3.869,0,0,0,2,0,248,MCCULLOUGH B
"",90.65%,7.32%,0.81%,0.81%,0.41%,,,,,,,,,
COURSE TOTAL:,223,18,2,2,1,246,3.869,0,0,0,2,0,248,
"",90.65%,7.32%,0.81%,0.81%,0.41%,,,,,,,,,
SPMT-340-599,25,19,5,2,1,52,3.250,0,0,0,0,0,52,ZIMMER W
"",48.08%,36.54%,9.62%,3.85%,1.92%,,,,,,,,,
COURSE TOTAL:,25,19,5,2,1,52,3.250,0,0,0,0,0,52,
"",48.08%,36.54%,9.62%,3.85%,1.92%,,,,,,,,,
SPMT-360-500,37,9,1,1,0,48,3.708,0,0,0,2,0,50,KIM M
"",77.08%,18.75%,2.08%,2.08%,0.00%,,,,,,,,,
SPMT-360-501,40,6,2,0,1,49,3.714,0,0,0,0,0,49,KIM M
"",81.63%,12.24%,4.08%,0.00%,2.04%,,,,,,,,,
COURSE TOTAL:,77,15,3,1,1,97,3.711,0,0,0,2,0,99,
"",79.38%,15.46%,3.09%,1.03%,1.03%,,,,,,,,,
SPMT-362-500,42,0,0,0,0,42,4.000,0,0,0,1,0,43,ELIOT J
"",100.00%,0.00%,0.00%,0.00%,0.00%,,,,,,,,,
COURSE TOTAL:,42,0,0,0,0,42,4.000,0,0,0,1,0,43,
"",100.00%,0.00%,0.00%,0.00%,0.00%,,,,,,,,,
SPMT-366-500,27,16,0,0,0,43,3.627,0,0,0,0,0,43,MCCULLOUGH B
"",62.79%,37.21%,0.00%,0.00%,0.00%,,,,,,,,,
SPMT-366-501,29,9,2,0,0,40,3.675,0,0,0,0,0,40,MURFREE J
"",72.50%,22.50%,5.00%,0.00%,0.00%,,,,,,,,,
COURSE TOTAL:,56,25,2,0,0,83,3.650,0,0,0,0,0,83,
"",67.47%,30.12%,2.41%,0.00%,0.00%,,,,,,,,,
SPMT-370-900,10,9,1,0,0,20,3.450,0,0,0,0,0,20,WALTEMYER D
"",50.00%,45.00%,5.00%,0.00%,0.00%,,,,,,,,,
SPMT-370-901,10,8,1,1,0,20,3.350,0,0,0,0,0,20,WALTEMYER D
"",50.00%,40.00%,5.00%,5.00%,0.00%,,,,,,,,,
SPMT-370-902,8,6,6,0,0,20,3.100,0,0,0,0,0,20,WALTEMYER D
"",40.00%,30.00%,30.00%,0.00%,0.00%,,,,,,,,,
SPMT-370-903,15,5,2,0,0,22,3.590,0,0,0,0,0,22,LASOTA M
"",68.18%,22.73%,9.09%,0.00%,0.00%,,,,,,,,,
SPMT-370-904,16,3,0,0,2,21,3.476,0,0,0,0,0,21,BALL J
"",76.19%,14.29%,0.00%,0.00%,9.52%,,,,,,,,,
COURSE TOTAL:,59,31,10,1,2,103,3.398,0,0,0,0,0,103,
"",57.28%,30.10%,9.71%,0.97%,1.94%,,,,,,,,,
SPMT-372-500,24,18,1,0,1,44,3.454,0,0,0,3,0,47,HUDSON S
"",54.55%,40.91%,2.27%,0.00%,2.27%,,,,,,,,,
SPMT-372-501,37,8,4,1,0,50,3.620,0,0,0,0,0,50,HUDSON S
"",74.00%,16.00%,8.00%,2.00%,0.00%,,,,,,,,,
COURSE TOTAL:,61,26,5,1,1,94,3.542,0,0,0,3,0,97,
"",64.89%,27.66%,5.32%,1.06%,1.06%,,,,,,,,,
SPMT-374-500,30,18,1,0,0,49,3.591,0,0,0,1,0,50,GUINN J
"",61.22%,36.73%,2.04%,0.00%,0.00%,,,,,,,,,
SPMT-374-501,35,14,0,0,0,49,3.714,0,0,0,1,0,50,GUINN J
"",71.43%,28.57%,0.00%,0.00%,0.00%,,,,,,,,,
COURSE TOTAL:,65,32,1,0,0,98,3.653,0,0,0,2,0,100,
"",66.33%,32.65%,1.02%,0.00%,0.00%,,,,,,,,,
SPMT-402-500,13,8,4,1,0,26,3.269,0,0,0,0,0,26,HUDSON S
"",50.00%,30.77%,15.38%,3.85%,0.00%,,,,,,,,,
COURSE TOTAL:,13,8,4,1,0,26,3.269,0,0,0,0,0,26,
"",50.00%,30.77%,15.38%,3.85%,0.00%,,,,,,,,,
SPMT-421-502,21,10,5,1,0,37,3.378,0,0,0,2,0,39,BATISTA P
"",56.76%,27.03%,13.51%,2.70%,0.00%,,,,,,,,,
COURSE TOTAL:,21,10,5,1,0,37,3.378,0,0,0,2,0,39,
"",56.76%,27.03%,13.51%,2.70%,0.00%,,,,,,,,,
SPMT-422-500,11,20,4,1,1,37,3.054,0,0,0,0,0,37,LEE H
"",29.73%,54.05%,10.81%,2.70%,2.70%,,,,,,,,,
SPMT-422-501,24,16,3,0,0,43,3.488,0,0,0,1,0,44,LASOTA M
"",55.81%,37.21%,6.98%,0.00%,0.00%,,,,,,,,,
SPMT-422-502,29,7,3,0,2,41,3.487,0,0,0,0,0,41,LASOTA M
"",70.73%,17.07%,7.32%,0.00%,4.88%,,,,,,,,,
COURSE TOTAL:,64,43,10,1,3,121,3.355,0,0,0,1,0,122,
"",52.89%,35.54%,8.26%,0.83%,2.48%,,,,,,,,,
SPMT-460-500,6,22,0,0,0,28,3.214,0,0,0,0,0,28,HARDIE A
"",21.43%,78.57%,0.00%,0.00%,0.00%,,,,,,,,,
COURSE TOTAL:,6,22,0,0,0,28,3.214,0,0,0,0,0,28,
"",21.43%,78.57%,0.00%,0.00%,0.00%,,,,,,,,,
SPMT-462-500,25,3,0,0,0,28,3.892,0,0,0,0,0,28,ELIOT J
"",89.29%,10.71%,0.00%,0.00%,0.00%,,,,,,,,,
COURSE TOTAL:,25,3,0,0,0,28,3.892,0,0,0,0,0,28,
"",89.29%,10.71%,0.00%,0.00%,0.00%,,,,,,,,,
SPMT-470-500,29,1,0,0,0,30,3.966,0,0,0,0,0,30,GUINN J
"",96.67%,3.33%,0.00%,0.00%,0.00%,,,,,,,,,
COURSE TOTAL:,29,1,0,0,0,30,3.966,0,0,0,0,0,30,
"",96.67%,3.33%,0.00%,0.00%,0.00%,,,,,,,,,
SPMT-472-500,17,11,0,0,0,28,3.607,0,0,0,2,0,30,LEE H
"",60.71%,39.29%,0.00%,0.00%,0.00%,,,,,,,,,
COURSE TOTAL:,17,11,0,0,0,28,3.607,0,0,0,2,0,30,
"",60.71%,39.29%,0.00%,0.00%,0.00%,,,,,,,,,
SPMT-481-500,23,1,0,0,0,24,3.958,0,0,0,0,0,24,KEIPER P
"",95.83%,4.17%,0.00%,0.00%,0.00%,,,,,,,,,
SPMT-481-501,12,1,0,0,0,13,3.923,0,0,0,0,0,13,ZIMMER W
"",92.31%,7.69%,0.00%,0.00%,0.00%,,,,,,,,,
SPMT-481-502,16,3,0,0,0,19,3.842,0,0,0,0,0,19,GUINN J
"",84.21%,15.79%,0.00%,0.00%,0.00%,,,,,,,,,
SPMT-481-595,16,3,2,0,0,21,3.666,0,0,0,0,0,21,FULK C
"",76.19%,14.29%,9.52%,0.00%,0.00%,,,,,,,,,
SPMT-481-597,12,2,1,0,1,16,3.500,0,0,0,2,0,18,DO C
"",75.00%,12.50%,6.25%,0.00%,6.25%,,,,,,,,,
SPMT-481-598,5,3,6,0,1,15,2.733,0,0,0,0,0,15,ALANIS M
"",33.33%,20.00%,40.00%,0.00%,6.67%,,,,,,,,,
COURSE TOTAL:,84,13,9,0,2,108,3.638,0,0,0,2,0,110,
"",77.78%,12.04%,8.33%,0.00%,1.85%,,,,,,,,,
SPMT-482-901,3,1,2,1,1,8,2.500,0,0,0,0,0,8,JONES K
"",37.50%,12.50%,25.00%,12.50%,12.50%,,,,,,,,,
SPMT-482-902,6,4,3,0,1,14,3.000,0,0,0,1,0,15,JONES K
"",42.86%,28.57%,21.43%,0.00%,7.14%,,,,,,,,,
COURSE TOTAL:,9,5,5,1,2,22,2.818,0,0,0,1,0,23,
"",40.91%,22.73%,22.73%,4.55%,9.09%,,,,,,,,,
SPMT-484-501,5,0,0,0,0,5,4.000,0,0,0,0,0,5,HUDSON S
"",100.00%,0.00%,0.00%,0.00%,0.00%,,,,,,,,,
COURSE TOTAL:,5,0,0,0,0,5,4.000,0,0,0,0,0,5,
"",100.00%,0.00%,0.00%,0.00%,0.00%,,,,,,,,,
SPMT-491-500,5,0,0,0,0,5,4.000,0,0,0,0,0,5,ZIMMER W
"",100.00%,0.00%,0.00%,0.00%,0.00%,,,,,,,,,
COURSE TOTAL:,5,0,0,0,0,5,4.000,0,0,0,0,0,5,
"",100.00%,0.00%,0.00%,0.00%,0.00%,,,,,,,,,
SPMT-601-600,15,4,0,0,0,19,3.789,0,0,0,0,0,19,KIM M
"",78.95%,21.05%,0.00%,0.00%,0.00%,,,,,,,,,
SPMT-601-700,10,7,1,1,2,21,3.047,0,0,0,2,0,23,KEIPER P
"",47.62%,33.33%,4.76%,4.76%,9.52%,,,,,,,,,
COURSE TOTAL:,25,11,1,1,2,40,3.400,0,0,0,2,0,42,
"",62.50%,27.50%,2.50%,2.50%,5.00%,,,,,,,,,
SPMT-610-600,14,0,0,0,0,14,4.000,0,0,0,0,0,14,MCCULLOUGH B
"",100.00%,0.00%,0.00%,0.00%,0.00%,,,,,,,,,
SPMT-610-700,26,2,0,0,1,29,3.793,0,0,0,1,0,30,GUINN J
"",89.66%,6.90%,0.00%,0.00%,3.45%,,,,,,,,,
COURSE TOTAL:,40,2,0,0,1,43,3.860,0,0,0,1,0,44,
"",93.02%,4.65%,0.00%,0.00%,2.33%,,,,,,,,,
SPMT-611-600,19,2,0,0,0,21,3.904,0,0,0,0,0,21,ELIOT J
"",90.48%,9.52%,0.00%,0.00%,0.00%,,,,,,,,,
COURSE TOTAL:,19,2,0,0,0,21,3.904,0,0,0,0,0,21,
"",90.48%,9.52%,0.00%,0.00%,0.00%,,,,,,,,,
SPMT-613-700,13,9,1,0,0,23,3.521,0,0,0,0,0,23,WALTEMYER D
"",56.52%,39.13%,4.35%,0.00%,0.00%,,,,,,,,,
COURSE TOTAL:,13,9,1,0,0,23,3.521,0,0,0,0,0,23,
"",56.52%,39.13%,4.35%,0.00%,0.00%,,,,,,,,,
SPMT-615-600,12,7,0,0,0,19,3.631,0,0,0,0,0,19,BENNETT G
"",63.16%,36.84%,0.00%,0.00%,0.00%,,,,,,,,,
SPMT-615-700,19,2,0,0,1,22,3.727,0,0,0,0,0,22,BALLOULI K
"",86.36%,9.09%,0.00%,0.00%,4.55%,,,,,,,,,
COURSE TOTAL:,31,9,0,0,1,41,3.682,0,0,0,0,0,41,
"",75.61%,21.95%,0.00%,0.00%,2.44%,,,,,,,,,
SPMT-616-600,14,0,0,0,0,14,4.000,0,0,0,0,0,14,BRISON N
"",100.00%,0.00%,0.00%,0.00%,0.00%,,,,,,,,,
SPMT-616-700,19,2,2,0,0,23,3.739,0,0,0,0,0,23,BRISON N
"",82.61%,8.70%,8.70%,0.00%,0.00%,,,,,,,,,
COURSE TOTAL:,33,2,2,0,0,37,3.837,0,0,0,0,0,37,
"",89.19%,5.41%,5.41%,0.00%,0.00%,,,,,,,,,
SPMT-617-600,13,0,0,0,0,13,4.000,0,0,0,0,0,13,BENNETT G
"",100.00%,0.00%,0.00%,0.00%,0.00%,,,,,,,,,
SPMT-617-700,28,1,0,0,1,30,3.833,0,0,0,0,0,30,BALLOULI K
"",93.33%,3.33%,0.00%,0.00%,3.33%,,,,,,,,,
COURSE TOTAL:,41,1,0,0,1,43,3.883,0,0,0,0,0,43,
"",95.35%,2.33%,0.00%,0.00%,2.33%,,,,,,,,,
SPMT-630-700,5,4,1,0,0,10,3.400,0,0,0,1,0,11,SALAGA S
"",50.00%,40.00%,10.00%,0.00%,0.00%,,,,,,,,,
COURSE TOTAL:,5,4,1,0,0,10,3.400,0,0,0,1,0,11,
"",50.00%,40.00%,10.00%,0.00%,0.00%,,,,,,,,,
SPMT-640-699,1,2,1,1,0,5,2.600,0,0,0,0,0,5,ELIOT J
"",20.00%,40.00%,20.00%,20.00%,0.00%,,,,,,,,,
SPMT-640-700,6,4,1,2,3,16,2.500,0,0,0,1,0,17,ELIOT J
"",37.50%,25.00%,6.25%,12.50%,18.75%,,,,,,,,,
COURSE TOTAL:,7,6,2,3,3,21,2.523,0,0,0,1,0,22,
"",33.33%,28.57%,9.52%,14.29%,14.29%,,,,,,,,,
SPMT-660-700,7,4,0,0,0,11,3.636,0,0,0,2,0,13,HUDSON S
"",63.64%,36.36%,0.00%,0.00%,0.00%,,,,,,,,,
COURSE TOTAL:,7,4,0,0,0,11,3.636,0,0,0,2,0,13,
"",63.64%,36.36%,0.00%,0.00%,0.00%,,,,,,,,,
SPMT-682-600,8,5,1,0,0,14,3.500,0,0,0,0,0,14,NITE K
"",57.14%,35.71%,7.14%,0.00%,0.00%,,,,,,,,,
SPMT-682-601,8,5,1,0,0,14,3.500,0,0,0,0,0,14,NITE K
"",57.14%,35.71%,7.14%,0.00%,0.00%,,,,,,,,,
COURSE TOTAL:,16,10,2,0,0,28,3.500,0,0,0,0,0,28,
"",57.14%,35.71%,7.14%,0.00%,0.00%,,,,,,,,,
SPMT-685-604,5,0,0,0,0,5,4.000,0,0,0,0,0,5,BRISON N
"",100.00%,0.00%,0.00%,0.00%,0.00%,,,,,,,,,
COURSE TOTAL:,5,0,0,0,0,5,4.000,0,0,0,0,0,5,
"",100.00%,0.00%,0.00%,0.00%,0.00%,,,,,,,,,
DEPARTMENT TOTAL:,6670,1995,668,113,105,9551,3.520,15  1645,54,298,4,11567
"",69.84%,20.89%,6.99%,1.18%,1.10%,,,,,,,
CEHD-603-600,7,0,0,0,0,7,4.000,0,0,0,0,0,7,ZIMMER W
"",100.00%,0.00%,0.00%,0.00%,0.00%,,,,,,,,,
COURSE TOTAL:,7,0,0,0,0,7,4.000,0,0,0,0,0,7,
"",100.00%,0.00%,0.00%,0.00%,0.00%,,,,,,,,,
DEPARTMENT TOTAL:,7,0,0,0,0,7,4.000,0,0,0,0,0,7,
"",100.00%,0.00%,0.00%,0.00%,0.00%,,,,,,,,,
EDCI-353-500,29,9,0,0,0,38,3.763,0,0,0,1,0,39,VIRURU R
"",76.32%,23.68%,0.00%,0.00%,0.00%,,,,,,,,,
EDCI-353-501,23,3,2,0,0,28,3.750,0,0,0,1,0,29,THOMAS R
"",82.14%,10.71%,7.14%,0.00%,0.00%,,,,,,,,,
EDCI-353-502,23,6,1,0,0,30,3.733,0,0,0,0,0,30,THOMAS R
"",76.67%,20.00%,3.33%,0.00%,0.00%,,,,,,,,,
EDCI-353-504,16,7,2,0,2,27,3.296,0,0,0,1,0,28,VIRURU R
"",59.26%,25.93%,7.41%,0.00%,7.41%,,,,,,,,,
EDCI-353-505,22,7,1,0,0,30,3.700,0,0,0,0,0,30,GOODRICH J
"",73.33%,23.33%,3.33%,0.00%,0.00%,,,,,,,,,
COURSE TOTAL:,113,32,6,0,2,153,3.660,0,0,0,3,0,156,
"",73.86%,20.92%,3.92%,0.00%,1.31%,,,,,,,,,
EDCI-354-501,21,2,0,0,0,23,3.913,0,0,0,1,0,24,JOLLY A
"",91.30%,8.70%,0.00%,0.00%,0.00%,,,,,,,,,
EDCI-354-502,25,3,0,0,0,28,3.892,0,0,0,0,0,28,JOLLY A
"",89.29%,10.71%,0.00%,0.00%,0.00%,,,,,,,,,
EDCI-354-503,19,8,0,0,1,28,3.571,0,0,0,0,0,28,THOMAS R
"",67.86%,28.57%,0.00%,0.00%,3.57%,,,,,,,,,
EDCI-354-506,15,3,1,0,0,19,3.736,0,0,0,0,0,19,THOMAS R
"",78.95%,15.79%,5.26%,0.00%,0.00%,,,,,,,,,
COURSE TOTAL:,80,16,1,0,1,98,3.775,0,0,0,1,0,99,
"",81.63%,16.33%,1.02%,0.00%,1.02%,,,,,,,,,
EDCI-365-501,37,2,0,0,0,39,3.948,0,0,0,0,0,39,JOLLY A
"",94.87%,5.13%,0.00%,0.00%,0.00%,,,,,,,,,
EDCI-365-502,22,11,5,1,0,39,3.384,0,0,0,1,0,40,HAWK N
"",56.41%,28.21%,12.82%,2.56%,0.00%,,,,,,,,,
EDCI-365-503,37,0,0,0,0,37,4.000,0,0,0,0,0,37,JOLLY A
"",100.00%,0.00%,0.00%,0.00%,0.00%,,,,,,,,,
EDCI-365-504,29,4,2,0,1,36,3.666,0,0,0,0,0,36,RIFE K
"",80.56%,11.11%,5.56%,0.00%,2.78%,,,,,,,,,
EDCI-365-505,27,10,1,0,0,38,3.684,0,0,0,0,0,38,HAWK N
"",71.05%,26.32%,2.63%,0.00%,0.00%,,,,,,,,,
EDCI-365-506,17,8,4,5,0,34,3.088,0,0,0,1,0,35,HAWK N
"",50.00%,23.53%,11.76%,14.71%,0.00%,,,,,,,,,
COURSE TOTAL:,169,35,12,6,1,223,3.636,0,0,0,2,0,225,
"",75.78%,15.70%,5.38%,2.69%,0.45%,,,,,,,,,
EDCI-601-600,16,1,0,0,0,17,3.941,0,0,0,0,0,17,WAXMAN H
"",94.12%,5.88%,0.00%,0.00%,0.00%,,,,,,,,,
COURSE TOTAL:,16,1,0,0,0,17,3.941,0,0,0,0,0,17,
"",94.12%,5.88%,0.00%,0.00%,0.00%,,,,,,,,,
EDCI-602-700,22,4,0,0,0,26,3.846,0,0,0,2,0,28,WILLIAMS K
"",84.62%,15.38%,0.00%,0.00%,0.00%,,,,,,,,,
EDCI-602-701,13,1,0,0,0,14,3.928,0,0,0,0,0,14,WILLIAMS K
"",92.86%,7.14%,0.00%,0.00%,0.00%,,,,,,,,,
COURSE TOTAL:,35,5,0,0,0,40,3.875,0,0,0,2,0,42,
"",87.50%,12.50%,0.00%,0.00%,0.00%,,,,,,,,,
EDCI-603-701,14,1,0,0,0,15,3.933,0,0,0,0,0,15,DAVIS T
"",93.33%,6.67%,0.00%,0.00%,0.00%,,,,,,,,,
COURSE TOTAL:,14,1,0,0,0,15,3.933,0,0,0,0,0,15,
"",93.33%,6.67%,0.00%,0.00%,0.00%,,,,,,,,,
EDCI-604-700,9,0,0,0,0,9,4.000,0,0,0,0,0,9,KWOK A
"",100.00%,0.00%,0.00%,0.00%,0.00%,,,,,,,,,
COURSE TOTAL:,9,0,0,0,0,9,4.000,0,0,0,0,0,9,
"",100.00%,0.00%,0.00%,0.00%,0.00%,,,,,,,,,
EDCI-605-600,13,0,0,0,0,13,4.000,0,0,0,0,0,13,YALVAC B
"",100.00%,0.00%,0.00%,0.00%,0.00%,,,,,,,,,
COURSE TOTAL:,13,0,0,0,0,13,4.000,0,0,0,0,0,13,
"",100.00%,0.00%,0.00%,0.00%,0.00%,,,,,,,,,
EDCI-627-600,6,0,0,0,0,6,4.000,0,0,0,0,0,6,YOUNG J
"",100.00%,0.00%,0.00%,0.00%,0.00%,,,,,,,,,
COURSE TOTAL:,6,0,0,0,0,6,4.000,0,0,0,0,0,6,
"",100.00%,0.00%,0.00%,0.00%,0.00%,,,,,,,,,
EDCI-630-700,9,0,0,0,0,9,4.000,0,0,0,0,0,9,WILLIAMS J
"",100.00%,0.00%,0.00%,0.00%,0.00%,,,,,,,,,
COURSE TOTAL:,9,0,0,0,0,9,4.000,0,0,0,0,0,9,
"",100.00%,0.00%,0.00%,0.00%,0.00%,,,,,,,,,
EDCI-631-700,14,1,1,1,0,17,3.647,0,0,0,1,0,18,RACKLEY R
"",82.35%,5.88%,5.88%,5.88%,0.00%,,,,,,,,,
EDCI-631-701,18,2,1,0,0,21,3.809,0,0,0,0,0,21,RACKLEY R
"",85.71%,9.52%,4.76%,0.00%,0.00%,,,,,,,,,
COURSE TOTAL:,32,3,2,1,0,38,3.736,0,0,0,1,0,39,
"",84.21%,7.89%,5.26%,2.63%,0.00%,,,,,,,,,
EDCI-634-700,27,5,0,0,0,32,3.843,0,0,0,1,0,33,SLATTERY G
"",84.38%,15.63%,0.00%,0.00%,0.00%,,,,,,,,,
COURSE TOTAL:,27,5,0,0,0,32,3.843,0,0,0,1,0,33,
"",84.38%,15.63%,0.00%,0.00%,0.00%,,,,,,,,,
EDCI-636-700,16,2,0,0,0,18,3.888,1,0,0,0,0,19,HUTCHINS S
"",88.89%,11.11%,0.00%,0.00%,0.00%,,,,,,,,,
EDCI-636-701,24,0,0,0,0,24,4.000,0,0,0,0,0,24,CRAIG C
"",100.00%,0.00%,0.00%,0.00%,0.00%,,,,,,,,,
EDCI-636-702,20,0,1,0,0,21,3.904,0,0,0,0,0,21,HUTCHINS S
"",95.24%,0.00%,4.76%,0.00%,0.00%,,,,,,,,,
COURSE TOTAL:,60,2,1,0,0,63,3.936,1,0,0,0,0,64,
"",95.24%,3.17%,1.59%,0.00%,0.00%,,,,,,,,,
EDCI-638-701,11,0,1,0,0,12,3.833,0,0,0,0,0,12,KIPP A
"",91.67%,0.00%,8.33%,0.00%,0.00%,,,,,,,,,
COURSE TOTAL:,11,0,1,0,0,12,3.833,0,0,0,0,0,12,
"",91.67%,0.00%,8.33%,0.00%,0.00%,,,,,,,,,
EDCI-642-600,12,0,0,0,0,12,4.000,0,0,0,0,0,12,OGLETREE Q
"",100.00%,0.00%,0.00%,0.00%,0.00%,,,,,,,,,
COURSE TOTAL:,12,0,0,0,0,12,4.000,0,0,0,0,0,12,
"",100.00%,0.00%,0.00%,0.00%,0.00%,,,,,,,,,
EDCI-644-700,25,3,0,0,0,28,3.892,0,0,0,0,0,28,JAMES-GALLAWAY A
"",89.29%,10.71%,0.00%,0.00%,0.00%,,,,,,,,,
EDCI-644-701,21,0,0,0,0,21,4.000,0,0,0,0,0,21,ETCHELLS M
"",100.00%,0.00%,0.00%,0.00%,0.00%,,,,,,,,,
EDCI-644-702,21,0,0,0,0,21,4.000,0,0,0,0,0,21,ETCHELLS M
"",100.00%,0.00%,0.00%,0.00%,0.00%,,,,,,,,,
EDCI-644-703,9,2,0,0,0,11,3.818,0,0,0,0,0,11,CHALKLEN W
"",81.82%,18.18%,0.00%,0.00%,0.00%,,,,,,,,,
COURSE TOTAL:,76,5,0,0,0,81,3.938,0,0,0,0,0,81,
"",93.83%,6.17%,0.00%,0.00%,0.00%,,,,,,,,,
EDCI-645-700,10,2,0,0,0,12,3.833,0,0,0,0,0,12,VIRURU R
"",83.33%,16.67%,0.00%,0.00%,0.00%,,,,,,,,,
COURSE TOTAL:,10,2,0,0,0,12,3.833,0,0,0,0,0,12,
"",83.33%,16.67%,0.00%,0.00%,0.00%,,,,,,,,,
EDCI-646-600,7,0,0,0,0,7,4.000,0,0,0,0,0,7,OLSON J
"",100.00%,0.00%,0.00%,0.00%,0.00%,,,,,,,,,
COURSE TOTAL:,7,0,0,0,0,7,4.000,0,0,0,0,0,7,
"",100.00%,0.00%,0.00%,0.00%,0.00%,,,,,,,,,
EDCI-648-700,6,1,0,0,0,7,3.857,0,0,0,1,0,8,WILLIAMS J
"",85.71%,14.29%,0.00%,0.00%,0.00%,,,,,,,,,
COURSE TOTAL:,6,1,0,0,0,7,3.857,0,0,0,1,0,8,
"",85.71%,14.29%,0.00%,0.00%,0.00%,,,,,,,,,
EDCI-650-600,12,1,0,0,0,13,3.923,0,0,0,1,0,14,NESHYBA M
"",92.31%,7.69%,0.00%,0.00%,0.00%,,,,,,,,,
COURSE TOTAL:,12,1,0,0,0,13,3.923,0,0,0,1,0,14,
"",92.31%,7.69%,0.00%,0.00%,0.00%,,,,,,,,,
EDCI-656-700,23,2,0,0,0,25,3.920,0,0,0,0,0,25,KWOK M
"",92.00%,8.00%,0.00%,0.00%,0.00%,,,,,,,,,
EDCI-656-701,21,0,1,0,0,22,3.909,0,0,0,0,0,22,KWOK M
"",95.45%,0.00%,4.55%,0.00%,0.00%,,,,,,,,,
COURSE TOTAL:,44,2,1,0,0,47,3.914,0,0,0,0,0,47,
"",93.62%,4.26%,2.13%,0.00%,0.00%,,,,,,,,,
EDCI-661-700,14,2,0,0,0,16,3.875,0,0,0,0,0,16,HUTCHINS S
"",87.50%,12.50%,0.00%,0.00%,0.00%,,,,,,,,,
COURSE TOTAL:,14,2,0,0,0,16,3.875,0,0,0,0,0,16,
"",87.50%,12.50%,0.00%,0.00%,0.00%,,,,,,,,,
EDCI-662-600,6,0,0,0,0,6,4.000,0,0,0,0,0,6,SLATTERY G
"",100.00%,0.00%,0.00%,0.00%,0.00%,,,,,,,,,
COURSE TOTAL:,6,0,0,0,0,6,4.000,0,0,0,0,0,6,
"",100.00%,0.00%,0.00%,0.00%,0.00%,,,,,,,,,
EDCI-667-600,5,0,0,0,0,5,4.000,1,0,0,0,0,6,CLOUGH M
"",100.00%,0.00%,0.00%,0.00%,0.00%,,,,,,,,,
COURSE TOTAL:,5,0,0,0,0,5,4.000,1,0,0,0,0,6,
"",100.00%,0.00%,0.00%,0.00%,0.00%,,,,,,,,,
EDCI-671-600,5,0,0,0,0,5,4.000,0,0,0,0,0,5,OLSON J
"",100.00%,0.00%,0.00%,0.00%,0.00%,,,,,,,,,
COURSE TOTAL:,5,0,0,0,0,5,4.000,0,0,0,0,0,5,
"",100.00%,0.00%,0.00%,0.00%,0.00%,,,,,,,,,
EDCI-673-700,25,1,1,0,0,27,3.888,0,0,0,0,0,27,ASHLEY C
"",92.59%,3.70%,3.70%,0.00%,0.00%,,,,,,,,,
EDCI-673-701,27,2,0,0,0,29,3.931,0,0,0,0,0,29,PARKER D
"",93.10%,6.90%,0.00%,0.00%,0.00%,,,,,,,,,
COURSE TOTAL:,52,3,1,0,0,56,3.910,0,0,0,0,0,56,
"",92.86%,5.36%,1.79%,0.00%,0.00%,,,,,,,,,
EDCI-676-700,7,2,0,0,0,9,3.777,0,0,0,0,0,9,DAVIS T
"",77.78%,22.22%,0.00%,0.00%,0.00%,,,,,,,,,
COURSE TOTAL:,7,2,0,0,0,9,3.777,0,0,0,0,0,9,
"",77.78%,22.22%,0.00%,0.00%,0.00%,,,,,,,,,
EDCI-677-700,25,3,0,0,0,28,3.892,0,0,0,0,0,28,SINGER S
"",89.29%,10.71%,0.00%,0.00%,0.00%,,,,,,,,,
COURSE TOTAL:,25,3,0,0,0,28,3.892,0,0,0,0,0,28,
"",89.29%,10.71%,0.00%,0.00%,0.00%,,,,,,,,,
EDCI-686-600,7,1,0,1,0,9,3.555,0,0,0,0,0,9,RAMBO K
"",77.78%,11.11%,0.00%,11.11%,0.00%,,,,,,,,,
COURSE TOTAL:,7,1,0,1,0,9,3.555,0,0,0,0,0,9,
"",77.78%,11.11%,0.00%,11.11%,0.00%,,,,,,,,,
EDCI-688-600,4,1,0,0,0,5,3.800,0,0,0,0,0,5,HERNANDEZ P
"",80.00%,20.00%,0.00%,0.00%,0.00%,,,,,,,,,
COURSE TOTAL:,4,1,0,0,0,5,3.800,0,0,0,0,0,5,
"",80.00%,20.00%,0.00%,0.00%,0.00%,,,,,,,,,
EDCI-689-600,5,1,0,0,0,6,3.833,0,0,0,0,0,6,WILLIAMS J
"",83.33%,16.67%,0.00%,0.00%,0.00%,,,,,,,,,
COURSE TOTAL:,5,1,0,0,0,6,3.833,0,0,0,0,0,6,
"",83.33%,16.67%,0.00%,0.00%,0.00%,,,,,,,,,
EDCI-690-700,14,0,0,0,0,14,4.000,2,0,0,0,0,16,VIRURU R
"",100.00%,0.00%,0.00%,0.00%,0.00%,,,,,,,,,
COURSE TOTAL:,14,0,0,0,0,14,4.000,2,0,0,0,0,16,
"",100.00%,0.00%,0.00%,0.00%,0.00%,,,,,,,,,
EDCI-706-600,6,0,0,0,0,6,4.000,0,0,0,0,0,6,CRAIG C
"",100.00%,0.00%,0.00%,0.00%,0.00%,,,,,,,,,
COURSE TOTAL:,6,0,0,0,0,6,4.000,0,0,0,0,0,6,
"",100.00%,0.00%,0.00%,0.00%,0.00%,,,,,,,,,
EDCI-711-500,22,0,0,0,0,22,4.000,0,0,0,0,0,22,RACKLEY R
"",100.00%,0.00%,0.00%,0.00%,0.00%,,,,,,,,,
EDCI-711-600,25,0,0,0,0,25,4.000,0,0,0,0,0,25,ASHLEY C
"",100.00%,0.00%,0.00%,0.00%,0.00%,,,,,,,,,
COURSE TOTAL:,47,0,0,0,0,47,4.000,0,0,0,0,0,47,
"",100.00%,0.00%,0.00%,0.00%,0.00%,,,,,,,,,
EDCI-720-700,6,1,0,0,0,7,3.857,0,0,0,0,0,7,ERDOGAN N
"",85.71%,14.29%,0.00%,0.00%,0.00%,,,,,,,,,
COURSE TOTAL:,6,1,0,0,0,7,3.857,0,0,0,0,0,7,
"",85.71%,14.29%,0.00%,0.00%,0.00%,,,,,,,,,
EDCI-721-700,7,0,0,0,0,7,4.000,0,0,0,0,0,7,YALVAC B
"",100.00%,0.00%,0.00%,0.00%,0.00%,,,,,,,,,
COURSE TOTAL:,7,0,0,0,0,7,4.000,0,0,0,0,0,7,
"",100.00%,0.00%,0.00%,0.00%,0.00%,,,,,,,,,
EDCI-752-700,12,0,0,0,0,12,4.000,0,0,0,0,0,12,KWOK A
"",100.00%,0.00%,0.00%,0.00%,0.00%,,,,,,,,,
COURSE TOTAL:,12,0,0,0,0,12,4.000,0,0,0,0,0,12,
"",100.00%,0.00%,0.00%,0.00%,0.00%,,,,,,,,,
EDCI-754-700,15,0,0,0,0,15,4.000,0,0,0,0,0,15,HUTCHINS S
"",100.00%,0.00%,0.00%,0.00%,0.00%,,,,,,,,,
COURSE TOTAL:,15,0,0,0,0,15,4.000,0,0,0,0,0,15,
"",100.00%,0.00%,0.00%,0.00%,0.00%,,,,,,,,,
INST-222-500,27,2,0,1,0,30,3.833,0,0,0,0,0,30,JIMENEZ L
"",90.00%,6.67%,0.00%,3.33%,0.00%,,,,,,,,,
INST-222-501,32,2,0,0,1,35,3.828,0,0,0,0,0,35,SINGER S
"",91.43%,5.71%,0.00%,0.00%,2.86%,,,,,,,,,
INST-222-502,20,7,1,1,1,30,3.466,0,0,0,0,0,30,WORLEY C
"",66.67%,23.33%,3.33%,3.33%,3.33%,,,,,,,,,
INST-222-503,38,1,0,0,0,39,3.974,1,0,0,0,0,40,OGLETREE Q
"",97.44%,2.56%,0.00%,0.00%,0.00%,,,,,,,,,
INST-222-504,28,11,0,0,0,39,3.717,0,0,0,0,0,39,WORLEY C
"",71.79%,28.21%,0.00%,0.00%,0.00%,,,,,,,,,
INST-222-505,25,4,1,0,0,30,3.800,0,0,0,0,0,30,JIMENEZ L
"",83.33%,13.33%,3.33%,0.00%,0.00%,,,,,,,,,
INST-222-506,29,2,0,0,0,31,3.935,0,0,0,0,0,31,SARPY-SIMPSON C
"",93.55%,6.45%,0.00%,0.00%,0.00%,,,,,,,,,
COURSE TOTAL:,199,29,2,2,2,234,3.799,1,0,0,0,0,235,
"",85.04%,12.39%,0.85%,0.85%,0.85%,,,,,,,,,
MASC-320-501,19,3,0,0,1,23,3.695,0,0,0,0,0,23,PEDERSEN R
"",82.61%,13.04%,0.00%,0.00%,4.35%,,,,,,,,,
MASC-320-502,36,2,0,0,2,40,3.750,0,0,0,0,0,40,SINGLETON J
"",90.00%,5.00%,0.00%,0.00%,5.00%,,,,,,,,,
MASC-320-503,35,0,0,0,0,35,4.000,0,0,0,1,0,36,AMIN S
"",100.00%,0.00%,0.00%,0.00%,0.00%,,,,,,,,,
MASC-320-504,26,10,2,1,0,39,3.564,0,0,0,1,0,40,POOR S
"",66.67%,25.64%,5.13%,2.56%,0.00%,,,,,,,,,
COURSE TOTAL:,116,15,2,1,3,137,3.751,0,0,0,2,0,139,
"",84.67%,10.95%,1.46%,0.73%,2.19%,,,,,,,,,
MASC-351-501,28,1,0,0,0,29,3.965,0,0,0,0,0,29,FLEMING K
"",96.55%,3.45%,0.00%,0.00%,0.00%,,,,,,,,,
MASC-351-502,36,5,3,0,0,44,3.750,0,0,0,0,0,44,SANDERS M
"",81.82%,11.36%,6.82%,0.00%,0.00%,,,,,,,,,
MASC-351-503,38,0,0,0,1,39,3.897,0,0,0,0,0,39,PARKER D
"",97.44%,0.00%,0.00%,0.00%,2.56%,,,,,,,,,
MASC-351-504,31,0,0,0,0,31,4.000,0,0,0,0,0,31,PARKER D
"",100.00%,0.00%,0.00%,0.00%,0.00%,,,,,,,,,
COURSE TOTAL:,133,6,3,0,1,143,3.888,0,0,0,0,0,143,
"",93.01%,4.20%,2.10%,0.00%,0.70%,,,,,,,,,
MASC-420-501,26,1,0,0,0,27,3.962,0,0,0,0,0,27,SINGLETON J
"",96.30%,3.70%,0.00%,0.00%,0.00%,,,,,,,,,
MASC-420-502,27,3,0,0,0,30,3.900,0,0,0,0,0,30,SINGLETON J
"",90.00%,10.00%,0.00%,0.00%,0.00%,,,,,,,,,
MASC-420-503,18,16,6,0,0,40,3.300,0,0,0,1,0,41,DE JESUS D
"",45.00%,40.00%,15.00%,0.00%,0.00%,,,,,,,,,
MASC-420-504,18,2,1,0,0,21,3.809,0,0,0,0,0,21,SU-KEENE E
"",85.71%,9.52%,4.76%,0.00%,0.00%,,,,,,,,,
COURSE TOTAL:,89,22,7,0,0,118,3.694,0,0,0,1,0,119,
"",75.42%,18.64%,5.93%,0.00%,0.00%,,,,,,,,,
MASC-450-501,19,0,0,0,0,19,4.000,0,0,0,0,0,19,FLEMING K
"",100.00%,0.00%,0.00%,0.00%,0.00%,,,,,,,,,
COURSE TOTAL:,19,0,0,0,0,19,4.000,0,0,0,0,0,19,
"",100.00%,0.00%,0.00%,0.00%,0.00%,,,,,,,,,
MEFB-450-502,16,1,0,0,0,17,3.941,0,0,0,0,0,17,SINGER E
"",94.12%,5.88%,0.00%,0.00%,0.00%,,,,,,,,,
COURSE TOTAL:,16,1,0,0,0,17,3.941,0,0,0,0,0,17,
"",94.12%,5.88%,0.00%,0.00%,0.00%,,,,,,,,,
MEFB-452-501,26,0,0,0,1,27,3.851,0,0,0,0,0,27,ASHLEY C
"",96.30%,0.00%,0.00%,0.00%,3.70%,,,,,,,,,
MEFB-452-502,16,1,0,0,0,17,3.941,0,0,0,0,0,17,ASHLEY C
"",94.12%,5.88%,0.00%,0.00%,0.00%,,,,,,,,,
COURSE TOTAL:,42,1,0,0,1,44,3.886,0,0,0,0,0,44,
"",95.45%,2.27%,0.00%,0.00%,2.27%,,,,,,,,,
MEFB-460-501,25,1,0,0,1,27,3.814,0,0,0,0,0,27,PARKER D
"",92.59%,3.70%,0.00%,0.00%,3.70%,,,,,,,,,
COURSE TOTAL:,25,1,0,0,1,27,3.814,0,0,0,0,0,27,
"",92.59%,3.70%,0.00%,0.00%,3.70%,,,,,,,,,
MEFB-470-501,23,3,0,0,1,27,3.740,0,0,0,0,0,27,SOBOTKA A
"",85.19%,11.11%,0.00%,0.00%,3.70%,,,,,,,,,
COURSE TOTAL:,23,3,0,0,1,27,3.740,0,0,0,0,0,27,
"",85.19%,11.11%,0.00%,0.00%,3.70%,,,,,,,,,
RDNG-351-500,36,4,1,0,0,41,3.853,0,0,0,0,0,41,KUO L
"",87.80%,9.76%,2.44%,0.00%,0.00%,,,,,,,,,
RDNG-351-504,34,1,0,0,0,35,3.971,0,0,0,0,0,35,HUDSON A
"",97.14%,2.86%,0.00%,0.00%,0.00%,,,,,,,,,
RDNG-351-598,27,5,0,0,0,32,3.843,0,0,0,0,0,32,RUPLEY W
"",84.38%,15.63%,0.00%,0.00%,0.00%,,,,,,,,,
RDNG-351-599,25,7,0,0,0,32,3.781,0,0,0,0,0,32,RUPLEY W
"",78.13%,21.88%,0.00%,0.00%,0.00%,,,,,,,,,
COURSE TOTAL:,122,17,1,0,0,140,3.864,0,0,0,0,0,140,
"",87.14%,12.14%,0.71%,0.00%,0.00%,,,,,,,,,
RDNG-371-901,15,0,0,0,0,15,4.000,0,0,0,2,0,17,FIELDS S
"",100.00%,0.00%,0.00%,0.00%,0.00%,,,,,,,,,
COURSE TOTAL:,15,0,0,0,0,15,4.000,0,0,0,2,0,17,
"",100.00%,0.00%,0.00%,0.00%,0.00%,,,,,,,,,
RDNG-372-901,15,1,1,0,0,17,3.823,0,0,0,0,0,17,MCMAHAN H
"",88.24%,5.88%,5.88%,0.00%,0.00%,,,,,,,,,
RDNG-372-902,26,2,0,0,2,30,3.666,0,0,0,0,0,30,MCMAHAN H
"",86.67%,6.67%,0.00%,0.00%,6.67%,,,,,,,,,
COURSE TOTAL:,41,3,1,0,2,47,3.723,0,0,0,0,0,47,
"",87.23%,6.38%,2.13%,0.00%,4.26%,,,,,,,,,
RDNG-373-901,30,0,0,0,0,30,4.000,0,0,0,0,0,30,CANTRELL E
"",100.00%,0.00%,0.00%,0.00%,0.00%,,,,,,,,,
RDNG-373-903,18,8,3,0,0,29,3.517,0,0,0,1,0,30,WILKINS G
"",62.07%,27.59%,10.34%,0.00%,0.00%,,,,,,,,,
RDNG-373-904,15,10,2,0,0,27,3.481,0,0,0,3,0,30,WILKINS G
"",55.56%,37.04%,7.41%,0.00%,0.00%,,,,,,,,,
RDNG-373-906,8,11,6,0,0,25,3.080,0,0,0,1,0,26,WILKINS G
"",32.00%,44.00%,24.00%,0.00%,0.00%,,,,,,,,,
RDNG-373-907,26,3,1,0,0,30,3.833,0,0,0,0,0,30,MATTHEWS S
"",86.67%,10.00%,3.33%,0.00%,0.00%,,,,,,,,,
COURSE TOTAL:,97,32,12,0,0,141,3.602,0,0,0,5,0,146,
"",68.79%,22.70%,8.51%,0.00%,0.00%,,,,,,,,,
RDNG-465-501,17,0,0,0,0,17,4.000,0,0,0,0,0,17,FIELDS S
"",100.00%,0.00%,0.00%,0.00%,0.00%,,,,,,,,,
COURSE TOTAL:,17,0,0,0,0,17,4.000,0,0,0,0,0,17,
"",100.00%,0.00%,0.00%,0.00%,0.00%,,,,,,,,,
RDNG-467-500,30,2,0,0,0,32,3.937,0,0,0,0,0,32,STILES M
"",93.75%,6.25%,0.00%,0.00%,0.00%,,,,,,,,,
RDNG-467-501,35,1,2,0,0,38,3.868,0,0,0,0,0,38,STILES M
"",92.11%,2.63%,5.26%,0.00%,0.00%,,,,,,,,,
RDNG-467-502,26,1,2,0,0,29,3.827,0,0,0,0,0,29,STILES M
"",89.66%,3.45%,6.90%,0.00%,0.00%,,,,,,,,,
RDNG-467-503,21,2,0,0,0,23,3.913,0,0,0,0,0,23,HUDSON A
"",91.30%,8.70%,0.00%,0.00%,0.00%,,,,,,,,,
RDNG-467-504,18,4,1,0,0,23,3.739,0,0,0,0,0,23,STILES M
"",78.26%,17.39%,4.35%,0.00%,0.00%,,,,,,,,,
COURSE TOTAL:,130,10,5,0,0,145,3.862,0,0,0,0,0,145,
"",89.66%,6.90%,3.45%,0.00%,0.00%,,,,,,,,,
RDNG-468-501,19,6,1,0,0,26,3.692,0,0,0,1,0,27,QUINONEZ BELTRAN J
"",73.08%,23.08%,3.85%,0.00%,0.00%,,,,,,,,,
RDNG-468-502,15,7,0,0,0,22,3.681,0,0,0,0,0,22,LAI J
"",68.18%,31.82%,0.00%,0.00%,0.00%,,,,,,,,,
RDNG-468-505,29,6,0,0,0,35,3.828,0,0,0,0,0,35,CANTRELL E
"",82.86%,17.14%,0.00%,0.00%,0.00%,,,,,,,,,
RDNG-468-506,18,6,0,0,1,25,3.600,0,0,0,1,0,26,CANTRELL E
"",72.00%,24.00%,0.00%,0.00%,4.00%,,,,,,,,,
COURSE TOTAL:,81,25,1,0,1,108,3.712,0,0,0,2,0,110,
"",75.00%,23.15%,0.93%,0.00%,0.93%,,,,,,,,,
RDNG-470-502,18,1,0,0,0,19,3.947,0,0,0,0,0,19,MATTHEWS S
"",94.74%,5.26%,0.00%,0.00%,0.00%,,,,,,,,,
COURSE TOTAL:,18,1,0,0,0,19,3.947,0,0,0,0,0,19,
"",94.74%,5.26%,0.00%,0.00%,0.00%,,,,,,,,,
RDNG-473-500,19,10,0,0,0,29,3.655,0,0,0,3,0,32,WILKINS G
"",65.52%,34.48%,0.00%,0.00%,0.00%,,,,,,,,,
RDNG-473-502,23,6,5,0,0,34,3.529,0,0,0,1,0,35,WILKINS G
"",67.65%,17.65%,14.71%,0.00%,0.00%,,,,,,,,,
RDNG-473-503,21,9,2,0,0,32,3.593,0,0,0,0,0,32,WAKEFIELD J
"",65.63%,28.13%,6.25%,0.00%,0.00%,,,,,,,,,
COURSE TOTAL:,63,25,7,0,0,95,3.589,0,0,0,4,0,99,
"",66.32%,26.32%,7.37%,0.00%,0.00%,,,,,,,,,
RDNG-490-501,26,0,0,0,1,27,3.851,0,0,0,0,0,27,FIELDS S
"",96.30%,0.00%,0.00%,0.00%,3.70%,,,,,,,,,
RDNG-490-502,18,1,0,0,0,19,3.947,0,0,0,0,0,19,FIELDS S
"",94.74%,5.26%,0.00%,0.00%,0.00%,,,,,,,,,
COURSE TOTAL:,44,1,0,0,1,46,3.891,0,0,0,0,0,46,
"",95.65%,2.17%,0.00%,0.00%,2.17%,,,,,,,,,
RDNG-602-701,17,4,1,0,0,22,3.727,0,0,0,2,0,24,JOSHI R
"",77.27%,18.18%,4.55%,0.00%,0.00%,,,,,,,,,
COURSE TOTAL:,17,4,1,0,0,22,3.727,0,0,0,2,0,24,
"",77.27%,18.18%,4.55%,0.00%,0.00%,,,,,,,,,
RDNG-604-600,8,0,0,0,0,8,4.000,0,0,0,0,0,8,MCKEOWN D
"",100.00%,0.00%,0.00%,0.00%,0.00%,,,,,,,,,
RDNG-604-700,19,0,0,0,0,19,4.000,0,0,0,0,0,19,PITTMAN R
"",100.00%,0.00%,0.00%,0.00%,0.00%,,,,,,,,,
COURSE TOTAL:,27,0,0,0,0,27,4.000,0,0,0,0,0,27,
"",100.00%,0.00%,0.00%,0.00%,0.00%,,,,,,,,,
RDNG-612-700,28,0,0,0,0,28,4.000,1,0,0,0,0,29,FIELDS S
"",100.00%,0.00%,0.00%,0.00%,0.00%,,,,,,,,,
COURSE TOTAL:,28,0,0,0,0,28,4.000,1,0,0,0,0,29,
"",100.00%,0.00%,0.00%,0.00%,0.00%,,,,,,,,,
RDNG-620-700,7,0,0,0,0,7,4.000,0,0,0,0,0,7,KUO L
"",100.00%,0.00%,0.00%,0.00%,0.00%,,,,,,,,,
COURSE TOTAL:,7,0,0,0,0,7,4.000,0,0,0,0,0,7,
"",100.00%,0.00%,0.00%,0.00%,0.00%,,,,,,,,,
TEED-682-700,33,1,0,0,0,34,3.970,0,0,0,0,0,34,HAWK N
"",97.06%,2.94%,0.00%,0.00%,0.00%,,,,,,,,,
COURSE TOTAL:,33,1,0,0,0,34,3.970,0,0,0,0,0,34,
"",97.06%,2.94%,0.00%,0.00%,0.00%,,,,,,,,,
TEFB-273-501,36,3,0,0,1,40,3.825,1,0,0,0,0,41,OGLETREE Q
"",90.00%,7.50%,0.00%,0.00%,2.50%,,,,,,,,,
TEFB-273-502,27,0,0,0,1,28,3.857,0,0,0,0,0,28,OGLETREE Q
"",96.43%,0.00%,0.00%,0.00%,3.57%,,,,,,,,,
TEFB-273-503,24,3,0,0,0,27,3.888,0,0,0,1,0,28,SARPY-SIMPSON C
"",88.89%,11.11%,0.00%,0.00%,0.00%,,,,,,,,,
TEFB-273-505,25,5,2,1,1,34,3.529,0,0,0,0,0,34,SARPY-SIMPSON C
"",73.53%,14.71%,5.88%,2.94%,2.94%,,,,,,,,,
TEFB-273-506,31,0,1,0,0,32,3.937,0,0,0,0,0,32,SARPY-SIMPSON C
"",96.88%,0.00%,3.13%,0.00%,0.00%,,,,,,,,,
TEFB-273-507,30,0,0,0,0,30,4.000,0,0,0,1,0,31,CANTRELL E
"",100.00%,0.00%,0.00%,0.00%,0.00%,,,,,,,,,
COURSE TOTAL:,173,11,3,1,3,191,3.832,1,0,0,2,0,194,
"",90.58%,5.76%,1.57%,0.52%,1.57%,,,,,,,,,
TEFB-322-501,5,0,0,0,0,5,4.000,0,0,0,0,0,5,TAYLOR B
"",100.00%,0.00%,0.00%,0.00%,0.00%,,,,,,,,,
TEFB-322-502,4,2,0,0,0,6,3.666,0,0,0,0,0,6,TAYLOR B
"",66.67%,33.33%,0.00%,0.00%,0.00%,,,,,,,,,
TEFB-322-504,4,1,0,0,0,5,3.800,0,0,0,0,0,5,TAYLOR B
"",80.00%,20.00%,0.00%,0.00%,0.00%,,,,,,,,,
TEFB-322-505,6,0,1,0,0,7,3.714,0,0,0,0,0,7,TAYLOR B
"",85.71%,0.00%,14.29%,0.00%,0.00%,,,,,,,,,
TEFB-322-506,2,1,1,1,0,5,2.800,0,0,0,0,0,5,TAYLOR B
"",40.00%,20.00%,20.00%,20.00%,0.00%,,,,,,,,,
TEFB-322-508,6,0,0,0,0,6,4.000,0,0,0,0,0,6,TAYLOR B
"",100.00%,0.00%,0.00%,0.00%,0.00%,,,,,,,,,
COURSE TOTAL:,27,4,2,1,0,34,3.676,0,0,0,0,0,34,
"",79.41%,11.76%,5.88%,2.94%,0.00%,,,,,,,,,
TEFB-324-506,5,0,0,0,0,5,4.000,0,0,0,0,0,5,DOCKAN J
"",100.00%,0.00%,0.00%,0.00%,0.00%,,,,,,,,,
COURSE TOTAL:,5,0,0,0,0,5,4.000,0,0,0,0,0,5,
"",100.00%,0.00%,0.00%,0.00%,0.00%,,,,,,,,,
TEFB-371-501,25,0,1,0,0,26,3.923,0,0,0,1,0,27,SVAJDA-HARDY M
"",96.15%,0.00%,3.85%,0.00%,0.00%,,,,,,,,,
TEFB-371-502,28,0,0,0,0,28,4.000,0,0,0,0,0,28,SVAJDA-HARDY M
"",100.00%,0.00%,0.00%,0.00%,0.00%,,,,,,,,,
TEFB-371-503,27,0,0,0,1,28,3.857,0,0,0,1,0,29,SVAJDA-HARDY M
"",96.43%,0.00%,0.00%,0.00%,3.57%,,,,,,,,,
TEFB-371-506,15,4,0,0,0,19,3.789,0,0,0,0,0,19,WAKEFIELD J
"",78.95%,21.05%,0.00%,0.00%,0.00%,,,,,,,,,
COURSE TOTAL:,95,4,1,0,1,101,3.900,0,0,0,2,0,103,
"",94.06%,3.96%,0.99%,0.00%,0.99%,,,,,,,,,
TEFB-410-500,28,3,1,0,0,32,3.843,0,0,0,0,0,32,SHUMBERA K
"",87.50%,9.38%,3.13%,0.00%,0.00%,,,,,,,,,
TEFB-410-501,37,1,0,0,0,38,3.973,0,0,0,0,0,38,GRIFFITH K
"",97.37%,2.63%,0.00%,0.00%,0.00%,,,,,,,,,
TEFB-410-502,28,1,0,0,0,29,3.965,0,0,0,0,0,29,GRIFFITH K
"",96.55%,3.45%,0.00%,0.00%,0.00%,,,,,,,,,
TEFB-410-503,20,3,0,0,0,23,3.869,0,0,0,0,0,23,SHUMBERA K
"",86.96%,13.04%,0.00%,0.00%,0.00%,,,,,,,,,
TEFB-410-504,17,5,1,0,0,23,3.695,0,0,0,0,0,23,SHUMBERA K
"",73.91%,21.74%,4.35%,0.00%,0.00%,,,,,,,,,
COURSE TOTAL:,130,13,2,0,0,145,3.882,0,0,0,0,0,145,
"",89.66%,8.97%,1.38%,0.00%,0.00%,,,,,,,,,
TEFB-412-500,31,1,0,0,0,32,3.968,0,0,0,0,0,32,SANDERS M
"",96.88%,3.13%,0.00%,0.00%,0.00%,,,,,,,,,
TEFB-412-501,36,2,0,0,0,38,3.947,0,0,0,0,0,38,BARRETT J
"",94.74%,5.26%,0.00%,0.00%,0.00%,,,,,,,,,
TEFB-412-502,27,2,0,0,0,29,3.931,0,0,0,0,0,29,BARRETT J
"",93.10%,6.90%,0.00%,0.00%,0.00%,,,,,,,,,
TEFB-412-503,22,0,1,0,0,23,3.913,0,0,0,0,0,23,BARRETT J
"",95.65%,0.00%,4.35%,0.00%,0.00%,,,,,,,,,
TEFB-412-504,17,6,0,0,0,23,3.739,0,0,0,0,0,23,BARRETT J
"",73.91%,26.09%,0.00%,0.00%,0.00%,,,,,,,,,
COURSE TOTAL:,133,11,1,0,0,145,3.910,0,0,0,0,0,145,
"",91.72%,7.59%,0.69%,0.00%,0.00%,,,,,,,,,
TEFB-413-500,26,6,0,0,0,32,3.812,0,0,0,0,0,32,KIDD A
"",81.25%,18.75%,0.00%,0.00%,0.00%,,,,,,,,,
TEFB-413-501,35,2,1,0,0,38,3.894,0,0,0,0,0,38,SHUMBERA K
"",92.11%,5.26%,2.63%,0.00%,0.00%,,,,,,,,,
TEFB-413-502,28,1,0,0,0,29,3.965,0,0,0,0,0,29,SINGLETON J
"",96.55%,3.45%,0.00%,0.00%,0.00%,,,,,,,,,
TEFB-413-503,14,8,1,0,0,23,3.565,0,0,0,0,0,23,SOBOTKA A
"",60.87%,34.78%,4.35%,0.00%,0.00%,,,,,,,,,
TEFB-413-504,23,0,0,0,0,23,4.000,0,0,0,0,0,23,JANNEY B
"",100.00%,0.00%,0.00%,0.00%,0.00%,,,,,,,,,
TEFB-413-505,19,3,0,0,0,22,3.863,0,0,0,0,0,22,ESPARZA A
"",86.36%,13.64%,0.00%,0.00%,0.00%,,,,,,,,,
COURSE TOTAL:,145,20,2,0,0,167,3.856,0,0,0,0,0,167,
"",86.83%,11.98%,1.20%,0.00%,0.00%,,,,,,,,,
DEPARTMENT TOTAL:,3108,385,78,13,21,3605,3.815,70,,0,34,0,3646
"",86.21%,10.68%,2.16%,0.36%,0.58%,,,,,,,,
COLLEGE TOTAL:,12625,2842,881,153,183,16684,3.641,52  1645,,54,376,9,18820
"",75.67%,17.03%,5.28%,0.92%,1.10%,,,,,,,,
