ACCT-209-599,352,335,121,21,15,844,3.170,0,0,0,42,0,886,FOSTER C
"",41.71%,39.69%,14.34%,2.49%,1.78%,,,,,,,,,
COURSE TOTAL:,352,335,121,21,15,844,3.170,0,0,0,42,0,886,
"",41.71%,39.69%,14.34%,2.49%,1.78%,,,,,,,,,
ACCT-210-599,132,58,9,0,1,200,3.600,0,0,0,0,0,200,FARMER K
"",66.00%,29.00%,4.50%,0.00%,0.50%,,,,,,,,,
ACCT-210-700,13,6,1,0,0,20,3.600,0,0,0,0,0,20,FARMER K
"",65.00%,30.00%,5.00%,0.00%,0.00%,,,,,,,,,
COURSE TOTAL:,145,64,10,0,1,220,3.600,0,0,0,0,0,220,
"",65.91%,29.09%,4.55%,0.00%,0.45%,,,,,,,,,
ACCT-229-200,8,15,3,0,0,26,3.192,0,0,0,0,0,26,KNOOP J
"",30.77%,57.69%,11.54%,0.00%,0.00%,,,,,,,,,
ACCT-229-201,14,7,3,1,0,25,3.360,0,0,0,1,0,26,KNOOP J
"",56.00%,28.00%,12.00%,4.00%,0.00%,,,,,,,,,
ACCT-229-202,12,9,4,0,0,25,3.320,0,0,0,2,0,27,KNOOP J
"",48.00%,36.00%,16.00%,0.00%,0.00%,,,,,,,,,
ACCT-229-501,26,22,17,5,1,71,2.943,0,0,0,17,0,88,BARRETT J
"",36.62%,30.99%,23.94%,7.04%,1.41%,,,,,,,,,
ACCT-229-502,30,22,19,8,1,80,2.900,0,0,0,8,0,88,BARRETT J
"",37.50%,27.50%,23.75%,10.00%,1.25%,,,,,,,,,
ACCT-229-503,19,23,29,7,2,80,2.625,0,0,0,9,0,89,BARRETT J
"",23.75%,28.75%,36.25%,8.75%,2.50%,,,,,,,,,
ACCT-229-504,20,12,24,6,1,63,2.698,0,0,0,20,0,83,HEAD M
"",31.75%,19.05%,38.10%,9.52%,1.59%,,,,,,,,,
ACCT-229-505,24,24,27,4,1,80,2.825,0,0,0,13,0,93,KNOOP J
"",30.00%,30.00%,33.75%,5.00%,1.25%,,,,,,,,,
ACCT-229-506,17,20,25,12,3,77,2.467,0,0,0,15,0,92,ARNOSKY C
"",22.08%,25.97%,32.47%,15.58%,3.90%,,,,,,,,,
ACCT-229-507,19,28,23,11,1,82,2.646,0,0,0,9,0,91,ARNOSKY C
"",23.17%,34.15%,28.05%,13.41%,1.22%,,,,,,,,,
ACCT-229-508,18,30,21,7,0,76,2.776,0,0,0,9,0,85,ARNOSKY C
"",23.68%,39.47%,27.63%,9.21%,0.00%,,,,,,,,,
ACCT-229-509,8,17,10,4,0,39,2.743,0,0,0,11,0,50,WILLIAMS B
"",20.51%,43.59%,25.64%,10.26%,0.00%,,,,,,,,,
ACCT-229-510,7,8,13,7,1,36,2.361,0,0,0,2,0,38,MARRIOTT S
"",19.44%,22.22%,36.11%,19.44%,2.78%,,,,,,,,,
ACCT-229-511,6,6,12,4,1,29,2.413,0,0,0,11,0,40,WILLIAMS B
"",20.69%,20.69%,41.38%,13.79%,3.45%,,,,,,,,,
COURSE TOTAL:,228,243,230,76,12,789,2.759,0,0,0,127,0,916,
"",28.90%,30.80%,29.15%,9.63%,1.52%,,,,,,,,,
ACCT-230-201,10,4,1,0,0,15,3.600,0,0,0,1,0,16,ALLEN N
"",66.67%,26.67%,6.67%,0.00%,0.00%,,,,,,,,,
ACCT-230-501,45,84,43,8,0,180,2.922,0,0,0,26,0,206,ALLEN N
"",25.00%,46.67%,23.89%,4.44%,0.00%,,,,,,,,,
ACCT-230-502,40,79,43,11,0,173,2.855,0,0,0,27,0,200,ALLEN N
"",23.12%,45.66%,24.86%,6.36%,0.00%,,,,,,,,,
COURSE TOTAL:,95,167,87,19,0,368,2.918,0,0,0,54,0,422,
"",25.82%,45.38%,23.64%,5.16%,0.00%,,,,,,,,,
ACCT-321-500,245,1,0,0,0,246,3.995,0,0,0,0,1,247,KYLLONEN C
"",99.59%,0.41%,0.00%,0.00%,0.00%,,,,,,,,,
COURSE TOTAL:,245,1,0,0,0,246,3.995,0,0,0,0,1,247,
"",99.59%,0.41%,0.00%,0.00%,0.00%,,,,,,,,,
ACCT-322-500,49,9,3,1,0,62,3.709,0,0,0,0,0,62,MCGOWAN A
"",79.03%,14.52%,4.84%,1.61%,0.00%,,,,,,,,,
COURSE TOTAL:,49,9,3,1,0,62,3.709,0,0,0,0,0,62,
"",79.03%,14.52%,4.84%,1.61%,0.00%,,,,,,,,,
ACCT-327-500,4,21,14,3,0,42,2.619,0,0,0,1,0,43,STUBER S
"",9.52%,50.00%,33.33%,7.14%,0.00%,,,,,,,,,
ACCT-327-501,10,17,8,2,0,37,2.945,1,0,0,4,0,42,STUBER S
"",27.03%,45.95%,21.62%,5.41%,0.00%,,,,,,,,,
ACCT-327-502,8,14,16,3,0,41,2.658,0,0,0,3,0,44,STUBER S
"",19.51%,34.15%,39.02%,7.32%,0.00%,,,,,,,,,
ACCT-327-503,4,10,19,1,0,34,2.500,0,0,0,7,0,41,BLUM E
"",11.76%,29.41%,55.88%,2.94%,0.00%,,,,,,,,,
ACCT-327-504,11,10,14,1,1,37,2.783,0,0,0,5,0,42,BLUM E
"",29.73%,27.03%,37.84%,2.70%,2.70%,,,,,,,,,
ACCT-327-505,8,9,12,1,2,32,2.625,0,0,0,7,0,39,BLUM E
"",25.00%,28.13%,37.50%,3.13%,6.25%,,,,,,,,,
ACCT-327-506,6,11,10,3,1,31,2.580,1,0,0,9,0,41,LARKIN R
"",19.35%,35.48%,32.26%,9.68%,3.23%,,,,,,,,,
ACCT-327-507,5,14,13,0,0,32,2.750,0,0,0,7,0,39,LARKIN R
"",15.63%,43.75%,40.63%,0.00%,0.00%,,,,,,,,,
ACCT-327-508,15,13,10,0,0,38,3.131,0,0,0,4,0,42,LARKIN R
"",39.47%,34.21%,26.32%,0.00%,0.00%,,,,,,,,,
ACCT-327-509,8,19,6,3,0,36,2.888,0,0,0,2,2,40,CLINE K
"",22.22%,52.78%,16.67%,8.33%,0.00%,,,,,,,,,
ACCT-327-510,15,14,5,2,1,37,3.081,0,0,0,0,4,41,CLINE K
"",40.54%,37.84%,13.51%,5.41%,2.70%,,,,,,,,,
COURSE TOTAL:,94,152,127,19,5,397,2.783,2,0,0,49,6,454,
"",23.68%,38.29%,31.99%,4.79%,1.26%,,,,,,,,,
ACCT-328-501,14,8,4,0,0,26,3.384,0,0,0,2,0,28,WANG D
"",53.85%,30.77%,15.38%,0.00%,0.00%,,,,,,,,,
ACCT-328-502,10,11,6,1,0,28,3.071,0,0,0,2,0,30,WANG D
"",35.71%,39.29%,21.43%,3.57%,0.00%,,,,,,,,,
ACCT-328-503,10,16,1,0,0,27,3.333,0,0,0,2,0,29,JIN H
"",37.04%,59.26%,3.70%,0.00%,0.00%,,,,,,,,,
ACCT-328-504,8,10,3,0,0,21,3.238,0,0,0,1,0,22,GROSSMAN S
"",38.10%,47.62%,14.29%,0.00%,0.00%,,,,,,,,,
ACCT-328-505,13,12,3,0,0,28,3.357,0,0,0,2,0,30,GROSSMAN S
"",46.43%,42.86%,10.71%,0.00%,0.00%,,,,,,,,,
ACCT-328-506,12,12,6,0,0,30,3.200,0,0,0,0,0,30,GROSSMAN S
"",40.00%,40.00%,20.00%,0.00%,0.00%,,,,,,,,,
ACCT-328-507,13,12,2,0,0,27,3.407,0,0,0,3,0,30,HARDING M
"",48.15%,44.44%,7.41%,0.00%,0.00%,,,,,,,,,
ACCT-328-508,17,9,1,2,0,29,3.413,0,0,0,0,1,30,HARDING M
"",58.62%,31.03%,3.45%,6.90%,0.00%,,,,,,,,,
ACCT-328-509,6,11,2,2,0,21,3.000,0,0,0,1,0,22,JIN H
"",28.57%,52.38%,9.52%,9.52%,0.00%,,,,,,,,,
ACCT-328-510,13,10,6,0,0,29,3.241,0,0,0,1,0,30,HARDING M
"",44.83%,34.48%,20.69%,0.00%,0.00%,,,,,,,,,
ACCT-328-511,12,7,3,1,0,23,3.304,0,0,0,1,0,24,JIN H
"",52.17%,30.43%,13.04%,4.35%,0.00%,,,,,,,,,
COURSE TOTAL:,128,118,37,6,0,289,3.273,0,0,0,15,1,305,
"",44.29%,40.83%,12.80%,2.08%,0.00%,,,,,,,,,
ACCT-329-501,137,30,2,0,0,169,3.798,0,0,0,2,0,171,FARMER K
"",81.07%,17.75%,1.18%,0.00%,0.00%,,,,,,,,,
COURSE TOTAL:,137,30,2,0,0,169,3.798,0,0,0,2,0,171,
"",81.07%,17.75%,1.18%,0.00%,0.00%,,,,,,,,,
ACCT-405-501,13,24,1,0,0,38,3.315,0,0,0,1,0,39,LASSILA D
"",34.21%,63.16%,2.63%,0.00%,0.00%,,,,,,,,,
ACCT-405-502,24,16,0,0,0,40,3.600,0,0,0,0,0,40,LASSILA D
"",60.00%,40.00%,0.00%,0.00%,0.00%,,,,,,,,,
ACCT-405-503,15,16,3,0,0,34,3.352,0,0,0,0,0,34,MCGUIRE S
"",44.12%,47.06%,8.82%,0.00%,0.00%,,,,,,,,,
ACCT-405-504,7,23,8,0,0,38,2.973,0,0,0,1,0,39,HURTA A
"",18.42%,60.53%,21.05%,0.00%,0.00%,,,,,,,,,
ACCT-405-505,10,23,6,1,0,40,3.050,0,0,0,0,0,40,XIA J
"",25.00%,57.50%,15.00%,2.50%,0.00%,,,,,,,,,
ACCT-405-506,5,24,8,1,1,39,2.794,0,0,0,1,0,40,XIA J
"",12.82%,61.54%,20.51%,2.56%,2.56%,,,,,,,,,
ACCT-405-507,4,21,11,4,0,40,2.625,0,0,0,1,0,41,XIA J
"",10.00%,52.50%,27.50%,10.00%,0.00%,,,,,,,,,
COURSE TOTAL:,78,147,37,6,1,269,3.096,0,0,0,4,0,273,
"",29.00%,54.65%,13.75%,2.23%,0.37%,,,,,,,,,
ACCT-407-901,3,18,6,2,0,29,2.758,0,0,0,2,0,31,RANZILLA S
"",10.34%,62.07%,20.69%,6.90%,0.00%,,,,,,,,,
ACCT-407-902,11,8,3,0,1,23,3.217,0,0,0,2,0,25,RANZILLA S
"",47.83%,34.78%,13.04%,0.00%,4.35%,,,,,,,,,
COURSE TOTAL:,14,26,9,2,1,52,2.961,0,0,0,4,0,56,
"",26.92%,50.00%,17.31%,3.85%,1.92%,,,,,,,,,
ACCT-408-501,4,1,0,0,0,5,3.800,0,0,0,0,0,5,HEAD M
"",80.00%,20.00%,0.00%,0.00%,0.00%,,,,,,,,,
COURSE TOTAL:,4,1,0,0,0,5,3.800,0,0,0,0,0,5,
"",80.00%,20.00%,0.00%,0.00%,0.00%,,,,,,,,,
ACCT-410-500,9,5,1,0,0,15,3.533,0,0,0,0,0,15,HEAD M
"",60.00%,33.33%,6.67%,0.00%,0.00%,,,,,,,,,
COURSE TOTAL:,9,5,1,0,0,15,3.533,0,0,0,0,0,15,
"",60.00%,33.33%,6.67%,0.00%,0.00%,,,,,,,,,
ACCT-427-501,18,24,1,2,0,45,3.288,0,0,0,0,0,45,BLASOR T
"",40.00%,53.33%,2.22%,4.44%,0.00%,,,,,,,,,
ACCT-427-502,21,23,2,1,0,47,3.361,0,0,0,0,0,47,BLASOR T
"",44.68%,48.94%,4.26%,2.13%,0.00%,,,,,,,,,
ACCT-427-503,18,22,3,0,0,43,3.348,0,0,0,2,0,45,BLASOR T
"",41.86%,51.16%,6.98%,0.00%,0.00%,,,,,,,,,
ACCT-427-504,18,19,4,1,0,42,3.285,0,0,0,3,0,45,DIAZ M
"",42.86%,45.24%,9.52%,2.38%,0.00%,,,,,,,,,
ACCT-427-505,20,18,3,1,1,43,3.279,0,0,0,0,0,43,DIAZ M
"",46.51%,41.86%,6.98%,2.33%,2.33%,,,,,,,,,
ACCT-427-506,20,18,4,1,1,44,3.250,0,0,0,1,0,45,DIAZ M
"",45.45%,40.91%,9.09%,2.27%,2.27%,,,,,,,,,
COURSE TOTAL:,115,124,17,6,2,264,3.303,0,0,0,6,0,270,
"",43.56%,46.97%,6.44%,2.27%,0.76%,,,,,,,,,
ACCT-445-599,66,5,0,0,0,71,3.929,0,0,0,2,0,73,CLINE K
"",92.96%,7.04%,0.00%,0.00%,0.00%,,,,,,,,,
COURSE TOTAL:,66,5,0,0,0,71,3.929,0,0,0,2,0,73,
"",92.96%,7.04%,0.00%,0.00%,0.00%,,,,,,,,,
ACCT-447-500,12,9,0,0,0,21,3.571,0,0,0,0,0,21,RAY K
"",57.14%,42.86%,0.00%,0.00%,0.00%,,,,,,,,,
COURSE TOTAL:,12,9,0,0,0,21,3.571,0,0,0,0,0,21,
"",57.14%,42.86%,0.00%,0.00%,0.00%,,,,,,,,,
ACCT-450-501,2,2,0,1,0,5,3.000,0,0,0,0,0,5,SHAUB M
"",40.00%,40.00%,0.00%,20.00%,0.00%,,,,,,,,,
ACCT-450-502,4,2,0,0,0,6,3.666,0,0,0,0,0,6,HEAD M
"",66.67%,33.33%,0.00%,0.00%,0.00%,,,,,,,,,
COURSE TOTAL:,6,4,0,1,0,11,3.363,0,0,0,0,0,11,
"",54.55%,36.36%,0.00%,9.09%,0.00%,,,,,,,,,
ACCT-489-500,35,2,1,0,0,38,3.894,0,0,0,1,0,39,HURTA A
"",92.11%,5.26%,2.63%,0.00%,0.00%,,,,,,,,,
ACCT-489-501,39,1,1,0,0,41,3.926,0,0,0,0,0,41,HURTA A
"",95.12%,2.44%,2.44%,0.00%,0.00%,,,,,,,,,
ACCT-489-502,37,3,0,0,0,40,3.925,0,0,0,0,0,40,HURTA A
"",92.50%,7.50%,0.00%,0.00%,0.00%,,,,,,,,,
COURSE TOTAL:,111,6,2,0,0,119,3.915,0,0,0,1,0,120,
"",93.28%,5.04%,1.68%,0.00%,0.00%,,,,,,,,,
ACCT-605-700,36,6,0,0,0,42,3.857,0,0,0,0,0,42,LARKIN R
"",85.71%,14.29%,0.00%,0.00%,0.00%,,,,,,,,,
COURSE TOTAL:,36,6,0,0,0,42,3.857,0,0,0,0,0,42,
"",85.71%,14.29%,0.00%,0.00%,0.00%,,,,,,,,,
ACCT-607-600,8,7,1,0,0,16,3.437,0,0,0,0,0,16,RANZILLA S
"",50.00%,43.75%,6.25%,0.00%,0.00%,,,,,,,,,
COURSE TOTAL:,8,7,1,0,0,16,3.437,0,0,0,0,0,16,
"",50.00%,43.75%,6.25%,0.00%,0.00%,,,,,,,,,
ACCT-608-601,8,3,0,0,0,11,3.727,0,0,0,0,0,11,HEAD M
"",72.73%,27.27%,0.00%,0.00%,0.00%,,,,,,,,,
COURSE TOTAL:,8,3,0,0,0,11,3.727,0,0,0,0,0,11,
"",72.73%,27.27%,0.00%,0.00%,0.00%,,,,,,,,,
ACCT-615-600,31,0,0,0,0,31,4.000,0,0,0,0,0,31,LARKIN R
"",100.00%,0.00%,0.00%,0.00%,0.00%,,,,,,,,,
COURSE TOTAL:,31,0,0,0,0,31,4.000,0,0,0,0,0,31,
"",100.00%,0.00%,0.00%,0.00%,0.00%,,,,,,,,,
ACCT-620-651,33,0,0,0,0,33,4.000,0,0,0,0,0,33,FARMER K
"",100.00%,0.00%,0.00%,0.00%,0.00%,,,,,,,,,
ACCT-620-751,5,0,0,0,0,5,4.000,1,0,0,0,0,6,FARMER K
"",100.00%,0.00%,0.00%,0.00%,0.00%,,,,,,,,,
COURSE TOTAL:,38,0,0,0,0,38,4.000,1,0,0,0,0,39,
"",100.00%,0.00%,0.00%,0.00%,0.00%,,,,,,,,,
ACCT-640-698,17,14,5,0,0,36,3.333,0,0,0,11,0,47,FOSTER C
"",47.22%,38.89%,13.89%,0.00%,0.00%,,,,,,,,,
ACCT-640-699,10,8,3,2,0,23,3.130,0,0,0,1,0,24,FOSTER C
"",43.48%,34.78%,13.04%,8.70%,0.00%,,,,,,,,,
ACCT-640-700,53,12,11,1,0,77,3.519,0,0,0,7,0,84,FOSTER C
"",68.83%,15.58%,14.29%,1.30%,0.00%,,,,,,,,,
COURSE TOTAL:,80,34,19,3,0,136,3.404,0,0,0,19,0,155,
"",58.82%,25.00%,13.97%,2.21%,0.00%,,,,,,,,,
ACCT-644-601,15,8,0,0,0,23,3.652,0,0,0,0,0,23,SANDERS J
"",65.22%,34.78%,0.00%,0.00%,0.00%,,,,,,,,,
ACCT-644-602,23,4,0,0,0,27,3.851,0,0,0,0,0,27,SANDERS J
"",85.19%,14.81%,0.00%,0.00%,0.00%,,,,,,,,,
COURSE TOTAL:,38,12,0,0,0,50,3.760,0,0,0,0,0,50,
"",76.00%,24.00%,0.00%,0.00%,0.00%,,,,,,,,,
ACCT-646-699,28,0,0,0,0,28,4.000,0,0,0,2,0,30,CLINE K
"",100.00%,0.00%,0.00%,0.00%,0.00%,,,,,,,,,
COURSE TOTAL:,28,0,0,0,0,28,4.000,0,0,0,2,0,30,
"",100.00%,0.00%,0.00%,0.00%,0.00%,,,,,,,,,
ACCT-647-600,30,24,1,0,1,56,3.464,0,0,0,0,0,56,CUFF M
"",53.57%,42.86%,1.79%,0.00%,1.79%,,,,,,,,,
ACCT-647-601,6,7,0,0,0,13,3.461,0,0,0,0,0,13,KARTAPANIS A
"",46.15%,53.85%,0.00%,0.00%,0.00%,,,,,,,,,
ACCT-647-602,5,10,0,0,0,15,3.333,0,0,0,0,0,15,KARTAPANIS A
"",33.33%,66.67%,0.00%,0.00%,0.00%,,,,,,,,,
ACCT-647-603,4,9,1,0,0,14,3.214,0,0,0,0,0,14,KARTAPANIS A
"",28.57%,64.29%,7.14%,0.00%,0.00%,,,,,,,,,
COURSE TOTAL:,45,50,2,0,1,98,3.408,0,0,0,0,0,98,
"",45.92%,51.02%,2.04%,0.00%,1.02%,,,,,,,,,
ACCT-650-601,105,17,1,0,0,123,3.845,0,0,0,0,0,123,SHAUB M
"",85.37%,13.82%,0.81%,0.00%,0.00%,,,,,,,,,
ACCT-650-602,55,0,0,0,0,55,4.000,0,0,0,0,0,55,HEAD M
"",100.00%,0.00%,0.00%,0.00%,0.00%,,,,,,,,,
COURSE TOTAL:,160,17,1,0,0,178,3.893,0,0,0,0,0,178,
"",89.89%,9.55%,0.56%,0.00%,0.00%,,,,,,,,,
ACCT-680-601,15,28,1,0,0,44,3.318,0,0,0,0,0,44,ROBINSON J
"",34.09%,63.64%,2.27%,0.00%,0.00%,,,,,,,,,
ACCT-680-602,25,21,0,0,0,46,3.543,1,0,0,0,0,47,ROBINSON J
"",54.35%,45.65%,0.00%,0.00%,0.00%,,,,,,,,,
COURSE TOTAL:,40,49,1,0,0,90,3.433,1,0,0,0,0,91,
"",44.44%,54.44%,1.11%,0.00%,0.00%,,,,,,,,,
ACCT-688-602,6,0,0,0,0,6,4.000,0,0,0,0,0,6,GREEN J
"",100.00%,0.00%,0.00%,0.00%,0.00%,,,,,,,,,
COURSE TOTAL:,6,0,0,0,0,6,4.000,0,0,0,0,0,6,
"",100.00%,0.00%,0.00%,0.00%,0.00%,,,,,,,,,
ACCT-689-601,37,7,2,0,0,46,3.760,0,0,0,0,0,46,BARTOSKEWITZ P
"",80.43%,15.22%,4.35%,0.00%,0.00%,,,,,,,,,
ACCT-689-602,36,10,0,0,0,46,3.782,0,0,0,0,0,46,BARTOSKEWITZ P
"",78.26%,21.74%,0.00%,0.00%,0.00%,,,,,,,,,
ACCT-689-603,31,9,2,1,1,44,3.545,0,0,0,0,0,44,BARTOSKEWITZ P
"",70.45%,20.45%,4.55%,2.27%,2.27%,,,,,,,,,
ACCT-689-604,24,0,0,0,0,24,4.000,0,0,0,0,0,24,KYLLONEN C
"",100.00%,0.00%,0.00%,0.00%,0.00%,,,,,,,,,
ACCT-689-605,45,7,0,0,0,52,3.865,0,0,0,0,0,52,BARTOSKEWITZ P
"",86.54%,13.46%,0.00%,0.00%,0.00%,,,,,,,,,
ACCT-689-606,36,16,1,0,0,53,3.660,0,0,0,0,0,53,BARTOSKEWITZ P
"",67.92%,30.19%,1.89%,0.00%,0.00%,,,,,,,,,
COURSE TOTAL:,209,49,5,1,1,265,3.750,0,0,0,0,0,265
"",78.87%,18.49%,1.89%,0.38%,0.38%,,,,,,,,
DEPARTMENT TOTAL:,2615,1673,712,161,39,5200,3.261,4,0,0,327,8,5539
"",50.29%,32.17%,13.69%,3.10%,0.75%,,,,,,,,
ANLY-601-600,14,1,0,0,0,15,3.933,0,0,0,0,0,15,JONES E
"",93.33%,6.67%,0.00%,0.00%,0.00%,,,,,,,,,
ANLY-601-700,9,0,0,0,0,9,4.000,0,0,0,0,0,9,JONES E
"",100.00%,0.00%,0.00%,0.00%,0.00%,,,,,,,,,
COURSE TOTAL:,23,1,0,0,0,24,3.958,0,0,0,0,0,24,
"",95.83%,4.17%,0.00%,0.00%,0.00%,,,,,,,,,
ANLY-610-600,23,1,0,0,0,24,3.958,0,0,0,0,0,24,HARTMANN M
"",95.83%,4.17%,0.00%,0.00%,0.00%,,,,,,,,,
ANLY-610-700,21,3,0,0,0,24,3.875,0,0,0,0,0,24,HARTMANN M
"",87.50%,12.50%,0.00%,0.00%,0.00%,,,,,,,,,
COURSE TOTAL:,44,4,0,0,0,48,3.916,0,0,0,0,0,48,
"",91.67%,8.33%,0.00%,0.00%,0.00%,,,,,,,,,
BUAD-679-650,16,0,0,0,0,16,4.000,0,0,0,0,0,16,ALEXANDER M
"",100.00%,0.00%,0.00%,0.00%,0.00%,,,,,,,,,
BUAD-679-651,24,0,0,0,0,24,4.000,0,0,0,0,0,24,ALEXANDER M
"",100.00%,0.00%,0.00%,0.00%,0.00%,,,,,,,,,
BUAD-679-653,22,1,0,0,0,23,3.956,0,0,0,0,0,23,MCFARLAND K
"",95.65%,4.35%,0.00%,0.00%,0.00%,,,,,,,,,
BUAD-679-661,35,0,0,0,0,35,4.000,0,0,0,0,0,35,BURTON S
"",100.00%,0.00%,0.00%,0.00%,0.00%,,,,,,,,,
BUAD-679-700,23,0,0,0,0,23,4.000,0,0,0,0,0,23,ALEXANDER M
"",100.00%,0.00%,0.00%,0.00%,0.00%,,,,,,,,,
BUAD-679-701,21,0,0,0,0,21,4.000,1,0,0,0,0,22,ALEXANDER M
"",100.00%,0.00%,0.00%,0.00%,0.00%,,,,,,,,,
COURSE TOTAL:,141,1,0,0,0,142,3.994,1,0,0,0,0,143,
"",99.30%,0.70%,0.00%,0.00%,0.00%,,,,,,,,,
BUAD-689-700,9,4,0,0,0,13,3.692,0,0,0,0,0,13,MUKHERJEE R
"",69.23%,30.77%,0.00%,0.00%,0.00%,,,,,,,,,
COURSE TOTAL:,9,4,0,0,0,13,3.692,0,0,0,0,0,13,
"",69.23%,30.77%,0.00%,0.00%,0.00%,,,,,,,,,
BUAD-693-652,19,3,1,0,0,23,3.782,0,0,0,0,0,23,ROGERS G
"",82.61%,13.04%,4.35%,0.00%,0.00%,,,,,,,,,
BUAD-693-661,30,5,0,0,0,35,3.857,0,0,0,0,0,35,STRAWSER J
"",85.71%,14.29%,0.00%,0.00%,0.00%,,,,,,,,,
COURSE TOTAL:,49,8,1,0,0,58,3.827,0,0,0,0,0,58,
"",84.48%,13.79%,1.72%,0.00%,0.00%,,,,,,,,,
BUAD-710-600,45,14,2,0,0,61,3.704,0,0,0,0,0,61,FARMER K
"",73.77%,22.95%,3.28%,0.00%,0.00%,,,,,,,,,
COURSE TOTAL:,45,14,2,0,0,61,3.704,0,0,0,0,0,61,
"",73.77%,22.95%,3.28%,0.00%,0.00%,,,,,,,,,
BUAD-715-600,39,20,2,0,0,61,3.606,0,0,0,0,0,61,PANINA D
"",63.93%,32.79%,3.28%,0.00%,0.00%,,,,,,,,,
COURSE TOTAL:,39,20,2,0,0,61,3.606,0,0,0,0,0,61,
"",63.93%,32.79%,3.28%,0.00%,0.00%,,,,,,,,,
BUSN-101-900,26,5,0,2,0,33,3.666,0,0,0,0,0,33,DEER S
"",78.79%,15.15%,0.00%,6.06%,0.00%,,,,,,,,,
COURSE TOTAL:,26,5,0,2,0,33,3.666,0,0,0,0,0,33,
"",78.79%,15.15%,0.00%,6.06%,0.00%,,,,,,,,,
BUSN-203-200,23,7,0,0,0,30,3.766,0,0,0,2,0,32,RANGAN S
"",76.67%,23.33%,0.00%,0.00%,0.00%,,,,,,,,,
BUSN-203-501,120,107,45,8,1,281,3.199,0,0,0,17,0,298,RANGAN S
"",42.70%,38.08%,16.01%,2.85%,0.36%,,,,,,,,,
BUSN-203-502,128,105,41,4,1,279,3.272,0,0,0,17,0,296,RANGAN S
"",45.88%,37.63%,14.70%,1.43%,0.36%,,,,,,,,,
COURSE TOTAL:,271,219,86,12,2,590,3.262,0,0,0,36,0,626,
"",45.93%,37.12%,14.58%,2.03%,0.34%,,,,,,,,,
BUSN-225-971,24,0,0,0,0,24,4.000,0,0,0,0,0,24,VAN ALSTYNE J
"",100.00%,0.00%,0.00%,0.00%,0.00%,,,,,,,,,
BUSN-225-972,23,0,0,0,0,23,4.000,0,0,0,0,0,23,VAN ALSTYNE J
"",100.00%,0.00%,0.00%,0.00%,0.00%,,,,,,,,,
COURSE TOTAL:,47,0,0,0,0,47,4.000,0,0,0,0,0,47,
"",100.00%,0.00%,0.00%,0.00%,0.00%,,,,,,,,,
BUSN-289-501,14,1,1,0,0,16,3.812,0,0,0,0,0,16,HUTCHINS N
"",87.50%,6.25%,6.25%,0.00%,0.00%,,,,,,,,,
COURSE TOTAL:,14,1,1,0,0,16,3.812,0,0,0,0,0,16,
"",87.50%,6.25%,6.25%,0.00%,0.00%,,,,,,,,,
BUSN-401-500,40,0,0,0,0,40,4.000,0,0,0,0,0,40,VAN ALSTYNE J
"",100.00%,0.00%,0.00%,0.00%,0.00%,,,,,,,,,
COURSE TOTAL:,40,0,0,0,0,40,4.000,0,0,0,0,0,40,
"",100.00%,0.00%,0.00%,0.00%,0.00%,,,,,,,,,
BUSN-403-901,16,2,0,0,0,18,3.888,0,0,0,0,0,18,JOHNSON R
"",88.89%,11.11%,0.00%,0.00%,0.00%,,,,,,,,,
BUSN-403-902,18,2,0,0,0,20,3.900,0,0,0,0,0,20,JOHNSON R
"",90.00%,10.00%,0.00%,0.00%,0.00%,,,,,,,,,
BUSN-403-904,19,0,1,0,0,20,3.900,0,0,0,0,0,20,JOHNSON R
"",95.00%,0.00%,5.00%,0.00%,0.00%,,,,,,,,,
BUSN-403-905,14,1,1,0,0,16,3.812,0,0,0,0,0,16,JOHNSON R
"",87.50%,6.25%,6.25%,0.00%,0.00%,,,,,,,,,
COURSE TOTAL:,67,5,2,0,0,74,3.878,0,0,0,0,0,74,
"",90.54%,6.76%,2.70%,0.00%,0.00%,,,,,,,,,
BUSN-404-501,11,2,0,0,0,13,3.846,0,0,0,0,0,13,MORLEY K
"",84.62%,15.38%,0.00%,0.00%,0.00%,,,,,,,,,
BUSN-404-502,12,1,0,0,0,13,3.923,0,0,0,0,0,13,MORLEY K
"",92.31%,7.69%,0.00%,0.00%,0.00%,,,,,,,,,
BUSN-404-503,12,0,0,0,0,12,4.000,0,0,0,1,0,13,MORLEY K
"",100.00%,0.00%,0.00%,0.00%,0.00%,,,,,,,,,
BUSN-404-504,13,2,0,0,0,15,3.866,0,0,0,0,0,15,GAMMENTHALER K
"",86.67%,13.33%,0.00%,0.00%,0.00%,,,,,,,,,
BUSN-404-505,13,1,0,0,0,14,3.928,0,0,0,0,0,14,GAMMENTHALER K
"",92.86%,7.14%,0.00%,0.00%,0.00%,,,,,,,,,
COURSE TOTAL:,61,6,0,0,0,67,3.910,0,0,0,1,0,68,
"",91.04%,8.96%,0.00%,0.00%,0.00%,,,,,,,,,
BUSN-432-500,17,0,0,0,0,17,4.000,0,0,0,0,0,17,GAMMENTHALER K
"",100.00%,0.00%,0.00%,0.00%,0.00%,,,,,,,,,
BUSN-432-501,18,0,0,0,0,18,4.000,0,0,0,0,0,18,GAMMENTHALER K
"",100.00%,0.00%,0.00%,0.00%,0.00%,,,,,,,,,
COURSE TOTAL:,35,0,0,0,0,35,4.000,0,0,0,0,0,35,
"",100.00%,0.00%,0.00%,0.00%,0.00%,,,,,,,,,
BUSN-484-501,5,2,0,0,0,7,3.714,0,0,0,0,0,7,GLENN J
"",71.43%,28.57%,0.00%,0.00%,0.00%,,,,,,,,,
COURSE TOTAL:,5,2,0,0,0,7,3.714,0,0,0,0,0,7,
"",71.43%,28.57%,0.00%,0.00%,0.00%,,,,,,,,,
BUSN-489-202,18,0,0,1,0,19,3.842,0,0,0,0,0,19,SREENIVASAN A
"",94.74%,0.00%,0.00%,5.26%,0.00%,,,,,,,,,
BUSN-489-500,18,1,0,0,0,19,3.947,0,0,0,0,0,19,MUKHERJEE R
"",94.74%,5.26%,0.00%,0.00%,0.00%,,,,,,,,,
BUSN-489-501,36,0,0,0,0,36,4.000,0,0,0,0,0,36,ALEXANDER D
"",100.00%,0.00%,0.00%,0.00%,0.00%,,,,,,,,,
BUSN-489-503,19,0,0,0,0,19,4.000,0,0,0,2,0,21,RAINEY P
"",100.00%,0.00%,0.00%,0.00%,0.00%,,,,,,,,,
COURSE TOTAL:,91,1,0,1,0,93,3.950,0,0,0,2,0,95,
"",97.85%,1.08%,0.00%,1.08%,0.00%,,,,,,,,,
IBUS-310-552,9,5,0,0,0,14,3.642,0,0,0,0,0,14,PANINA D
"",64.29%,35.71%,0.00%,0.00%,0.00%,,,,,,,,,
COURSE TOTAL:,9,5,0,0,0,14,3.642,0,0,0,0,0,14,
"",64.29%,35.71%,0.00%,0.00%,0.00%,,,,,,,,,
IBUS-401-500,3,2,0,0,0,5,3.600,0,0,0,0,0,5,LEWIS D
"",60.00%,40.00%,0.00%,0.00%,0.00%,,,,,,,,,
COURSE TOTAL:,3,2,0,0,0,5,3.600,0,0,0,0,0,5,
"",60.00%,40.00%,0.00%,0.00%,0.00%,,,,,,,,,
IBUS-450-502,3,2,0,0,0,5,3.600,0,0,0,0,0,5,MAHAJAN V
"",60.00%,40.00%,0.00%,0.00%,0.00%,,,,,,,,,
IBUS-450-503,1,4,0,0,0,5,3.200,0,0,0,0,0,5,PANINA D
"",20.00%,80.00%,0.00%,0.00%,0.00%,,,,,,,,,
COURSE TOTAL:,4,6,0,0,0,10,3.400,0,0,0,0,0,10,
"",40.00%,60.00%,0.00%,0.00%,0.00%,,,,,,,,,
IBUS-455-550,18,0,0,0,0,18,4.000,0,0,0,0,0,18,LANE K
"",100.00%,0.00%,0.00%,0.00%,0.00%,,,,,,,,,
COURSE TOTAL:,18,0,0,0,0,18,4.000,0,0,0,0,0,18,
"",100.00%,0.00%,0.00%,0.00%,0.00%,,,,,,,,,
IBUS-459-501,11,1,0,0,0,12,3.916,0,0,0,0,0,12,LANE K
"",91.67%,8.33%,0.00%,0.00%,0.00%,,,,,,,,,
IBUS-459-550,12,0,0,0,0,12,4.000,0,0,0,0,0,12,LEWIS D
"",100.00%,0.00%,0.00%,0.00%,0.00%,,,,,,,,,
COURSE TOTAL:,23,1,0,0,0,24,3.958,0,0,0,0,0,24,
"",95.83%,4.17%,0.00%,0.00%,0.00%,,,,,,,,,
DEPARTMENT TOTAL:,1064,305,94,15,2,1480,3.605,1,0,0,39,0,1520,
"",71.89%,20.61%,6.35%,1.01%,0.14%,,,,,,,,,
FINC-210-501,266,12,4,0,0,282,3.929,0,0,0,0,0,282,PETERSON J
"",94.33%,4.26%,1.42%,0.00%,0.00%,,,,,,,,,
COURSE TOTAL:,266,12,4,0,0,282,3.929,0,0,0,0,0,282,
"",94.33%,4.26%,1.42%,0.00%,0.00%,,,,,,,,,
FINC-267-501,18,0,0,0,0,18,4.000,0,0,0,0,0,18,WILSON C
"",100.00%,0.00%,0.00%,0.00%,0.00%,,,,,,,,,
COURSE TOTAL:,18,0,0,0,0,18,4.000,0,0,0,0,0,18,
"",100.00%,0.00%,0.00%,0.00%,0.00%,,,,,,,,,
FINC-341-201,21,10,3,0,0,34,3.529,0,0,0,0,0,34,GUYTON S
"",61.76%,29.41%,8.82%,0.00%,0.00%,,,,,,,,,
FINC-341-501,132,157,90,35,9,423,2.869,0,0,0,31,0,454,GUYTON S
"",31.21%,37.12%,21.28%,8.27%,2.13%,,,,,,,,,
FINC-341-502,115,98,67,16,11,307,2.944,0,0,0,28,0,335,GUYTON S
"",37.46%,31.92%,21.82%,5.21%,3.58%,,,,,,,,,
COURSE TOTAL:,268,265,160,51,20,764,2.929,0,0,0,59,0,823,
"",35.08%,34.69%,20.94%,6.68%,2.62%,,,,,,,,,
FINC-350-901,18,7,0,0,0,25,3.720,0,0,0,0,0,25,MOORE K
"",72.00%,28.00%,0.00%,0.00%,0.00%,,,,,,,,,
FINC-350-902,50,1,0,0,0,51,3.980,0,0,0,2,0,53,MOORE K
"",98.04%,1.96%,0.00%,0.00%,0.00%,,,,,,,,,
FINC-350-903,58,5,0,1,0,64,3.875,0,0,0,1,0,65,MOORE K
"",90.63%,7.81%,0.00%,1.56%,0.00%,,,,,,,,,
COURSE TOTAL:,126,13,0,1,0,140,3.885,0,0,0,3,0,143,
"",90.00%,9.29%,0.00%,0.71%,0.00%,,,,,,,,,
FINC-351-501,7,9,3,0,0,19,3.210,1,0,0,6,0,26,LI F
"",36.84%,47.37%,15.79%,0.00%,0.00%,,,,,,,,,
FINC-351-502,8,39,6,0,0,53,3.037,0,0,0,10,0,63,LI F
"",15.09%,73.58%,11.32%,0.00%,0.00%,,,,,,,,,
FINC-351-503,16,33,7,0,0,56,3.160,0,0,0,8,0,64,LI F
"",28.57%,58.93%,12.50%,0.00%,0.00%,,,,,,,,,
FINC-351-504,15,22,11,1,0,49,3.040,0,0,0,0,0,49,ILLEDITSCH P
"",30.61%,44.90%,22.45%,2.04%,0.00%,,,,,,,,,
FINC-351-520,21,0,0,0,0,21,4.000,0,0,0,0,0,21,DYE R
"",100.00%,0.00%,0.00%,0.00%,0.00%,,,,,,,,,
COURSE TOTAL:,67,103,27,1,0,198,3.191,1,0,0,24,0,223,
"",33.84%,52.02%,13.64%,0.51%,0.00%,,,,,,,,,
FINC-361-501,3,7,5,0,0,15,2.866,0,0,0,2,0,17,WU W
"",20.00%,46.67%,33.33%,0.00%,0.00%,,,,,,,,,
FINC-361-502,17,24,15,0,1,57,2.982,0,0,0,0,0,57,WU W
"",29.82%,42.11%,26.32%,0.00%,1.75%,,,,,,,,,
FINC-361-503,14,20,18,0,0,52,2.923,0,0,0,1,0,53,WU W
"",26.92%,38.46%,34.62%,0.00%,0.00%,,,,,,,,,
FINC-361-504,25,32,8,1,0,66,3.227,0,0,0,0,0,66,WILSON C
"",37.88%,48.48%,12.12%,1.52%,0.00%,,,,,,,,,
FINC-361-520,19,2,0,0,0,21,3.904,0,0,0,0,0,21,WHITE E
"",90.48%,9.52%,0.00%,0.00%,0.00%,,,,,,,,,
COURSE TOTAL:,78,85,46,1,1,211,3.127,0,0,0,3,0,214,
"",36.97%,40.28%,21.80%,0.47%,0.47%,,,,,,,,,
FINC-371-501,14,23,19,6,0,62,2.725,0,0,0,3,0,65,PETERSON J
"",22.58%,37.10%,30.65%,9.68%,0.00%,,,,,,,,,
COURSE TOTAL:,14,23,19,6,0,62,2.725,0,0,0,3,0,65,
"",22.58%,37.10%,30.65%,9.68%,0.00%,,,,,,,,,
FINC-381-501,10,16,3,0,0,29,3.241,0,0,0,0,0,29,BOWLES T
"",34.48%,55.17%,10.34%,0.00%,0.00%,,,,,,,,,
FINC-381-502,10,23,12,0,0,45,2.955,0,0,0,0,0,45,BOWLES T
"",22.22%,51.11%,26.67%,0.00%,0.00%,,,,,,,,,
FINC-381-503,11,23,7,0,0,41,3.097,0,0,0,0,0,41,HUANG J
"",26.83%,56.10%,17.07%,0.00%,0.00%,,,,,,,,,
FINC-381-504,12,14,5,0,0,31,3.225,0,0,0,0,0,31,HUANG J
"",38.71%,45.16%,16.13%,0.00%,0.00%,,,,,,,,,
FINC-381-505,11,18,2,0,0,31,3.290,0,0,0,1,0,32,HUANG J
"",35.48%,58.06%,6.45%,0.00%,0.00%,,,,,,,,,
COURSE TOTAL:,54,94,29,0,0,177,3.141,0,0,0,1,0,178,
"",30.51%,53.11%,16.38%,0.00%,0.00%,,,,,,,,,
FINC-409-598,145,226,102,19,8,500,2.962,0,0,0,22,0,522,ZHOU Y
"",29.00%,45.20%,20.40%,3.80%,1.60%,,,,,,,,,
FINC-409-599,115,130,67,13,7,332,3.003,0,0,0,24,0,356,SHEKARIAN M
"",34.64%,39.16%,20.18%,3.92%,2.11%,,,,,,,,,
COURSE TOTAL:,260,356,169,32,15,832,2.978,0,0,0,46,0,878,
"",31.25%,42.79%,20.31%,3.85%,1.80%,,,,,,,,,
FINC-422-501,5,2,0,0,0,7,3.714,0,0,0,0,0,7,TEBEAUX W
"",71.43%,28.57%,0.00%,0.00%,0.00%,,,,,,,,,
COURSE TOTAL:,5,2,0,0,0,7,3.714,0,0,0,0,0,7,
"",71.43%,28.57%,0.00%,0.00%,0.00%,,,,,,,,,
FINC-425-500,8,0,0,0,0,8,4.000,0,0,0,0,0,8,ADAMS B
"",100.00%,0.00%,0.00%,0.00%,0.00%,,,,,,,,,
COURSE TOTAL:,8,0,0,0,0,8,4.000,0,0,0,0,0,8,
"",100.00%,0.00%,0.00%,0.00%,0.00%,,,,,,,,,
FINC-427-501,10,0,0,0,0,10,4.000,0,0,0,0,0,10,HARRIS T
"",100.00%,0.00%,0.00%,0.00%,0.00%,,,,,,,,,
COURSE TOTAL:,10,0,0,0,0,10,4.000,0,0,0,0,0,10,
"",100.00%,0.00%,0.00%,0.00%,0.00%,,,,,,,,,
FINC-428-501,6,18,5,0,0,29,3.034,0,0,0,0,0,29,KIM H
"",20.69%,62.07%,17.24%,0.00%,0.00%,,,,,,,,,
COURSE TOTAL:,6,18,5,0,0,29,3.034,0,0,0,0,0,29,
"",20.69%,62.07%,17.24%,0.00%,0.00%,,,,,,,,,
FINC-436-501,14,0,0,0,0,14,4.000,0,0,0,0,0,14,WHITE E
"",100.00%,0.00%,0.00%,0.00%,0.00%,,,,,,,,,
COURSE TOTAL:,14,0,0,0,0,14,4.000,0,0,0,0,0,14,
"",100.00%,0.00%,0.00%,0.00%,0.00%,,,,,,,,,
FINC-443-501,0,5,0,0,0,5,3.000,0,0,0,1,0,6,KOLASINSKI A
"",0.00%,100.00%,0.00%,0.00%,0.00%,,,,,,,,,
FINC-443-502,0,5,1,0,0,6,2.833,0,0,0,1,0,7,KOLASINSKI A
"",0.00%,83.33%,16.67%,0.00%,0.00%,,,,,,,,,
COURSE TOTAL:,0,10,1,0,0,11,2.909,0,0,0,2,0,13,
"",0.00%,90.91%,9.09%,0.00%,0.00%,,,,,,,,,
FINC-445-501,36,33,2,0,0,71,3.478,0,0,0,2,0,73,LIU W
"",50.70%,46.48%,2.82%,0.00%,0.00%,,,,,,,,,
FINC-445-502,30,12,1,0,0,43,3.674,0,0,0,0,0,43,LIU W
"",69.77%,27.91%,2.33%,0.00%,0.00%,,,,,,,,,
FINC-445-503,6,7,0,0,0,13,3.461,0,0,0,0,0,13,LIU W
"",46.15%,53.85%,0.00%,0.00%,0.00%,,,,,,,,,
COURSE TOTAL:,72,52,3,0,0,127,3.543,0,0,0,2,0,129,
"",56.69%,40.94%,2.36%,0.00%,0.00%,,,,,,,,,
FINC-446-501,25,0,1,0,0,26,3.923,0,0,0,1,0,27,MOORE K
"",96.15%,0.00%,3.85%,0.00%,0.00%,,,,,,,,,
FINC-446-502,23,7,0,0,0,30,3.766,0,0,0,0,0,30,WILSON C
"",76.67%,23.33%,0.00%,0.00%,0.00%,,,,,,,,,
COURSE TOTAL:,48,7,1,0,0,56,3.839,0,0,0,1,0,57,
"",85.71%,12.50%,1.79%,0.00%,0.00%,,,,,,,,,
FINC-447-500,11,6,1,0,0,18,3.555,0,0,0,1,0,19,RAY K
"",61.11%,33.33%,5.56%,0.00%,0.00%,,,,,,,,,
COURSE TOTAL:,11,6,1,0,0,18,3.555,0,0,0,1,0,19,
"",61.11%,33.33%,5.56%,0.00%,0.00%,,,,,,,,,
FINC-448-520,10,0,0,0,0,10,4.000,0,0,0,0,0,10,ADAMS B
"",100.00%,0.00%,0.00%,0.00%,0.00%,,,,,,,,,
COURSE TOTAL:,10,0,0,0,0,10,4.000,0,0,0,0,0,10,
"",100.00%,0.00%,0.00%,0.00%,0.00%,,,,,,,,,
FINC-449-501,13,12,3,1,0,29,3.275,0,0,0,0,0,29,ABDI F
"",44.83%,41.38%,10.34%,3.45%,0.00%,,,,,,,,,
FINC-449-502,22,3,2,0,0,27,3.740,0,0,0,0,0,27,ABDI F
"",81.48%,11.11%,7.41%,0.00%,0.00%,,,,,,,,,
FINC-449-503,10,16,3,0,0,29,3.241,0,0,0,1,0,30,BANKS B
"",34.48%,55.17%,10.34%,0.00%,0.00%,,,,,,,,,
FINC-449-504,8,10,5,0,0,23,3.130,0,0,0,0,0,23,BANKS B
"",34.78%,43.48%,21.74%,0.00%,0.00%,,,,,,,,,
FINC-449-520,14,2,0,0,0,16,3.875,0,0,0,1,0,17,HERCOT P
"",87.50%,12.50%,0.00%,0.00%,0.00%,,,,,,,,,
COURSE TOTAL:,67,43,13,1,0,124,3.419,0,0,0,2,0,126,
"",54.03%,34.68%,10.48%,0.81%,0.00%,,,,,,,,,
FINC-462-501,6,2,0,0,0,8,3.750,0,0,0,0,0,8,KOLARI J
"",75.00%,25.00%,0.00%,0.00%,0.00%,,,,,,,,,
COURSE TOTAL:,6,2,0,0,0,8,3.750,0,0,0,0,0,8,
"",75.00%,25.00%,0.00%,0.00%,0.00%,,,,,,,,,
FINC-464-501,8,2,0,0,0,10,3.800,0,0,0,0,0,10,GAREY W
"",80.00%,20.00%,0.00%,0.00%,0.00%,,,,,,,,,
COURSE TOTAL:,8,2,0,0,0,10,3.800,0,0,0,0,0,10,
"",80.00%,20.00%,0.00%,0.00%,0.00%,,,,,,,,,
FINC-468-501,7,13,9,0,0,29,2.931,0,0,0,0,0,29,FITZGERALD T
"",24.14%,44.83%,31.03%,0.00%,0.00%,,,,,,,,,
COURSE TOTAL:,7,13,9,0,0,29,2.931,0,0,0,0,0,29,
"",24.14%,44.83%,31.03%,0.00%,0.00%,,,,,,,,,
FINC-475-501,17,30,13,1,0,61,3.032,0,0,0,0,0,61,PETERSON J
"",27.87%,49.18%,21.31%,1.64%,0.00%,,,,,,,,,
COURSE TOTAL:,17,30,13,1,0,61,3.032,0,0,0,0,0,61,
"",27.87%,49.18%,21.31%,1.64%,0.00%,,,,,,,,,
FINC-485-503,30,0,0,0,0,30,0.000,0,0,0,0,0,30,HALLERMANN D
"",100.00%,0.00%,0.00%,0.00%,0.00%,,,,,,,,,
FINC-485-508,8,0,0,0,0,8,4.000,0,0,0,0,0,8,SORESCU S
"",100.00%,0.00%,0.00%,0.00%,0.00%,,,,,,,,,
COURSE TOTAL:,38,0,0,0,0,38,4.000,0,0,0,0,0,38,
"",100.00%,0.00%,0.00%,0.00%,0.00%,,,,,,,,,
FINC-489-500,6,6,2,0,0,14,3.285,0,0,0,0,0,14,ABDI F
"",42.86%,42.86%,14.29%,0.00%,0.00%,,,,,,,,,
COURSE TOTAL:,6,6,2,0,0,14,3.285,0,0,0,0,0,14,
"",42.86%,42.86%,14.29%,0.00%,0.00%,,,,,,,,,
FINC-603-603,2,4,2,0,0,8,3.000,0,0,0,0,0,8,DYE R
"",25.00%,50.00%,25.00%,0.00%,0.00%,,,,,,,,,
COURSE TOTAL:,2,4,2,0,0,8,3.000,0,0,0,0,0,8,
"",25.00%,50.00%,25.00%,0.00%,0.00%,,,,,,,,,
FINC-605-601,2,42,2,0,0,46,3.000,0,0,0,0,4,50,KOLASINSKI A
"",4.35%,91.30%,4.35%,0.00%,0.00%,,,,,,,,,
COURSE TOTAL:,2,42,2,0,0,46,3.000,0,0,0,0,4,50,
"",4.35%,91.30%,4.35%,0.00%,0.00%,,,,,,,,,
FINC-612-661,31,9,1,0,0,41,3.731,0,0,0,0,0,41,CZIRAKI P
"",75.61%,21.95%,2.44%,0.00%,0.00%,,,,,,,,,
COURSE TOTAL:,31,9,1,0,0,41,3.731,0,0,0,0,0,41,
"",75.61%,21.95%,2.44%,0.00%,0.00%,,,,,,,,,
FINC-613-601,12,3,0,0,0,15,3.800,0,0,0,0,0,15,CZIRAKI P
"",80.00%,20.00%,0.00%,0.00%,0.00%,,,,,,,,,
FINC-613-602,6,3,0,0,0,9,3.666,0,0,0,0,0,9,CZIRAKI P
"",66.67%,33.33%,0.00%,0.00%,0.00%,,,,,,,,,
COURSE TOTAL:,18,6,0,0,0,24,3.750,0,0,0,0,0,24,
"",75.00%,25.00%,0.00%,0.00%,0.00%,,,,,,,,,
FINC-629-601,8,15,3,0,0,26,3.192,0,0,0,1,0,27,WHITE E
"",30.77%,57.69%,11.54%,0.00%,0.00%,,,,,,,,,
COURSE TOTAL:,8,15,3,0,0,26,3.192,0,0,0,1,0,27,
"",30.77%,57.69%,11.54%,0.00%,0.00%,,,,,,,,,
FINC-632-601,11,23,4,0,0,38,3.184,0,0,0,2,0,40,DYE R
"",28.95%,60.53%,10.53%,0.00%,0.00%,,,,,,,,,
COURSE TOTAL:,11,23,4,0,0,38,3.184,0,0,0,2,0,40,
"",28.95%,60.53%,10.53%,0.00%,0.00%,,,,,,,,,
FINC-634-601,28,4,0,0,0,32,3.875,0,0,0,0,0,32,GAREY W
"",87.50%,12.50%,0.00%,0.00%,0.00%,,,,,,,,,
COURSE TOTAL:,28,4,0,0,0,32,3.875,0,0,0,0,0,32,
"",87.50%,12.50%,0.00%,0.00%,0.00%,,,,,,,,,
FINC-635-601,27,7,0,0,0,34,3.794,0,0,0,0,0,34,MOORE K
"",79.41%,20.59%,0.00%,0.00%,0.00%,,,,,,,,,
COURSE TOTAL:,27,7,0,0,0,34,3.794,0,0,0,0,0,34,
"",79.41%,20.59%,0.00%,0.00%,0.00%,,,,,,,,,
FINC-641-601,6,32,1,0,0,39,3.128,0,0,0,0,0,39,KOLASINSKI A
"",15.38%,82.05%,2.56%,0.00%,0.00%,,,,,,,,,
FINC-641-602,5,16,2,0,0,23,3.130,0,0,0,9,0,32,KOLASINSKI A
"",21.74%,69.57%,8.70%,0.00%,0.00%,,,,,,,,,
COURSE TOTAL:,11,48,3,0,0,62,3.129,0,0,0,9,0,71,
"",17.74%,77.42%,4.84%,0.00%,0.00%,,,,,,,,,
FINC-642-603,5,7,2,0,0,14,3.214,0,0,0,0,0,14,HUANG J
"",35.71%,50.00%,14.29%,0.00%,0.00%,,,,,,,,,
FINC-642-604,4,6,1,0,0,11,3.272,0,0,0,0,0,11,HUANG J
"",36.36%,54.55%,9.09%,0.00%,0.00%,,,,,,,,,
FINC-642-605,3,3,3,0,0,9,3.000,0,0,0,0,0,9,HUANG J
"",33.33%,33.33%,33.33%,0.00%,0.00%,,,,,,,,,
COURSE TOTAL:,12,16,6,0,0,34,3.176,0,0,0,0,0,34,
"",35.29%,47.06%,17.65%,0.00%,0.00%,,,,,,,,,
FINC-643-601,15,11,0,0,0,26,3.576,0,0,0,0,0,26,KOLARI J
"",57.69%,42.31%,0.00%,0.00%,0.00%,,,,,,,,,
COURSE TOTAL:,15,11,0,0,0,26,3.576,0,0,0,0,0,26,
"",57.69%,42.31%,0.00%,0.00%,0.00%,,,,,,,,,
FINC-644-601,7,7,1,0,0,15,3.400,0,0,0,1,0,16,FITZGERALD T
"",46.67%,46.67%,6.67%,0.00%,0.00%,,,,,,,,,
COURSE TOTAL:,7,7,1,0,0,15,3.400,0,0,0,1,0,16,
"",46.67%,46.67%,6.67%,0.00%,0.00%,,,,,,,,,
FINC-646-601,6,0,0,0,0,6,4.000,0,0,0,0,0,6,MOORE K
"",100.00%,0.00%,0.00%,0.00%,0.00%,,,,,,,,,
FINC-646-602,14,3,0,0,0,17,3.823,0,0,0,0,0,17,WILSON C
"",82.35%,17.65%,0.00%,0.00%,0.00%,,,,,,,,,
COURSE TOTAL:,20,3,0,0,0,23,3.869,0,0,0,0,0,23,
"",86.96%,13.04%,0.00%,0.00%,0.00%,,,,,,,,,
FINC-649-601,8,4,1,0,0,13,3.538,0,0,0,0,0,13,BANKS B
"",61.54%,30.77%,7.69%,0.00%,0.00%,,,,,,,,,
FINC-649-602,7,8,1,0,0,16,3.375,0,0,0,0,0,16,HERCOT P
"",43.75%,50.00%,6.25%,0.00%,0.00%,,,,,,,,,
FINC-649-620,5,1,0,0,0,6,3.833,0,0,0,0,0,6,HERCOT P
"",83.33%,16.67%,0.00%,0.00%,0.00%,,,,,,,,,
COURSE TOTAL:,20,13,2,0,0,35,3.514,0,0,0,0,0,35,
"",57.14%,37.14%,5.71%,0.00%,0.00%,,,,,,,,,
FINC-660-601,2,5,1,0,0,8,3.125,0,0,0,0,0,8,KIM H
"",25.00%,62.50%,12.50%,0.00%,0.00%,,,,,,,,,
COURSE TOTAL:,2,5,1,0,0,8,3.125,0,0,0,0,0,8,
"",25.00%,62.50%,12.50%,0.00%,0.00%,,,,,,,,,
FINC-662-661,6,6,0,0,1,13,3.230,0,0,0,0,0,13,DEER S
"",46.15%,46.15%,0.00%,0.00%,7.69%,,,,,,,,,
COURSE TOTAL:,6,6,0,0,1,13,3.230,0,0,0,0,0,13,
"",46.15%,46.15%,0.00%,0.00%,7.69%,,,,,,,,,
FINC-668-601,18,2,0,0,0,20,3.900,0,0,0,0,0,20,TEBEAUX W
"",90.00%,10.00%,0.00%,0.00%,0.00%,,,,,,,,,
COURSE TOTAL:,18,2,0,0,0,20,3.900,0,0,0,0,0,20,
"",90.00%,10.00%,0.00%,0.00%,0.00%,,,,,,,,,
FINC-669-601,14,0,0,0,0,14,4.000,0,0,0,0,0,14,HARRIS T
"",100.00%,0.00%,0.00%,0.00%,0.00%,,,,,,,,,
COURSE TOTAL:,14,0,0,0,0,14,4.000,0,0,0,0,0,14,
"",100.00%,0.00%,0.00%,0.00%,0.00%,,,,,,,,,
FINC-670-602,11,7,2,0,0,20,3.450,0,0,0,0,1,21,HALKET J
"",55.00%,35.00%,10.00%,0.00%,0.00%,,,,,,,,,
COURSE TOTAL:,11,7,2,0,0,20,3.450,0,0,0,0,1,21,
"",55.00%,35.00%,10.00%,0.00%,0.00%,,,,,,,,,
FINC-671-600,59,3,0,0,0,62,3.951,0,0,0,0,0,62,AMOS N
"",95.16%,4.84%,0.00%,0.00%,0.00%,,,,,,,,,
COURSE TOTAL:,59,3,0,0,0,62,3.951,0,0,0,0,0,62,
"",95.16%,4.84%,0.00%,0.00%,0.00%,,,,,,,,,
FINC-672-601,4,4,4,0,0,12,3.000,0,0,0,0,0,12,AMOS N
"",33.33%,33.33%,33.33%,0.00%,0.00%,,,,,,,,,
COURSE TOTAL:,4,4,4,0,0,12,3.000,0,0,0,0,0,12,
"",33.33%,33.33%,33.33%,0.00%,0.00%,,,,,,,,,
FINC-673-601,32,13,0,0,0,45,3.711,0,0,0,0,0,45,MOORMAN R
"",71.11%,28.89%,0.00%,0.00%,0.00%,,,,,,,,,
COURSE TOTAL:,32,13,0,0,0,45,3.711,0,0,0,0,0,45,
"",71.11%,28.89%,0.00%,0.00%,0.00%,,,,,,,,,
FINC-675-601,46,0,0,0,0,46,4.000,0,0,0,0,0,46,RAMSEUR S
"",100.00%,0.00%,0.00%,0.00%,0.00%,,,,,,,,,
COURSE TOTAL:,46,0,0,0,0,46,4.000,0,0,0,0,0,46,
"",100.00%,0.00%,0.00%,0.00%,0.00%,,,,,,,,,
FINC-676-601,14,3,0,0,0,17,3.823,0,0,0,0,0,17,HOLMES N
"",82.35%,17.65%,0.00%,0.00%,0.00%,,,,,,,,,
COURSE TOTAL:,14,3,0,0,0,17,3.823,0,0,0,0,0,17,
"",82.35%,17.65%,0.00%,0.00%,0.00%,,,,,,,,,
FINC-685-603,21,0,0,0,0,21,0.000,0,0,0,0,0,21,HALLERMANN D
"",100.00%,0.00%,0.00%,0.00%,0.00%,,,,,,,,,
FINC-685-605,8,0,0,0,0,8,4.000,0,0,0,1,0,9,MOORE K
"",100.00%,0.00%,0.00%,0.00%,0.00%,,,,,,,,,
COURSE TOTAL:,29,0,0,0,0,29,4.000,0,0,0,1,0,30,
"",100.00%,0.00%,0.00%,0.00%,0.00%,,,,,,,,,
FINC-689-601,6,5,1,0,0,12,3.416,0,0,0,0,0,12,ABDI F
"",50.00%,41.67%,8.33%,0.00%,0.00%,,,,,,,,,
FINC-689-602,6,0,0,0,0,6,4.000,0,0,0,0,0,6,KIM H
"",100.00%,0.00%,0.00%,0.00%,0.00%,,,,,,,,,
FINC-689-603,6,0,0,0,0,6,4.000,0,0,0,0,0,6,HALLERMANN D
"",100.00%,0.00%,0.00%,0.00%,0.00%,,,,,,,,,
FINC-689-605,41,5,0,0,0,46,3.891,0,0,0,0,0,46,BANKS B
"",89.13%,10.87%,0.00%,0.00%,0.00%,,,,,,,,,
COURSE TOTAL:,59,10,1,0,0,70,3.828,0,0,0,0,0,70,
"",84.29%,14.29%,1.43%,0.00%,0.00%,,,,,,,,,
FINC-710-600,30,31,0,0,0,61,3.491,0,0,0,0,0,61,HERCOT P
"",49.18%,50.82%,0.00%,0.00%,0.00%,,,,,,,,,
COURSE TOTAL:,30,31,0,0,0,61,3.491,0,0,0,0,0,61,
"",49.18%,50.82%,0.00%,0.00%,0.00%,,,,,,,,,
DEPARTMENT TOTAL:,2020,1434,534,94,37,4119,3.220,1,0,0,161,5,4286
"",49.04%,34.81%,12.96%,2.28%,0.90%,,,,,,,,
ISTM-209-599,592,271,77,20,8,968,3.465,0,0,0,20,0,988,CURTSINGER W
"",61.16%,28.00%,7.95%,2.07%,0.83%,,,,,,,,,
COURSE TOTAL:,592,271,77,20,8,968,3.465,0,0,0,20,0,988,
"",61.16%,28.00%,7.95%,2.07%,0.83%,,,,,,,,,
ISTM-210-200,20,11,0,0,0,31,3.645,0,0,0,0,0,31,PHINNEY T
"",64.52%,35.48%,0.00%,0.00%,0.00%,,,,,,,,,
ISTM-210-501,137,297,95,14,6,549,2.992,0,0,0,23,0,572,PHINNEY T
"",24.95%,54.10%,17.30%,2.55%,1.09%,,,,,,,,,
ISTM-210-502,27,56,18,8,3,112,2.857,0,0,0,2,0,114,CURTSINGER W
"",24.11%,50.00%,16.07%,7.14%,2.68%,,,,,,,,,
COURSE TOTAL:,184,364,113,22,9,692,3.000,0,0,0,25,0,717,
"",26.59%,52.60%,16.33%,3.18%,1.30%,,,,,,,,,
ISTM-250-501,9,8,8,0,0,25,3.040,0,0,0,6,0,31,BOONE T
"",36.00%,32.00%,32.00%,0.00%,0.00%,,,,,,,,,
ISTM-250-502,2,7,6,0,2,17,2.411,0,0,0,3,0,20,PHINNEY T
"",11.76%,41.18%,35.29%,0.00%,11.76%,,,,,,,,,
ISTM-250-503,10,8,5,5,0,28,2.821,0,0,0,4,0,32,PHINNEY T
"",35.71%,28.57%,17.86%,17.86%,0.00%,,,,,,,,,
COURSE TOTAL:,21,23,19,5,2,70,2.800,0,0,0,13,0,83,
"",30.00%,32.86%,27.14%,7.14%,2.86%,,,,,,,,,
ISTM-310-501,20,17,4,0,0,41,3.390,0,0,0,0,0,41,GOMILLION D
"",48.78%,41.46%,9.76%,0.00%,0.00%,,,,,,,,,
ISTM-310-502,17,18,3,1,0,39,3.307,1,0,0,2,0,42,GOMILLION D
"",43.59%,46.15%,7.69%,2.56%,0.00%,,,,,,,,,
COURSE TOTAL:,37,35,7,1,0,80,3.350,1,0,0,2,0,83,
"",46.25%,43.75%,8.75%,1.25%,0.00%,,,,,,,,,
ISTM-313-501,10,6,1,0,0,17,3.529,0,0,0,0,0,17,BOONE T
"",58.82%,35.29%,5.88%,0.00%,0.00%,,,,,,,,,
COURSE TOTAL:,10,6,1,0,0,17,3.529,0,0,0,0,0,17,
"",58.82%,35.29%,5.88%,0.00%,0.00%,,,,,,,,,
ISTM-315-501,13,15,6,2,1,37,3.000,0,0,0,2,0,39,BECKER A
"",35.14%,40.54%,16.22%,5.41%,2.70%,,,,,,,,,
ISTM-315-502,10,21,4,3,2,40,2.850,0,0,0,0,0,40,BECKER A
"",25.00%,52.50%,10.00%,7.50%,5.00%,,,,,,,,,
COURSE TOTAL:,23,36,10,5,3,77,2.922,0,0,0,2,0,79,
"",29.87%,46.75%,12.99%,6.49%,3.90%,,,,,,,,,
ISTM-320-501,34,6,0,0,0,40,3.756,0,0,0,1,0,41,SCIALDONE M
"",85.00%,15.00%,0.00%,0.00%,0.00%,,,,,,,,,
ISTM-320-502,12,27,2,0,0,41,3.243,0,0,0,0,0,41,BEATTY R
"",29.27%,65.85%,4.88%,0.00%,0.00%,,,,,,,,,
COURSE TOTAL:,46,33,2,0,0,81,3.500,0,0,0,1,0,82,
"",56.79%,40.74%,2.47%,0.00%,0.00%,,,,,,,,,
ISTM-325-500,5,5,2,1,1,14,2.857,0,0,0,1,0,15,GOMILLION D
"",35.71%,35.71%,14.29%,7.14%,7.14%,,,,,,,,,
COURSE TOTAL:,5,5,2,1,1,14,2.857,0,0,0,1,0,15,
"",35.71%,35.71%,14.29%,7.14%,7.14%,,,,,,,,,
ISTM-360-501,5,7,2,1,0,15,3.066,0,0,0,0,0,15,KETZENBERG M
"",33.33%,46.67%,13.33%,6.67%,0.00%,,,,,,,,,
COURSE TOTAL:,5,7,2,1,0,15,3.066,0,0,0,0,0,15,
"",33.33%,46.67%,13.33%,6.67%,0.00%,,,,,,,,,
ISTM-410-901,22,3,1,0,0,26,3.807,0,0,0,0,0,26,AASI P
"",84.62%,11.54%,3.85%,0.00%,0.00%,,,,,,,,,
ISTM-410-902,19,6,0,0,0,25,3.760,0,0,0,0,0,25,AASI P
"",76.00%,24.00%,0.00%,0.00%,0.00%,,,,,,,,,
ISTM-410-903,16,6,0,0,0,22,3.727,0,0,0,0,0,22,AASI P
"",72.73%,27.27%,0.00%,0.00%,0.00%,,,,,,,,,
COURSE TOTAL:,57,15,1,0,0,73,3.767,0,0,0,0,0,73,
"",78.08%,20.55%,1.37%,0.00%,0.00%,,,,,,,,,
ISTM-415-501,29,5,2,1,0,37,3.675,0,0,0,0,0,37,JASPERSON J
"",78.38%,13.51%,5.41%,2.70%,0.00%,,,,,,,,,
ISTM-415-502,30,5,1,1,0,37,3.729,0,0,0,1,0,38,JASPERSON J
"",81.08%,13.51%,2.70%,2.70%,0.00%,,,,,,,,,
COURSE TOTAL:,59,10,3,2,0,74,3.702,0,0,0,1,0,75,
"",79.73%,13.51%,4.05%,2.70%,0.00%,,,,,,,,,
ISTM-455-500,16,8,1,0,0,25,3.600,0,0,0,0,0,25,WHITTEN G
"",64.00%,32.00%,4.00%,0.00%,0.00%,,,,,,,,,
COURSE TOTAL:,16,8,1,0,0,25,3.600,0,0,0,0,0,25,
"",64.00%,32.00%,4.00%,0.00%,0.00%,,,,,,,,,
ISTM-489-501,24,0,0,0,0,24,4.000,0,0,0,0,0,24,HINDS K
"",100.00%,0.00%,0.00%,0.00%,0.00%,,,,,,,,,
ISTM-489-502,1,3,1,0,0,5,3.000,0,0,0,2,0,7,KETZENBERG M
"",20.00%,60.00%,20.00%,0.00%,0.00%,,,,,,,,,
COURSE TOTAL:,25,3,1,0,0,29,3.827,0,0,0,2,0,31,
"",86.21%,10.34%,3.45%,0.00%,0.00%,,,,,,,,,
ISTM-601-601,6,3,2,0,0,11,3.363,0,0,0,0,0,11,PHINNEY T
"",54.55%,27.27%,18.18%,0.00%,0.00%,,,,,,,,,
COURSE TOTAL:,6,3,2,0,0,11,3.363,0,0,0,0,0,11,
"",54.55%,27.27%,18.18%,0.00%,0.00%,,,,,,,,,
ISTM-620-601,17,11,0,0,0,28,3.607,0,0,0,0,0,28,BEATTY R
"",60.71%,39.29%,0.00%,0.00%,0.00%,,,,,,,,,
COURSE TOTAL:,17,11,0,0,0,28,3.607,0,0,0,0,0,28,
"",60.71%,39.29%,0.00%,0.00%,0.00%,,,,,,,,,
ISTM-630-601,21,19,0,0,0,40,3.525,0,0,0,0,0,40,WHITTEN G
"",52.50%,47.50%,0.00%,0.00%,0.00%,,,,,,,,,
COURSE TOTAL:,21,19,0,0,0,40,3.525,0,0,0,0,0,40,
"",52.50%,47.50%,0.00%,0.00%,0.00%,,,,,,,,,
ISTM-631-601,26,7,0,0,0,33,3.787,0,0,0,0,0,33,SCIALDONE M
"",78.79%,21.21%,0.00%,0.00%,0.00%,,,,,,,,,
ISTM-631-602,37,2,0,0,0,39,3.948,0,0,0,0,0,39,SCIALDONE M
"",94.87%,5.13%,0.00%,0.00%,0.00%,,,,,,,,,
ISTM-631-603,40,0,0,0,0,40,4.000,0,0,0,0,0,40,SCIALDONE M
"",100.00%,0.00%,0.00%,0.00%,0.00%,,,,,,,,,
COURSE TOTAL:,103,9,0,0,0,112,3.919,0,0,0,0,0,112,
"",91.96%,8.04%,0.00%,0.00%,0.00%,,,,,,,,,
ISTM-635-601,20,16,0,0,0,36,3.555,0,0,0,0,0,36,SEN R
"",55.56%,44.44%,0.00%,0.00%,0.00%,,,,,,,,,
ISTM-635-602,13,22,0,0,0,35,3.371,0,0,0,0,0,35,SEN R
"",37.14%,62.86%,0.00%,0.00%,0.00%,,,,,,,,,
ISTM-635-701,14,5,1,0,0,20,3.650,0,0,0,0,0,20,SEN R
"",70.00%,25.00%,5.00%,0.00%,0.00%,,,,,,,,,
COURSE TOTAL:,47,43,1,0,0,91,3.505,0,0,0,0,0,91,
"",51.65%,47.25%,1.10%,0.00%,0.00%,,,,,,,,,
ISTM-637-650,14,2,0,0,0,16,3.875,0,0,0,0,0,16,JOHNSTON J
"",87.50%,12.50%,0.00%,0.00%,0.00%,,,,,,,,,
ISTM-637-700,11,9,0,0,0,20,3.550,0,0,0,0,0,20,ZHANG B
"",55.00%,45.00%,0.00%,0.00%,0.00%,,,,,,,,,
ISTM-637-701,36,0,0,0,0,36,4.000,1,0,0,0,0,37,JOHNSTON J
"",100.00%,0.00%,0.00%,0.00%,0.00%,,,,,,,,,
COURSE TOTAL:,61,11,0,0,0,72,3.847,1,0,0,0,0,73,
"",84.72%,15.28%,0.00%,0.00%,0.00%,,,,,,,,,
ISTM-643-601,36,1,0,0,0,37,3.972,0,0,0,0,0,37,JAMIESON T
"",97.30%,2.70%,0.00%,0.00%,0.00%,,,,,,,,,
ISTM-643-602,38,0,0,0,0,38,4.000,0,0,0,0,0,38,JAMIESON T
"",100.00%,0.00%,0.00%,0.00%,0.00%,,,,,,,,,
COURSE TOTAL:,74,1,0,0,0,75,3.986,0,0,0,0,0,75,
"",98.67%,1.33%,0.00%,0.00%,0.00%,,,,,,,,,
ISTM-645-701,18,3,0,0,0,21,3.857,0,0,0,0,0,21,WHITTEN G
"",85.71%,14.29%,0.00%,0.00%,0.00%,,,,,,,,,
COURSE TOTAL:,18,3,0,0,0,21,3.857,0,0,0,0,0,21,
"",85.71%,14.29%,0.00%,0.00%,0.00%,,,,,,,,,
ISTM-650-600,15,5,0,0,0,20,3.750,0,0,0,0,0,20,ZHANG B
"",75.00%,25.00%,0.00%,0.00%,0.00%,,,,,,,,,
ISTM-650-701,12,8,0,0,0,20,3.600,0,0,0,0,0,20,ZHANG B
"",60.00%,40.00%,0.00%,0.00%,0.00%,,,,,,,,,
COURSE TOTAL:,27,13,0,0,0,40,3.675,0,0,0,0,0,40,
"",67.50%,32.50%,0.00%,0.00%,0.00%,,,,,,,,,
ISTM-655-600,16,0,0,0,0,16,4.000,0,0,0,0,0,16,WHITTEN G
"",100.00%,0.00%,0.00%,0.00%,0.00%,,,,,,,,,
COURSE TOTAL:,16,0,0,0,0,16,4.000,0,0,0,0,0,16,
"",100.00%,0.00%,0.00%,0.00%,0.00%,,,,,,,,,
ISTM-660-601,11,6,3,0,0,20,3.400,0,0,0,0,0,20,KETZENBERG M
"",55.00%,30.00%,15.00%,0.00%,0.00%,,,,,,,,,
COURSE TOTAL:,11,6,3,0,0,20,3.400,0,0,0,0,0,20,
"",55.00%,30.00%,15.00%,0.00%,0.00%,,,,,,,,,
ISTM-689-601,7,7,0,0,0,14,3.500,0,0,0,0,0,14,GOMILLION D
"",50.00%,50.00%,0.00%,0.00%,0.00%,,,,,,,,,
ISTM-689-602,16,5,2,0,0,23,3.608,0,0,0,0,0,23,KETZENBERG M
"",69.57%,21.74%,8.70%,0.00%,0.00%,,,,,,,,,
ISTM-689-603,18,2,0,0,0,20,3.900,0,0,0,0,0,20,STECH J
"",90.00%,10.00%,0.00%,0.00%,0.00%,,,,,,,,,
COURSE TOTAL:,41,14,2,0,0,57,3.684,0,0,0,0,0,57,
"",71.93%,24.56%,3.51%,0.00%,0.00%,,,,,,,,,
ISTM-705-600,54,6,1,0,0,61,3.868,0,0,0,0,0,61,SCIALDONE M
"",88.52%,9.84%,1.64%,0.00%,0.00%,,,,,,,,,
COURSE TOTAL:,54,6,1,0,0,61,3.868,0,0,0,0,0,61,
"",88.52%,9.84%,1.64%,0.00%,0.00%,,,,,,,,,
SCMT-300-901,28,0,0,0,0,28,4.000,0,0,0,0,0,28,JOHNSON R
"",100.00%,0.00%,0.00%,0.00%,0.00%,,,,,,,,,
SCMT-300-902,26,0,0,0,0,26,4.000,0,0,0,1,0,27,JOHNSON R
"",100.00%,0.00%,0.00%,0.00%,0.00%,,,,,,,,,
COURSE TOTAL:,54,0,0,0,0,54,4.000,0,0,0,1,0,55,
"",100.00%,0.00%,0.00%,0.00%,0.00%,,,,,,,,,
SCMT-335-502,13,7,1,0,0,21,3.571,0,0,0,0,0,21,AGRAWAL A
"",61.90%,33.33%,4.76%,0.00%,0.00%,,,,,,,,,
SCMT-335-503,18,5,1,0,0,24,3.708,0,0,0,0,0,24,AGRAWAL A
"",75.00%,20.83%,4.17%,0.00%,0.00%,,,,,,,,,
COURSE TOTAL:,31,12,2,0,0,45,3.644,0,0,0,0,0,45,
"",68.89%,26.67%,4.44%,0.00%,0.00%,,,,,,,,,
SCMT-336-501,15,9,4,4,0,32,3.093,0,0,0,3,0,35,RANGAN S
"",46.88%,28.13%,12.50%,12.50%,0.00%,,,,,,,,,
COURSE TOTAL:,15,9,4,4,0,32,3.093,0,0,0,3,0,35,
"",46.88%,28.13%,12.50%,12.50%,0.00%,,,,,,,,,
SCMT-340-501,14,15,6,0,0,35,3.228,0,0,0,0,0,35,PAPPU M
"",40.00%,42.86%,17.14%,0.00%,0.00%,,,,,,,,,
SCMT-340-502,21,11,3,0,0,35,3.514,0,0,0,0,0,35,PAPPU M
"",60.00%,31.43%,8.57%,0.00%,0.00%,,,,,,,,,
COURSE TOTAL:,35,26,9,0,0,70,3.371,0,0,0,0,0,70,
"",50.00%,37.14%,12.86%,0.00%,0.00%,,,,,,,,,
SCMT-345-501,23,1,0,0,0,24,3.958,0,0,0,0,0,24,ZHAO X
"",95.83%,4.17%,0.00%,0.00%,0.00%,,,,,,,,,
SCMT-345-502,20,4,1,0,0,25,3.760,0,0,0,0,0,25,ZHAO X
"",80.00%,16.00%,4.00%,0.00%,0.00%,,,,,,,,,
SCMT-345-503,6,4,2,2,0,14,3.000,0,0,0,1,0,15,ANGELUS A
"",42.86%,28.57%,14.29%,14.29%,0.00%,,,,,,,,,
COURSE TOTAL:,49,9,3,2,0,63,3.666,0,0,0,1,0,64,
"",77.78%,14.29%,4.76%,3.17%,0.00%,,,,,,,,,
SCMT-361-501,15,10,4,0,0,29,3.379,0,0,0,0,0,29,ARREOLA-RISA A
"",51.72%,34.48%,13.79%,0.00%,0.00%,,,,,,,,,
SCMT-361-502,13,10,7,0,0,30,3.200,0,0,0,0,0,30,ARREOLA-RISA A
"",43.33%,33.33%,23.33%,0.00%,0.00%,,,,,,,,,
COURSE TOTAL:,28,20,11,0,0,59,3.288,0,0,0,0,0,59,
"",47.46%,33.90%,18.64%,0.00%,0.00%,,,,,,,,,
SCMT-364-201,14,0,0,1,0,15,3.800,0,0,0,0,0,15,BRANN J
"",93.33%,0.00%,0.00%,6.67%,0.00%,,,,,,,,,
SCMT-364-501,16,8,5,2,0,31,3.225,0,0,0,1,0,32,SKRISKANDARAJAH C
"",51.61%,25.81%,16.13%,6.45%,0.00%,,,,,,,,,
SCMT-364-502,16,11,3,1,0,31,3.354,0,0,0,1,0,32,SKRISKANDARAJAH C
"",51.61%,35.48%,9.68%,3.23%,0.00%,,,,,,,,,
SCMT-364-503,146,51,9,1,2,209,3.617,0,0,0,1,0,210,ABBEY J
"",69.86%,24.40%,4.31%,0.48%,0.96%,,,,,,,,,
SCMT-364-504,154,41,11,0,0,206,3.694,0,0,0,4,0,210,ABBEY J
"",74.76%,19.90%,5.34%,0.00%,0.00%,,,,,,,,,
SCMT-364-505,30,15,1,0,0,46,3.630,0,0,0,0,0,46,KEYVANSHOKOOH E
"",65.22%,32.61%,2.17%,0.00%,0.00%,,,,,,,,,
SCMT-364-506,27,14,4,0,0,45,3.511,0,0,0,0,0,45,KEYVANSHOKOOH E
"",60.00%,31.11%,8.89%,0.00%,0.00%,,,,,,,,,
SCMT-364-508,34,1,0,0,0,35,3.971,0,0,0,0,0,35,ZHU Q
"",97.14%,2.86%,0.00%,0.00%,0.00%,,,,,,,,,
COURSE TOTAL:,437,141,33,5,2,618,3.627,0,0,0,7,0,625,
"",70.71%,22.82%,5.34%,0.81%,0.32%,,,,,,,,,
SCMT-375-599,30,7,0,0,0,37,3.810,0,0,0,0,0,37,WHITTEN G
"",81.08%,18.92%,0.00%,0.00%,0.00%,,,,,,,,,
COURSE TOTAL:,30,7,0,0,0,37,3.810,0,0,0,0,0,37,
"",81.08%,18.92%,0.00%,0.00%,0.00%,,,,,,,,,
SCMT-380-501,20,0,0,0,0,20,4.000,0,0,0,0,0,20,ARUMUGAM R
"",100.00%,0.00%,0.00%,0.00%,0.00%,,,,,,,,,
COURSE TOTAL:,20,0,0,0,0,20,4.000,0,0,0,0,0,20,
"",100.00%,0.00%,0.00%,0.00%,0.00%,,,,,,,,,
SCMT-390-501,19,6,0,0,0,25,3.760,0,0,0,0,0,25,STECH J
"",76.00%,24.00%,0.00%,0.00%,0.00%,,,,,,,,,
COURSE TOTAL:,19,6,0,0,0,25,3.760,0,0,0,0,0,25,
"",76.00%,24.00%,0.00%,0.00%,0.00%,,,,,,,,,
SCMT-455-500,4,5,0,0,0,9,3.444,0,0,0,0,0,9,WHITTEN G
"",44.44%,55.56%,0.00%,0.00%,0.00%,,,,,,,,,
COURSE TOTAL:,4,5,0,0,0,9,3.444,0,0,0,0,0,9,
"",44.44%,55.56%,0.00%,0.00%,0.00%,,,,,,,,,
SCMT-465-501,15,15,0,0,0,30,3.500,0,0,0,0,0,30,JAMIESON T
"",50.00%,50.00%,0.00%,0.00%,0.00%,,,,,,,,,
SCMT-465-502,21,15,0,0,0,36,3.583,0,0,0,0,0,36,HEIM G
"",58.33%,41.67%,0.00%,0.00%,0.00%,,,,,,,,,
COURSE TOTAL:,36,30,0,0,0,66,3.545,0,0,0,0,0,66,
"",54.55%,45.45%,0.00%,0.00%,0.00%,,,,,,,,,
SCMT-468-501,7,4,3,0,0,14,3.285,0,0,0,2,0,16,BOONE T
"",50.00%,28.57%,21.43%,0.00%,0.00%,,,,,,,,,
COURSE TOTAL:,7,4,3,0,0,14,3.285,0,0,0,2,0,16,
"",50.00%,28.57%,21.43%,0.00%,0.00%,,,,,,,,,
SCMT-469-501,7,0,0,0,0,7,4.000,0,0,0,0,0,7,PAPPU M
"",100.00%,0.00%,0.00%,0.00%,0.00%,,,,,,,,,
COURSE TOTAL:,7,0,0,0,0,7,4.000,0,0,0,0,0,7,
"",100.00%,0.00%,0.00%,0.00%,0.00%,,,,,,,,,
SCMT-614-661,20,12,0,0,0,32,3.625,9,0,0,0,0,41,METTERS R
"",62.50%,37.50%,0.00%,0.00%,0.00%,,,,,,,,,
COURSE TOTAL:,20,12,0,0,0,32,3.625,9,0,0,0,0,41,
"",62.50%,37.50%,0.00%,0.00%,0.00%,,,,,,,,,
SCMT-616-651,29,3,0,0,0,32,3.906,0,0,0,0,0,32,KOUFTEROS X
"",90.63%,9.38%,0.00%,0.00%,0.00%,,,,,,,,,
SCMT-616-751,7,0,0,0,0,7,4.000,0,0,0,0,0,7,KOUFTEROS X
"",100.00%,0.00%,0.00%,0.00%,0.00%,,,,,,,,,
COURSE TOTAL:,36,3,0,0,0,39,3.923,0,0,0,0,0,39,
"",92.31%,7.69%,0.00%,0.00%,0.00%,,,,,,,,,
SCMT-705-600,23,25,10,2,1,61,3.098,0,0,0,0,0,61,ANGELUS A
"",37.70%,40.98%,16.39%,3.28%,1.64%,,,,,,,,,
COURSE TOTAL:,23,25,10,2,1,61,3.098,0,0,0,0,0,61
"",37.70%,40.98%,16.39%,3.28%,1.64%,,,,,,,,
DEPARTMENT TOTAL:,2427,1264,323,70,26,4110,3.452,11,0,0,81,0,4202
"",59.05%,30.75%,7.86%,1.70%,0.63%,,,,,,,,
MGMT-209-598,131,171,98,17,13,430,2.906,0,0,0,17,0,447,RICCIARDELLO J
"",30.47%,39.77%,22.79%,3.95%,3.02%,,,,,,,,,
MGMT-209-599,120,209,94,9,6,438,2.977,1,0,0,9,0,448,RICCIARDELLO J
"",27.40%,47.72%,21.46%,2.05%,1.37%,,,,,,,,,
COURSE TOTAL:,251,380,192,26,19,868,2.942,1,0,0,26,0,895,
"",28.92%,43.78%,22.12%,3.00%,2.19%,,,,,,,,,
MGMT-309-598,123,187,113,12,1,436,2.961,1,0,0,16,0,453,WESNER B
"",28.21%,42.89%,25.92%,2.75%,0.23%,,,,,,,,,
MGMT-309-599,106,209,107,10,2,434,2.937,0,0,0,17,0,451,WESNER B
"",24.42%,48.16%,24.65%,2.30%,0.46%,,,,,,,,,
COURSE TOTAL:,229,396,220,22,3,870,2.949,1,0,0,33,0,904,
"",26.32%,45.52%,25.29%,2.53%,0.34%,,,,,,,,,
MGMT-311-200,11,8,0,0,0,19,3.578,0,0,0,0,0,19,HAILEY C
"",57.89%,42.11%,0.00%,0.00%,0.00%,,,,,,,,,
MGMT-311-501,99,156,113,39,5,412,2.740,1,0,0,21,0,434,HAILEY C
"",24.03%,37.86%,27.43%,9.47%,1.21%,,,,,,,,,
MGMT-311-502,56,82,54,14,1,207,2.859,1,0,0,12,0,220,HAILEY C
"",27.05%,39.61%,26.09%,6.76%,0.48%,,,,,,,,,
COURSE TOTAL:,166,246,167,53,6,638,2.804,2,0,0,33,0,673,
"",26.02%,38.56%,26.18%,8.31%,0.94%,,,,,,,,,
MGMT-312-500,33,26,22,9,1,91,2.890,0,0,0,4,0,95,SCHWARTZ M
"",36.26%,28.57%,24.18%,9.89%,1.10%,,,,,,,,,
COURSE TOTAL:,33,26,22,9,1,91,2.890,0,0,0,4,0,95,
"",36.26%,28.57%,24.18%,9.89%,1.10%,,,,,,,,,
MGMT-363-201,14,4,0,0,0,18,3.777,0,0,0,0,1,19,CALL M
"",77.78%,22.22%,0.00%,0.00%,0.00%,,,,,,,,,
MGMT-363-202,18,3,0,0,0,21,3.857,0,0,0,0,0,21,CALL M
"",85.71%,14.29%,0.00%,0.00%,0.00%,,,,,,,,,
MGMT-363-501,135,187,98,19,5,444,2.963,1,0,0,9,0,454,FAULK L
"",30.41%,42.12%,22.07%,4.28%,1.13%,,,,,,,,,
MGMT-363-502,111,213,97,20,5,446,2.908,0,0,0,5,0,451,FAULK L
"",24.89%,47.76%,21.75%,4.48%,1.12%,,,,,,,,,
COURSE TOTAL:,278,407,195,39,10,929,2.973,1,0,0,14,1,945,
"",29.92%,43.81%,20.99%,4.20%,1.08%,,,,,,,,,
MGMT-372-501,19,12,5,0,0,36,3.388,0,0,0,0,0,36,ESSMAN S
"",52.78%,33.33%,13.89%,0.00%,0.00%,,,,,,,,,
MGMT-372-502,17,12,1,0,0,30,3.533,0,0,0,0,0,30,ZHAO Q
"",56.67%,40.00%,3.33%,0.00%,0.00%,,,,,,,,,
COURSE TOTAL:,36,24,6,0,0,66,3.454,0,0,0,0,0,66,
"",54.55%,36.36%,9.09%,0.00%,0.00%,,,,,,,,,
MGMT-373-901,14,9,1,0,0,24,3.541,0,0,0,1,0,25,KIM S
"",58.33%,37.50%,4.17%,0.00%,0.00%,,,,,,,,,
MGMT-373-902,19,5,1,0,0,25,3.720,0,0,0,0,0,25,KIM S
"",76.00%,20.00%,4.00%,0.00%,0.00%,,,,,,,,,
MGMT-373-903,12,14,0,0,0,26,3.461,0,0,0,0,0,26,BOSWELL W
"",46.15%,53.85%,0.00%,0.00%,0.00%,,,,,,,,,
MGMT-373-904,16,10,0,0,0,26,3.615,0,0,0,0,0,26,ROGERS G
"",61.54%,38.46%,0.00%,0.00%,0.00%,,,,,,,,,
MGMT-373-905,11,14,0,0,0,25,3.440,0,0,0,0,0,25,ROGERS G
"",44.00%,56.00%,0.00%,0.00%,0.00%,,,,,,,,,
COURSE TOTAL:,72,52,2,0,0,126,3.555,0,0,0,1,0,127,
"",57.14%,41.27%,1.59%,0.00%,0.00%,,,,,,,,,
MGMT-376-501,10,10,0,0,0,20,3.500,0,0,0,0,0,20,HOEMPLER E
"",50.00%,50.00%,0.00%,0.00%,0.00%,,,,,,,,,
MGMT-376-502,6,9,0,0,0,15,3.400,0,0,0,1,0,16,THORNTON P
"",40.00%,60.00%,0.00%,0.00%,0.00%,,,,,,,,,
COURSE TOTAL:,16,19,0,0,0,35,3.457,0,0,0,1,0,36,
"",45.71%,54.29%,0.00%,0.00%,0.00%,,,,,,,,,
MGMT-421-500,31,14,0,1,0,46,3.630,0,0,0,0,0,46,WESNER K
"",67.39%,30.43%,0.00%,2.17%,0.00%,,,,,,,,,
COURSE TOTAL:,31,14,0,1,0,46,3.630,0,0,0,0,0,46,
"",67.39%,30.43%,0.00%,2.17%,0.00%,,,,,,,,,
MGMT-422-501,20,16,4,0,1,41,3.317,0,0,0,1,0,42,MCFARLAND K
"",48.78%,39.02%,9.76%,0.00%,2.44%,,,,,,,,,
MGMT-422-502,16,25,2,0,0,43,3.325,0,0,0,0,0,43,MCFARLAND K
"",37.21%,58.14%,4.65%,0.00%,0.00%,,,,,,,,,
COURSE TOTAL:,36,41,6,0,1,84,3.321,0,0,0,1,0,85,
"",42.86%,48.81%,7.14%,0.00%,1.19%,,,,,,,,,
MGMT-424-501,33,7,0,0,0,40,3.825,0,0,0,0,0,40,CHAMBERS B
"",82.50%,17.50%,0.00%,0.00%,0.00%,,,,,,,,,
MGMT-424-502,32,6,0,0,0,38,3.842,0,0,0,0,0,38,CHAMBERS B
"",84.21%,15.79%,0.00%,0.00%,0.00%,,,,,,,,,
COURSE TOTAL:,65,13,0,0,0,78,3.833,0,0,0,0,0,78,
"",83.33%,16.67%,0.00%,0.00%,0.00%,,,,,,,,,
MGMT-430-500,14,18,8,0,0,40,3.150,0,0,0,1,0,41,SCHWARTZ M
"",35.00%,45.00%,20.00%,0.00%,0.00%,,,,,,,,,
COURSE TOTAL:,14,18,8,0,0,40,3.150,0,0,0,1,0,41,
"",35.00%,45.00%,20.00%,0.00%,0.00%,,,,,,,,,
MGMT-435-500,7,16,0,0,0,23,3.304,0,0,0,0,0,23,BIERMAN L
"",30.43%,69.57%,0.00%,0.00%,0.00%,,,,,,,,,
COURSE TOTAL:,7,16,0,0,0,23,3.304,0,0,0,0,0,23,
"",30.43%,69.57%,0.00%,0.00%,0.00%,,,,,,,,,
MGMT-439-501,16,14,1,0,0,31,3.483,0,0,0,0,0,31,ONG M
"",51.61%,45.16%,3.23%,0.00%,0.00%,,,,,,,,,
MGMT-439-502,7,16,2,1,0,26,3.115,0,0,0,0,0,26,WESNER K
"",26.92%,61.54%,7.69%,3.85%,0.00%,,,,,,,,,
MGMT-439-503,15,17,1,0,0,33,3.424,0,0,0,0,0,33,ONG M
"",45.45%,51.52%,3.03%,0.00%,0.00%,,,,,,,,,
MGMT-439-504,12,14,5,1,0,32,3.156,0,0,0,0,0,32,WESNER K
"",37.50%,43.75%,15.63%,3.13%,0.00%,,,,,,,,,
COURSE TOTAL:,50,61,9,2,0,122,3.303,0,0,0,0,0,122,
"",40.98%,50.00%,7.38%,1.64%,0.00%,,,,,,,,,
MGMT-440-500,24,22,0,0,0,46,3.521,0,0,0,0,0,46,LI T
"",52.17%,47.83%,0.00%,0.00%,0.00%,,,,,,,,,
COURSE TOTAL:,24,22,0,0,0,46,3.521,0,0,0,0,0,46,
"",52.17%,47.83%,0.00%,0.00%,0.00%,,,,,,,,,
MGMT-450-200,5,0,0,0,0,5,4.000,0,0,0,0,0,5,FLINT G
"",100.00%,0.00%,0.00%,0.00%,0.00%,,,,,,,,,
MGMT-450-501,4,22,12,0,0,38,2.789,0,0,0,0,0,38,MAHAJAN V
"",10.53%,57.89%,31.58%,0.00%,0.00%,,,,,,,,,
MGMT-450-502,17,13,4,3,0,37,3.189,0,0,0,2,0,39,MAHAJAN V
"",45.95%,35.14%,10.81%,8.11%,0.00%,,,,,,,,,
MGMT-450-503,15,9,3,1,0,28,3.357,0,0,0,0,0,28,PANINA D
"",53.57%,32.14%,10.71%,3.57%,0.00%,,,,,,,,,
COURSE TOTAL:,41,44,19,4,0,108,3.129,0,0,0,2,0,110,
"",37.96%,40.74%,17.59%,3.70%,0.00%,,,,,,,,,
MGMT-460-500,26,12,1,0,0,39,3.641,0,0,0,0,0,39,SANCHEZ J
"",66.67%,30.77%,2.56%,0.00%,0.00%,,,,,,,,,
COURSE TOTAL:,26,12,1,0,0,39,3.641,0,0,0,0,0,39,
"",66.67%,30.77%,2.56%,0.00%,0.00%,,,,,,,,,
MGMT-464-500,10,13,0,0,0,23,3.434,0,0,0,0,0,23,BIERMAN L
"",43.48%,56.52%,0.00%,0.00%,0.00%,,,,,,,,,
COURSE TOTAL:,10,13,0,0,0,23,3.434,0,0,0,0,0,23,
"",43.48%,56.52%,0.00%,0.00%,0.00%,,,,,,,,,
MGMT-466-200,22,12,0,0,0,34,3.647,0,0,0,0,0,34,BOIVIE S
"",64.71%,35.29%,0.00%,0.00%,0.00%,,,,,,,,,
MGMT-466-501,23,21,0,0,0,44,3.522,0,0,0,0,0,44,SEO H
"",52.27%,47.73%,0.00%,0.00%,0.00%,,,,,,,,,
MGMT-466-502,20,24,1,0,0,45,3.422,0,0,0,0,0,45,LEE Y
"",44.44%,53.33%,2.22%,0.00%,0.00%,,,,,,,,,
MGMT-466-503,22,22,0,0,0,44,3.500,0,0,0,0,0,44,SEO H
"",50.00%,50.00%,0.00%,0.00%,0.00%,,,,,,,,,
MGMT-466-504,15,30,0,0,0,45,3.333,0,0,0,0,0,45,LEE Y
"",33.33%,66.67%,0.00%,0.00%,0.00%,,,,,,,,,
MGMT-466-505,21,24,0,0,0,45,3.466,0,0,0,0,0,45,SEO H
"",46.67%,53.33%,0.00%,0.00%,0.00%,,,,,,,,,
MGMT-466-506,19,21,4,2,0,46,3.239,0,0,0,0,0,46,MCFARLAND K
"",41.30%,45.65%,8.70%,4.35%,0.00%,,,,,,,,,
MGMT-466-507,5,33,6,0,0,44,2.977,0,0,0,0,0,44,STEVENS J
"",11.36%,75.00%,13.64%,0.00%,0.00%,,,,,,,,,
MGMT-466-508,13,25,7,0,0,45,3.133,0,0,0,0,0,45,BOIVIE S
"",28.89%,55.56%,15.56%,0.00%,0.00%,,,,,,,,,
MGMT-466-509,19,19,6,1,0,45,3.244,0,0,0,0,0,45,MAHAJAN V
"",42.22%,42.22%,13.33%,2.22%,0.00%,,,,,,,,,
MGMT-466-510,19,15,2,0,0,36,3.472,0,0,0,0,0,36,YONISH L
"",52.78%,41.67%,5.56%,0.00%,0.00%,,,,,,,,,
MGMT-466-511,13,16,4,0,0,33,3.272,0,0,0,0,0,33,BASU THAKUR Y
"",39.39%,48.48%,12.12%,0.00%,0.00%,,,,,,,,,
MGMT-466-512,16,27,1,0,0,44,3.340,0,0,0,0,0,44,DWIVEDI P
"",36.36%,61.36%,2.27%,0.00%,0.00%,,,,,,,,,
MGMT-466-513,39,6,0,0,0,45,3.866,0,0,0,0,0,45,SANCHEZ J
"",86.67%,13.33%,0.00%,0.00%,0.00%,,,,,,,,,
COURSE TOTAL:,266,295,31,3,0,595,3.384,0,0,0,0,0,595,
"",44.71%,49.58%,5.21%,0.50%,0.00%,,,,,,,,,
MGMT-470-500,5,28,8,0,0,41,2.926,0,0,0,0,0,41,STEVENS J
"",12.20%,68.29%,19.51%,0.00%,0.00%,,,,,,,,,
COURSE TOTAL:,5,28,8,0,0,41,2.926,0,0,0,0,0,41,
"",12.20%,68.29%,19.51%,0.00%,0.00%,,,,,,,,,
MGMT-475-501,22,9,1,1,0,33,3.575,0,0,0,0,0,33,KIM J
"",66.67%,27.27%,3.03%,3.03%,0.00%,,,,,,,,,
MGMT-475-502,19,12,7,0,0,38,3.315,0,0,0,0,0,38,KIM J
"",50.00%,31.58%,18.42%,0.00%,0.00%,,,,,,,,,
COURSE TOTAL:,41,21,8,1,0,71,3.436,0,0,0,0,0,71,
"",57.75%,29.58%,11.27%,1.41%,0.00%,,,,,,,,,
MGMT-478-500,13,10,1,0,0,24,3.500,0,0,0,0,0,24,THORNTON P
"",54.17%,41.67%,4.17%,0.00%,0.00%,,,,,,,,,
COURSE TOTAL:,13,10,1,0,0,24,3.500,0,0,0,0,0,24,
"",54.17%,41.67%,4.17%,0.00%,0.00%,,,,,,,,,
MGMT-611-651,29,3,0,0,0,32,3.906,0,0,0,0,0,32,RICE S
"",90.63%,9.38%,0.00%,0.00%,0.00%,,,,,,,,,
MGMT-611-751,6,1,0,0,0,7,3.857,0,0,0,0,0,7,RICE S
"",85.71%,14.29%,0.00%,0.00%,0.00%,,,,,,,,,
COURSE TOTAL:,35,4,0,0,0,39,3.897,0,0,0,0,0,39,
"",89.74%,10.26%,0.00%,0.00%,0.00%,,,,,,,,,
MGMT-618-661,34,1,0,0,0,35,3.971,0,0,0,0,0,35,SANCHEZ J
"",97.14%,2.86%,0.00%,0.00%,0.00%,,,,,,,,,
COURSE TOTAL:,34,1,0,0,0,35,3.971,0,0,0,0,0,35,
"",97.14%,2.86%,0.00%,0.00%,0.00%,,,,,,,,,
MGMT-621-600,22,5,0,0,0,27,3.814,0,0,0,0,0,27,CALL M
"",81.48%,18.52%,0.00%,0.00%,0.00%,,,,,,,,,
MGMT-621-650,10,2,0,0,0,12,3.833,0,0,0,0,0,12,CALL M
"",83.33%,16.67%,0.00%,0.00%,0.00%,,,,,,,,,
MGMT-621-700,14,1,1,0,0,16,3.812,0,0,0,0,0,16,CALL M
"",87.50%,6.25%,6.25%,0.00%,0.00%,,,,,,,,,
COURSE TOTAL:,46,8,1,0,0,55,3.818,0,0,0,0,0,55,
"",83.64%,14.55%,1.82%,0.00%,0.00%,,,,,,,,,
MGMT-622-600,18,8,0,0,0,26,3.692,0,0,0,0,0,26,LIAN H
"",69.23%,30.77%,0.00%,0.00%,0.00%,,,,,,,,,
COURSE TOTAL:,18,8,0,0,0,26,3.692,0,0,0,0,0,26,
"",69.23%,30.77%,0.00%,0.00%,0.00%,,,,,,,,,
MGMT-627-650,10,2,0,0,0,12,3.833,0,0,0,0,9,21,CHANDLER R
"",83.33%,16.67%,0.00%,0.00%,0.00%,,,,,,,,,
MGMT-627-700,6,5,0,0,0,11,3.545,0,0,0,0,2,13,CHANDLER R
"",54.55%,45.45%,0.00%,0.00%,0.00%,,,,,,,,,
COURSE TOTAL:,16,7,0,0,0,23,3.695,0,0,0,0,11,34,
"",69.57%,30.43%,0.00%,0.00%,0.00%,,,,,,,,,
MGMT-629-600,20,5,0,0,0,25,3.800,1,0,0,0,0,26,BLASOR T
"",80.00%,20.00%,0.00%,0.00%,0.00%,,,,,,,,,
COURSE TOTAL:,20,5,0,0,0,25,3.800,1,0,0,0,0,26,
"",80.00%,20.00%,0.00%,0.00%,0.00%,,,,,,,,,
MGMT-632-600,44,2,0,0,0,46,3.956,0,0,0,0,0,46,PETTY B
"",95.65%,4.35%,0.00%,0.00%,0.00%,,,,,,,,,
COURSE TOTAL:,44,2,0,0,0,46,3.956,0,0,0,0,0,46,
"",95.65%,4.35%,0.00%,0.00%,0.00%,,,,,,,,,
MGMT-636-600,7,0,0,0,0,7,4.000,0,0,0,0,0,7,LEE Y
"",100.00%,0.00%,0.00%,0.00%,0.00%,,,,,,,,,
COURSE TOTAL:,7,0,0,0,0,7,4.000,0,0,0,0,0,7,
"",100.00%,0.00%,0.00%,0.00%,0.00%,,,,,,,,,
MGMT-637-600,5,21,1,0,0,27,3.148,0,0,0,0,0,27,STEVENS J
"",18.52%,77.78%,3.70%,0.00%,0.00%,,,,,,,,,
MGMT-637-620,0,5,1,0,0,6,2.833,0,0,0,0,0,6,STEVENS J
"",0.00%,83.33%,16.67%,0.00%,0.00%,,,,,,,,,
COURSE TOTAL:,5,26,2,0,0,33,3.090,0,0,0,0,0,33,
"",15.15%,78.79%,6.06%,0.00%,0.00%,,,,,,,,,
MGMT-638-600,27,1,0,0,0,28,3.964,0,0,0,0,0,28,FLINT G
"",96.43%,3.57%,0.00%,0.00%,0.00%,,,,,,,,,
MGMT-638-620,15,1,0,0,0,16,3.937,0,0,0,0,0,16,FLINT G
"",93.75%,6.25%,0.00%,0.00%,0.00%,,,,,,,,,
COURSE TOTAL:,42,2,0,0,0,44,3.954,0,0,0,0,0,44,
"",95.45%,4.55%,0.00%,0.00%,0.00%,,,,,,,,,
MGMT-639-601,27,1,1,0,0,29,3.896,0,0,0,0,0,29,CHAMBERS B
"",93.10%,3.45%,3.45%,0.00%,0.00%,,,,,,,,,
MGMT-639-602,35,5,0,0,0,40,3.875,0,0,0,0,0,40,CHAMBERS B
"",87.50%,12.50%,0.00%,0.00%,0.00%,,,,,,,,,
MGMT-639-620,8,5,0,0,0,13,3.615,0,0,0,0,0,13,CHAMBERS B
"",61.54%,38.46%,0.00%,0.00%,0.00%,,,,,,,,,
COURSE TOTAL:,70,11,1,0,0,82,3.841,0,0,0,0,0,82,
"",85.37%,13.41%,1.22%,0.00%,0.00%,,,,,,,,,
MGMT-643-600,10,16,8,0,0,34,3.058,0,0,0,0,0,34,SCHWARTZ M
"",29.41%,47.06%,23.53%,0.00%,0.00%,,,,,,,,,
COURSE TOTAL:,10,16,8,0,0,34,3.058,0,0,0,0,0,34,
"",29.41%,47.06%,23.53%,0.00%,0.00%,,,,,,,,,
MGMT-645-652,19,4,0,0,0,23,3.826,0,0,0,0,0,23,MCGREAL P
"",82.61%,17.39%,0.00%,0.00%,0.00%,,,,,,,,,
COURSE TOTAL:,19,4,0,0,0,23,3.826,0,0,0,0,0,23,
"",82.61%,17.39%,0.00%,0.00%,0.00%,,,,,,,,,
MGMT-650-600,15,9,0,0,0,24,3.625,0,0,0,0,0,24,BIERMAN L
"",62.50%,37.50%,0.00%,0.00%,0.00%,,,,,,,,,
COURSE TOTAL:,15,9,0,0,0,24,3.625,0,0,0,0,0,24,
"",62.50%,37.50%,0.00%,0.00%,0.00%,,,,,,,,,
MGMT-655-699,57,2,0,0,0,59,3.966,0,0,0,1,0,60,ROGERS G
"",96.61%,3.39%,0.00%,0.00%,0.00%,,,,,,,,,
COURSE TOTAL:,57,2,0,0,0,59,3.966,0,0,0,1,0,60,
"",96.61%,3.39%,0.00%,0.00%,0.00%,,,,,,,,,
MGMT-658-600,27,1,1,0,0,29,3.896,0,0,0,0,0,29,SANCHEZ J
"",93.10%,3.45%,3.45%,0.00%,0.00%,,,,,,,,,
MGMT-658-620,10,4,0,0,0,14,3.714,0,0,0,0,0,14,SANCHEZ J
"",71.43%,28.57%,0.00%,0.00%,0.00%,,,,,,,,,
COURSE TOTAL:,37,5,1,0,0,43,3.837,0,0,0,0,0,43,
"",86.05%,11.63%,2.33%,0.00%,0.00%,,,,,,,,,
MGMT-673-600,2,2,1,0,0,5,3.200,0,0,0,0,0,5,PAETZOLD R
"",40.00%,40.00%,20.00%,0.00%,0.00%,,,,,,,,,
COURSE TOTAL:,2,2,1,0,0,5,3.200,0,0,0,0,0,5,
"",40.00%,40.00%,20.00%,0.00%,0.00%,,,,,,,,,
MGMT-675-600,36,8,0,0,0,44,3.818,0,0,0,0,0,44,WELCH B
"",81.82%,18.18%,0.00%,0.00%,0.00%,,,,,,,,,
MGMT-675-652,23,0,0,0,0,23,4.000,0,0,0,0,0,23,MCFARLAND K
"",100.00%,0.00%,0.00%,0.00%,0.00%,,,,,,,,,
COURSE TOTAL:,59,8,0,0,0,67,3.865,0,0,0,0,0,67,
"",88.06%,11.94%,0.00%,0.00%,0.00%,,,,,,,,,
MGMT-679-600,8,6,0,0,0,14,3.571,0,0,0,0,0,14,FLINT G
"",57.14%,42.86%,0.00%,0.00%,0.00%,,,,,,,,,
COURSE TOTAL:,8,6,0,0,0,14,3.571,0,0,0,0,0,14,
"",57.14%,42.86%,0.00%,0.00%,0.00%,,,,,,,,,
MGMT-680-601,24,19,0,0,0,43,3.558,0,0,0,0,0,43,DWIVEDI P
"",55.81%,44.19%,0.00%,0.00%,0.00%,,,,,,,,,
MGMT-680-602,21,21,1,1,0,44,3.409,0,0,0,0,0,44,DWIVEDI P
"",47.73%,47.73%,2.27%,2.27%,0.00%,,,,,,,,,
MGMT-680-650,11,10,0,0,0,21,3.523,0,0,0,0,0,21,PARUCHURI S
"",52.38%,47.62%,0.00%,0.00%,0.00%,,,,,,,,,
MGMT-680-700,5,8,0,0,0,13,3.384,0,0,0,0,0,13,PARUCHURI S
"",38.46%,61.54%,0.00%,0.00%,0.00%,,,,,,,,,
COURSE TOTAL:,61,58,1,1,0,121,3.479,0,0,0,0,0,121,
"",50.41%,47.93%,0.83%,0.83%,0.00%,,,,,,,,,
MGMT-683-600,5,1,0,0,0,6,3.833,0,0,0,0,0,6,LIAN H
"",83.33%,16.67%,0.00%,0.00%,0.00%,,,,,,,,,
COURSE TOTAL:,5,1,0,0,0,6,3.833,0,0,0,0,0,6,
"",83.33%,16.67%,0.00%,0.00%,0.00%,,,,,,,,,
MGMT-689-650,9,0,0,0,0,9,4.000,0,0,0,0,0,9,CALL M
"",100.00%,0.00%,0.00%,0.00%,0.00%,,,,,,,,,
MGMT-689-652,23,0,0,0,0,23,4.000,0,0,0,0,0,23,BOUWMAN C
"",100.00%,0.00%,0.00%,0.00%,0.00%,,,,,,,,,
COURSE TOTAL:,32,0,0,0,0,32,4.000,0,0,0,0,0,32,
"",100.00%,0.00%,0.00%,0.00%,0.00%,,,,,,,,,
MGMT-710-600,31,29,1,0,0,61,3.491,0,0,0,0,0,61,FLINT G
"",50.82%,47.54%,1.64%,0.00%,0.00%,,,,,,,,,
COURSE TOTAL:,31,29,1,0,0,61,3.491,0,0,0,0,0,61,
"",50.82%,47.54%,1.64%,0.00%,0.00%,,,,,,,,,
DEPARTMENT TOTAL:,2383,2372,911,161,40,5867,3.172,6,0,0,117,12,6002,
"",40.62%,40.43%,15.53%,2.74%,0.68%,,,,,,,,,
MKTG-321-901,12,11,1,0,0,24,3.458,0,0,0,0,0,24,LAMPO S
"",50.00%,45.83%,4.17%,0.00%,0.00%,,,,,,,,,
MKTG-321-902,11,11,2,0,0,24,3.375,0,0,0,1,0,25,LAMPO S
"",45.83%,45.83%,8.33%,0.00%,0.00%,,,,,,,,,
MKTG-321-903,9,11,0,2,0,22,3.227,0,0,0,1,0,23,LAMPO S
"",40.91%,50.00%,0.00%,9.09%,0.00%,,,,,,,,,
MKTG-321-904,11,10,2,1,0,24,3.291,0,0,0,0,0,24,LAMPO S
"",45.83%,41.67%,8.33%,4.17%,0.00%,,,,,,,,,
MKTG-321-905,2,15,4,1,1,23,2.695,0,0,0,1,0,24,LAMPO S
"",8.70%,65.22%,17.39%,4.35%,4.35%,,,,,,,,,
MKTG-321-906,9,10,3,0,0,22,3.272,0,0,0,1,0,23,LAMPO S
"",40.91%,45.45%,13.64%,0.00%,0.00%,,,,,,,,,
MKTG-321-907,8,15,1,0,0,24,3.291,0,0,0,0,0,24,LAMPO S
"",33.33%,62.50%,4.17%,0.00%,0.00%,,,,,,,,,
MKTG-321-908,10,8,4,0,0,22,3.272,0,0,0,1,0,23,LAMPO S
"",45.45%,36.36%,18.18%,0.00%,0.00%,,,,,,,,,
MKTG-321-909,11,11,2,0,0,24,3.375,0,0,0,0,0,24,LAMPO S
"",45.83%,45.83%,8.33%,0.00%,0.00%,,,,,,,,,
MKTG-321-910,11,7,4,2,1,25,3.000,0,0,0,0,0,25,LAMPO S
"",44.00%,28.00%,16.00%,8.00%,4.00%,,,,,,,,,
MKTG-321-911,7,13,2,1,0,23,3.130,0,0,0,1,0,24,LAMPO S
"",30.43%,56.52%,8.70%,4.35%,0.00%,,,,,,,,,
MKTG-321-912,6,17,0,0,0,23,3.260,0,0,0,0,0,23,LAMPO S
"",26.09%,73.91%,0.00%,0.00%,0.00%,,,,,,,,,
MKTG-321-913,5,17,2,0,0,24,3.125,0,0,0,0,0,24,LAMPO S
"",20.83%,70.83%,8.33%,0.00%,0.00%,,,,,,,,,
MKTG-321-914,11,9,5,0,0,25,3.240,0,0,0,0,0,25,LAMPO S
"",44.00%,36.00%,20.00%,0.00%,0.00%,,,,,,,,,
MKTG-321-915,12,11,2,0,0,25,3.400,0,0,0,0,0,25,LAMPO S
"",48.00%,44.00%,8.00%,0.00%,0.00%,,,,,,,,,
MKTG-321-916,11,7,6,0,0,24,3.208,0,0,0,0,0,24,LAMPO S
"",45.83%,29.17%,25.00%,0.00%,0.00%,,,,,,,,,
MKTG-321-917,7,15,1,0,1,24,3.125,0,0,0,0,0,24,LAMPO S
"",29.17%,62.50%,4.17%,0.00%,4.17%,,,,,,,,,
MKTG-321-918,6,14,4,0,0,24,3.083,0,0,0,0,0,24,LAMPO S
"",25.00%,58.33%,16.67%,0.00%,0.00%,,,,,,,,,
MKTG-321-919,8,12,3,0,0,23,3.217,0,0,0,0,0,23,LAMPO S
"",34.78%,52.17%,13.04%,0.00%,0.00%,,,,,,,,,
MKTG-321-920,11,10,3,0,0,24,3.333,0,0,0,0,0,24,LAMPO S
"",45.83%,41.67%,12.50%,0.00%,0.00%,,,,,,,,,
MKTG-321-921,12,13,0,0,0,25,3.480,0,0,0,0,0,25,LAMPO S
"",48.00%,52.00%,0.00%,0.00%,0.00%,,,,,,,,,
MKTG-321-922,12,6,5,0,0,23,3.304,0,0,0,0,0,23,LAMPO S
"",52.17%,26.09%,21.74%,0.00%,0.00%,,,,,,,,,
MKTG-321-923,8,15,1,0,0,24,3.291,0,0,0,0,0,24,LAMPO S
"",33.33%,62.50%,4.17%,0.00%,0.00%,,,,,,,,,
MKTG-321-924,8,10,4,0,0,22,3.181,0,0,0,1,0,23,LAMPO S
"",36.36%,45.45%,18.18%,0.00%,0.00%,,,,,,,,,
MKTG-321-925,11,8,2,1,1,23,3.173,0,0,0,2,0,25,LAMPO S
"",47.83%,34.78%,8.70%,4.35%,4.35%,,,,,,,,,
MKTG-321-926,7,13,4,1,0,25,3.040,0,0,0,0,0,25,LAMPO S
"",28.00%,52.00%,16.00%,4.00%,0.00%,,,,,,,,,
MKTG-321-927,5,14,3,0,0,22,3.090,0,0,0,2,0,24,LAMPO S
"",22.73%,63.64%,13.64%,0.00%,0.00%,,,,,,,,,
MKTG-321-980,32,2,1,0,0,35,3.885,0,0,0,0,0,35,PARISH J
"",91.43%,5.71%,2.86%,0.00%,0.00%,,,,,,,,,
MKTG-321-981,34,2,0,0,0,36,3.944,0,0,0,0,0,36,PARISH J
"",94.44%,5.56%,0.00%,0.00%,0.00%,,,,,,,,,
COURSE TOTAL:,307,317,71,9,4,708,3.290,0,0,0,11,0,719,
"",43.36%,44.77%,10.03%,1.27%,0.56%,,,,,,,,,
MKTG-322-502,14,7,1,0,1,23,3.434,0,0,0,0,0,23,SEIPP L
"",60.87%,30.43%,4.35%,0.00%,4.35%,,,,,,,,,
MKTG-322-503,21,8,0,0,0,29,3.724,0,0,0,0,0,29,GARCIA-RADA X
"",72.41%,27.59%,0.00%,0.00%,0.00%,,,,,,,,,
MKTG-322-504,22,7,0,0,0,29,3.758,0,0,0,0,0,29,GARCIA-RADA X
"",75.86%,24.14%,0.00%,0.00%,0.00%,,,,,,,,,
MKTG-322-505,20,8,0,0,0,28,3.714,0,0,0,1,0,29,GARCIA-RADA X
"",71.43%,28.57%,0.00%,0.00%,0.00%,,,,,,,,,
MKTG-322-507,20,7,2,0,0,29,3.620,0,0,0,1,0,30,SEIPP L
"",68.97%,24.14%,6.90%,0.00%,0.00%,,,,,,,,,
COURSE TOTAL:,97,37,3,0,1,138,3.659,0,0,0,2,0,140,
"",70.29%,26.81%,2.17%,0.00%,0.72%,,,,,,,,,
MKTG-323-501,15,10,2,0,0,27,3.481,0,0,0,0,0,27,LIU Y
"",55.56%,37.04%,7.41%,0.00%,0.00%,,,,,,,,,
MKTG-323-502,18,8,1,0,0,27,3.629,0,0,0,0,0,27,LIU Y
"",66.67%,29.63%,3.70%,0.00%,0.00%,,,,,,,,,
MKTG-323-503,21,6,0,1,0,28,3.678,0,0,0,0,0,28,LIU Y
"",75.00%,21.43%,0.00%,3.57%,0.00%,,,,,,,,,
MKTG-323-505,25,2,0,0,0,27,3.925,0,0,0,0,0,27,SEIPP L
"",92.59%,7.41%,0.00%,0.00%,0.00%,,,,,,,,,
COURSE TOTAL:,79,26,3,1,0,109,3.678,0,0,0,0,0,109,
"",72.48%,23.85%,2.75%,0.92%,0.00%,,,,,,,,,
MKTG-325-501,14,7,1,0,0,22,3.590,0,0,0,0,0,22,MCMILLAN T
"",63.64%,31.82%,4.55%,0.00%,0.00%,,,,,,,,,
MKTG-325-502,20,4,1,0,0,25,3.760,0,0,0,0,0,25,MCMILLAN T
"",80.00%,16.00%,4.00%,0.00%,0.00%,,,,,,,,,
COURSE TOTAL:,34,11,2,0,0,47,3.680,0,0,0,0,0,47,
"",72.34%,23.40%,4.26%,0.00%,0.00%,,,,,,,,,
MKTG-335-500,11,10,0,0,0,21,3.523,0,0,0,0,0,21,LORING A
"",52.38%,47.62%,0.00%,0.00%,0.00%,,,,,,,,,
MKTG-335-501,15,6,1,0,0,22,3.636,0,0,0,0,0,22,LORING A
"",68.18%,27.27%,4.55%,0.00%,0.00%,,,,,,,,,
MKTG-335-502,10,10,2,0,0,22,3.363,0,0,0,0,0,22,LORING A
"",45.45%,45.45%,9.09%,0.00%,0.00%,,,,,,,,,
MKTG-335-503,12,7,1,0,0,20,3.550,0,0,0,1,0,21,LORING A
"",60.00%,35.00%,5.00%,0.00%,0.00%,,,,,,,,,
MKTG-335-504,17,4,0,0,0,21,3.809,0,0,0,0,0,21,LORING A
"",80.95%,19.05%,0.00%,0.00%,0.00%,,,,,,,,,
MKTG-335-505,13,7,1,0,0,21,3.571,0,0,0,0,0,21,LORING A
"",61.90%,33.33%,4.76%,0.00%,0.00%,,,,,,,,,
COURSE TOTAL:,78,44,5,0,0,127,3.574,0,0,0,1,0,128,
"",61.42%,34.65%,3.94%,0.00%,0.00%,,,,,,,,,
MKTG-336-502,10,19,4,0,0,33,3.181,0,0,0,0,0,33,LEWIS D
"",30.30%,57.58%,12.12%,0.00%,0.00%,,,,,,,,,
COURSE TOTAL:,10,19,4,0,0,33,3.181,0,0,0,0,0,33,
"",30.30%,57.58%,12.12%,0.00%,0.00%,,,,,,,,,
MKTG-337-500,11,6,2,0,0,19,3.473,0,0,0,0,0,19,GAREY W
"",57.89%,31.58%,10.53%,0.00%,0.00%,,,,,,,,,
COURSE TOTAL:,11,6,2,0,0,19,3.473,0,0,0,0,0,19,
"",57.89%,31.58%,10.53%,0.00%,0.00%,,,,,,,,,
MKTG-347-501,22,10,2,0,0,34,3.588,0,0,0,0,0,34,OLSON N
"",64.71%,29.41%,5.88%,0.00%,0.00%,,,,,,,,,
MKTG-347-502,14,20,1,0,0,35,3.371,0,0,0,0,0,35,OLSON N
"",40.00%,57.14%,2.86%,0.00%,0.00%,,,,,,,,,
COURSE TOTAL:,36,30,3,0,0,69,3.478,0,0,0,0,0,69,
"",52.17%,43.48%,4.35%,0.00%,0.00%,,,,,,,,,
MKTG-401-500,10,13,5,0,0,28,3.178,0,0,0,2,0,30,LEWIS D
"",35.71%,46.43%,17.86%,0.00%,0.00%,,,,,,,,,
MKTG-401-501,11,18,2,0,0,31,3.290,0,0,0,0,0,31,LEWIS D
"",35.48%,58.06%,6.45%,0.00%,0.00%,,,,,,,,,
COURSE TOTAL:,21,31,7,0,0,59,3.237,0,0,0,2,0,61,
"",35.59%,52.54%,11.86%,0.00%,0.00%,,,,,,,,,
MKTG-404-500,23,19,2,1,0,45,3.422,0,0,0,0,0,45,RAMANI N
"",51.11%,42.22%,4.44%,2.22%,0.00%,,,,,,,,,
MKTG-404-501,25,18,1,0,0,44,3.545,0,0,0,0,0,44,RAMANI N
"",56.82%,40.91%,2.27%,0.00%,0.00%,,,,,,,,,
COURSE TOTAL:,48,37,3,1,0,89,3.483,0,0,0,0,0,89,
"",53.93%,41.57%,3.37%,1.12%,0.00%,,,,,,,,,
MKTG-409-598,63,158,104,15,10,350,2.711,0,0,0,11,0,361,TROY A
"",18.00%,45.14%,29.71%,4.29%,2.86%,,,,,,,,,
MKTG-409-599,108,178,117,22,11,436,2.802,0,0,0,9,0,445,TROY A
"",24.77%,40.83%,26.83%,5.05%,2.52%,,,,,,,,,
COURSE TOTAL:,171,336,221,37,21,786,2.762,0,0,0,20,0,806,
"",21.76%,42.75%,28.12%,4.71%,2.67%,,,,,,,,,
MKTG-425-500,22,6,0,0,0,28,3.785,0,0,0,1,0,29,MCMILLAN T
"",78.57%,21.43%,0.00%,0.00%,0.00%,,,,,,,,,
COURSE TOTAL:,22,6,0,0,0,28,3.785,0,0,0,1,0,29,
"",78.57%,21.43%,0.00%,0.00%,0.00%,,,,,,,,,
MKTG-430-500,29,2,0,0,0,31,3.935,0,0,0,0,0,31,SREENIVASAN A
"",93.55%,6.45%,0.00%,0.00%,0.00%,,,,,,,,,
COURSE TOTAL:,29,2,0,0,0,31,3.935,0,0,0,0,0,31,
"",93.55%,6.45%,0.00%,0.00%,0.00%,,,,,,,,,
MKTG-431-500,22,6,0,0,0,28,3.785,0,0,0,1,0,29,SHARMA A
"",78.57%,21.43%,0.00%,0.00%,0.00%,,,,,,,,,
MKTG-431-501,17,12,0,0,0,29,3.586,0,0,0,2,0,31,SHARMA A
"",58.62%,41.38%,0.00%,0.00%,0.00%,,,,,,,,,
COURSE TOTAL:,39,18,0,0,0,57,3.684,0,0,0,3,0,60,
"",68.42%,31.58%,0.00%,0.00%,0.00%,,,,,,,,,
MKTG-436-501,21,3,0,0,0,24,3.875,0,0,0,1,0,25,JONES E
"",87.50%,12.50%,0.00%,0.00%,0.00%,,,,,,,,,
MKTG-436-502,16,8,0,0,0,24,3.666,0,0,0,0,0,24,JONES E
"",66.67%,33.33%,0.00%,0.00%,0.00%,,,,,,,,,
COURSE TOTAL:,37,11,0,0,0,48,3.770,0,0,0,1,0,49,
"",77.08%,22.92%,0.00%,0.00%,0.00%,,,,,,,,,
MKTG-441-201,14,4,0,0,0,18,3.777,0,0,0,0,0,18,BERRY L
"",77.78%,22.22%,0.00%,0.00%,0.00%,,,,,,,,,
COURSE TOTAL:,14,4,0,0,0,18,3.777,0,0,0,0,0,18,
"",77.78%,22.22%,0.00%,0.00%,0.00%,,,,,,,,,
MKTG-442-500,19,4,0,1,0,24,3.708,0,0,0,0,0,24,ANDERSON-MACDONALD
"",79.17%,16.67%,0.00%,4.17%,0.00%,,,,,,,,,
COURSE TOTAL:,19,4,0,1,0,24,3.708,0,0,0,0,0,24,
"",79.17%,16.67%,0.00%,4.17%,0.00%,,,,,,,,,
MKTG-444-500,26,0,0,0,0,26,4.000,0,0,0,0,0,26,DIKEC A
"",100.00%,0.00%,0.00%,0.00%,0.00%,,,,,,,,,
COURSE TOTAL:,26,0,0,0,0,26,4.000,0,0,0,0,0,26,
"",100.00%,0.00%,0.00%,0.00%,0.00%,,,,,,,,,
MKTG-447-500,7,2,0,0,0,9,3.777,0,0,0,0,0,9,TROY A
"",77.78%,22.22%,0.00%,0.00%,0.00%,,,,,,,,,
COURSE TOTAL:,7,2,0,0,0,9,3.777,0,0,0,0,0,9,
"",77.78%,22.22%,0.00%,0.00%,0.00%,,,,,,,,,
MKTG-448-900,10,13,0,0,0,23,3.434,0,0,0,0,0,23,GRIFFITH D
"",43.48%,56.52%,0.00%,0.00%,0.00%,,,,,,,,,
MKTG-448-901,16,5,0,0,0,21,3.761,0,0,0,0,0,21,GRIFFITH D
"",76.19%,23.81%,0.00%,0.00%,0.00%,,,,,,,,,
MKTG-448-902,8,12,0,0,0,20,3.400,0,0,0,0,0,20,GRIFFITH D
"",40.00%,60.00%,0.00%,0.00%,0.00%,,,,,,,,,
MKTG-448-904,24,0,0,0,0,24,4.000,0,0,0,0,0,24,DIKEC A
"",100.00%,0.00%,0.00%,0.00%,0.00%,,,,,,,,,
MKTG-448-905,23,0,0,1,0,24,3.875,0,0,0,0,0,24,DIKEC A
"",95.83%,0.00%,0.00%,4.17%,0.00%,,,,,,,,,
COURSE TOTAL:,81,30,0,1,0,112,3.705,0,0,0,0,0,112,
"",72.32%,26.79%,0.00%,0.89%,0.00%,,,,,,,,,
MKTG-604-600,20,6,0,0,0,26,3.769,0,0,0,0,0,26,RAMANI N
"",76.92%,23.08%,0.00%,0.00%,0.00%,,,,,,,,,
COURSE TOTAL:,20,6,0,0,0,26,3.769,0,0,0,0,0,26,
"",76.92%,23.08%,0.00%,0.00%,0.00%,,,,,,,,,
MKTG-613-661,41,0,0,0,0,41,4.000,0,0,0,0,0,41,SRIDHAR S
"",100.00%,0.00%,0.00%,0.00%,0.00%,,,,,,,,,
COURSE TOTAL:,41,0,0,0,0,41,4.000,0,0,0,0,0,41,
"",100.00%,0.00%,0.00%,0.00%,0.00%,,,,,,,,,
MKTG-625-651,21,0,0,0,0,21,4.000,0,0,0,0,0,21,SRIDHAR S
"",100.00%,0.00%,0.00%,0.00%,0.00%,,,,,,,,,
MKTG-625-700,32,0,0,0,0,32,4.000,2,0,0,0,0,34,SRIDHAR S
"",100.00%,0.00%,0.00%,0.00%,0.00%,,,,,,,,,
COURSE TOTAL:,53,0,0,0,0,53,4.000,2,0,0,0,0,55,
"",100.00%,0.00%,0.00%,0.00%,0.00%,,,,,,,,,
MKTG-626-601,21,2,0,0,0,23,3.913,0,0,0,0,0,23,SHARMA A
"",91.30%,8.70%,0.00%,0.00%,0.00%,,,,,,,,,
COURSE TOTAL:,21,2,0,0,0,23,3.913,0,0,0,0,0,23,
"",91.30%,8.70%,0.00%,0.00%,0.00%,,,,,,,,,
MKTG-637-601,22,8,0,1,0,31,3.645,0,0,0,0,0,31,GAREY W
"",70.97%,25.81%,0.00%,3.23%,0.00%,,,,,,,,,
COURSE TOTAL:,22,8,0,1,0,31,3.645,0,0,0,0,0,31,
"",70.97%,25.81%,0.00%,3.23%,0.00%,,,,,,,,,
MKTG-656-600,15,11,0,0,0,26,3.576,0,0,0,0,0,26,OLSON N
"",57.69%,42.31%,0.00%,0.00%,0.00%,,,,,,,,,
COURSE TOTAL:,15,11,0,0,0,26,3.576,0,0,0,0,0,26,
"",57.69%,42.31%,0.00%,0.00%,0.00%,,,,,,,,,
MKTG-673-601,15,8,0,0,0,23,3.652,0,0,0,0,0,23,BERRY L
"",65.22%,34.78%,0.00%,0.00%,0.00%,,,,,,,,,
MKTG-673-661,13,10,0,0,0,23,3.565,0,0,0,0,0,23,PARISH J
"",56.52%,43.48%,0.00%,0.00%,0.00%,,,,,,,,,
COURSE TOTAL:,28,18,0,0,0,46,3.608,0,0,0,0,0,46,
"",60.87%,39.13%,0.00%,0.00%,0.00%,,,,,,,,,
MKTG-682-600,5,0,0,0,0,5,4.000,0,0,0,0,0,5,ANDERSON-MACDONALD
"",100.00%,0.00%,0.00%,0.00%,0.00%,,,,,,,,,
COURSE TOTAL:,5,0,0,0,0,5,4.000,0,0,0,0,0,5,
"",100.00%,0.00%,0.00%,0.00%,0.00%,,,,,,,,,
MKTG-710-600,60,1,0,0,0,61,3.983,0,0,0,0,0,61,LORING A
"",98.36%,1.64%,0.00%,0.00%,0.00%,,,,,,,,,
COURSE TOTAL:,60,1,0,0,0,61,3.983,0,0,0,0,0,61,
"",98.36%,1.64%,0.00%,0.00%,0.00%,,,,,,,,,
DEPARTMENT TOTAL:,1431,1017,324,51,26,2849,3.320,2,0,0,41,0,2892
"",50.23%,35.70%,11.37%,1.79%,0.91%,,,,,,,,
COLLEGE TOTAL:,11940,8065,2898,552,170,23625,3.293,25,0,0,766,25,24441
"",50.54%,34.14%,12.27%,2.34%,0.72%,,,,,,,,
