ARCH-105-500,6,12,0,1,1,20,3.050,0,0,0,0,0,20,VAZQUEZ MOLINARY A
"",30.00%,60.00%,0.00%,5.00%,5.00%,,,,,,,,,
COURSE TOTAL:,6,12,0,1,1,20,3.050,0,0,0,0,0,20,
"",30.00%,60.00%,0.00%,5.00%,5.00%,,,,,,,,,
ARCH-108-500,1,4,8,2,1,16,2.125,0,0,0,2,0,18,DE LIMA VAZ XAVIER
"",6.25%,25.00%,50.00%,12.50%,6.25%,,,,,,,,,
ARCH-108-501,4,4,8,1,0,17,2.647,0,0,0,2,0,19,DE LIMA VAZ XAVIER
"",23.53%,23.53%,47.06%,5.88%,0.00%,,,,,,,,,
ARCH-108-502,1,6,9,1,0,17,2.411,0,0,0,3,0,20,CATAO CARTAXO
"",5.88%,35.29%,52.94%,5.88%,0.00%,,,,,,,,,
ARCH-108-503,3,6,11,1,0,21,2.523,0,0,0,0,0,21,CATAO CARTAXO
"",14.29%,28.57%,52.38%,4.76%,0.00%,,,,,,,,,
ARCH-108-504,8,10,0,0,0,18,3.444,0,0,0,1,0,19,BORGES GONZALEZ A
"",44.44%,55.56%,0.00%,0.00%,0.00%,,,,,,,,,
ARCH-108-505,5,8,5,2,0,20,2.800,0,0,0,0,0,20,HE W
"",25.00%,40.00%,25.00%,10.00%,0.00%,,,,,,,,,
ARCH-108-506,5,10,3,3,0,21,2.809,0,0,0,0,0,21,BORGES GONZALEZ A
"",23.81%,47.62%,14.29%,14.29%,0.00%,,,,,,,,,
ARCH-108-507,6,5,4,1,1,17,2.823,2,0,0,1,0,20,HE W
"",35.29%,29.41%,23.53%,5.88%,5.88%,,,,,,,,,
COURSE TOTAL:,33,53,48,11,2,147,2.707,2,0,0,9,0,158,
"",22.45%,36.05%,32.65%,7.48%,1.36%,,,,,,,,,
ARCH-115-500,3,12,1,0,2,18,2.777,0,0,0,0,0,18,HE W
"",16.67%,66.67%,5.56%,0.00%,11.11%,,,,,,,,,
COURSE TOTAL:,3,12,1,0,2,18,2.777,0,0,0,0,0,18,
"",16.67%,66.67%,5.56%,0.00%,11.11%,,,,,,,,,
ARCH-206-500,18,0,0,0,0,18,4.000,0,0,0,0,0,18,AITANI K
"",100.00%,0.00%,0.00%,0.00%,0.00%,,,,,,,,,
ARCH-206-501,12,4,0,0,0,16,3.750,0,0,0,0,0,16,BAASKE B
"",75.00%,25.00%,0.00%,0.00%,0.00%,,,,,,,,,
ARCH-206-502,14,4,0,0,0,18,3.777,0,0,0,0,0,18,ENNEMOSER B
"",77.78%,22.22%,0.00%,0.00%,0.00%,,,,,,,,,
ARCH-206-503,18,0,0,0,0,18,4.000,0,0,0,0,0,18,TATE J
"",100.00%,0.00%,0.00%,0.00%,0.00%,,,,,,,,,
ARCH-206-505,9,4,2,1,0,16,3.312,0,0,0,0,0,16,TRIPP A
"",56.25%,25.00%,12.50%,6.25%,0.00%,,,,,,,,,
ARCH-206-506,10,6,0,0,0,16,3.625,0,0,0,0,0,16,WARDEN R
"",62.50%,37.50%,0.00%,0.00%,0.00%,,,,,,,,,
ARCH-206-507,5,9,1,0,0,15,3.266,0,0,0,0,0,15,INFANZON N
"",33.33%,60.00%,6.67%,0.00%,0.00%,,,,,,,,,
COURSE TOTAL:,86,27,3,1,0,117,3.692,0,0,0,0,0,117,
"",73.50%,23.08%,2.56%,0.85%,0.00%,,,,,,,,,
ARCH-212-500,48,9,1,0,0,58,3.810,0,0,0,0,0,58,LU Z
"",82.76%,15.52%,1.72%,0.00%,0.00%,,,,,,,,,
ARCH-212-700,44,13,1,0,2,60,3.616,0,0,0,3,0,63,LU Z
"",73.33%,21.67%,1.67%,0.00%,3.33%,,,,,,,,,
COURSE TOTAL:,92,22,2,0,2,118,3.711,0,0,0,3,0,121,
"",77.97%,18.64%,1.69%,0.00%,1.69%,,,,,,,,,
ARCH-213-500,22,42,32,5,3,104,2.721,0,0,0,4,0,108,BELTRAN L
"",21.15%,40.38%,30.77%,4.81%,2.88%,,,,,,,,,
ARCH-213-501,3,14,7,2,2,28,2.500,0,0,0,1,0,29,BELTRAN L
"",10.71%,50.00%,25.00%,7.14%,7.14%,,,,,,,,,
COURSE TOTAL:,25,56,39,7,5,132,2.674,0,0,0,5,0,137,
"",18.94%,42.42%,29.55%,5.30%,3.79%,,,,,,,,,
ARCH-216-500,34,12,1,0,0,47,3.702,0,0,0,2,0,49,OLOWU B
"",72.34%,25.53%,2.13%,0.00%,0.00%,,,,,,,,,
COURSE TOTAL:,34,12,1,0,0,47,3.702,0,0,0,2,0,49,
"",72.34%,25.53%,2.13%,0.00%,0.00%,,,,,,,,,
ARCH-249-201,4,0,1,0,0,5,3.600,0,0,0,0,0,5,GLOWACKI K
"",80.00%,0.00%,20.00%,0.00%,0.00%,,,,,,,,,
ARCH-249-503,74,67,20,4,1,166,3.259,0,0,0,12,0,178,GLOWACKI K
"",44.58%,40.36%,12.05%,2.41%,0.60%,,,,,,,,,
ARCH-249-504,15,23,8,1,0,47,3.106,0,0,0,2,0,49,GLOWACKI K
"",31.91%,48.94%,17.02%,2.13%,0.00%,,,,,,,,,
ARCH-249-700,369,15,4,1,3,392,3.903,0,0,0,4,0,396,CAFFEY S
"",94.13%,3.83%,1.02%,0.26%,0.77%,,,,,,,,,
COURSE TOTAL:,462,105,33,6,4,610,3.663,0,0,0,18,0,628,
"",75.74%,17.21%,5.41%,0.98%,0.66%,,,,,,,,,
ARCH-250-200,2,2,1,0,0,5,3.200,0,0,0,0,0,5,KLEIN N
"",40.00%,40.00%,20.00%,0.00%,0.00%,,,,,,,,,
ARCH-250-501,112,46,11,4,3,176,3.477,0,0,0,6,0,182,KLEIN N
"",63.64%,26.14%,6.25%,2.27%,1.70%,,,,,,,,,
ARCH-250-502,25,14,6,0,1,46,3.347,0,0,0,0,0,46,KLEIN N
"",54.35%,30.43%,13.04%,0.00%,2.17%,,,,,,,,,
ARCH-250-700,71,35,13,3,1,123,3.398,0,0,0,2,0,125,CAMPAGNOL G
"",57.72%,28.46%,10.57%,2.44%,0.81%,,,,,,,,,
COURSE TOTAL:,210,97,31,7,5,350,3.428,0,0,0,8,0,358,
"",60.00%,27.71%,8.86%,2.00%,1.43%,,,,,,,,,
ARCH-305-901,6,3,0,0,0,9,3.666,0,0,0,0,0,9,AIMAR F
"",66.67%,33.33%,0.00%,0.00%,0.00%,,,,,,,,,
ARCH-305-932,4,11,0,0,0,15,3.266,0,0,0,0,0,15,CALVESBERT T
"",26.67%,73.33%,0.00%,0.00%,0.00%,,,,,,,,,
ARCH-305-933,11,1,0,0,0,12,3.916,0,0,0,0,0,12,JAIN P
"",91.67%,8.33%,0.00%,0.00%,0.00%,,,,,,,,,
COURSE TOTAL:,21,15,0,0,0,36,3.583,0,0,0,0,0,36,
"",58.33%,41.67%,0.00%,0.00%,0.00%,,,,,,,,,
ARCH-317-501,23,2,0,0,0,25,3.920,0,0,0,0,0,25,MASSIN P
"",92.00%,8.00%,0.00%,0.00%,0.00%,,,,,,,,,
COURSE TOTAL:,23,2,0,0,0,25,3.920,0,0,0,0,0,25,
"",92.00%,8.00%,0.00%,0.00%,0.00%,,,,,,,,,
ARCH-328-500,9,5,0,0,0,14,3.642,0,0,0,0,0,14,OBRIEN M
"",64.29%,35.71%,0.00%,0.00%,0.00%,,,,,,,,,
COURSE TOTAL:,9,5,0,0,0,14,3.642,0,0,0,0,0,14,
"",64.29%,35.71%,0.00%,0.00%,0.00%,,,,,,,,,
ARCH-331-500,22,20,7,1,0,50,3.260,0,0,0,0,0,50,DUDLEY D
"",44.00%,40.00%,14.00%,2.00%,0.00%,,,,,,,,,
COURSE TOTAL:,22,20,7,1,0,50,3.260,0,0,0,0,0,50,
"",44.00%,40.00%,14.00%,2.00%,0.00%,,,,,,,,,
ARCH-335-500,22,12,4,4,0,42,3.238,0,0,0,3,0,45,HABERL J
"",52.38%,28.57%,9.52%,9.52%,0.00%,,,,,,,,,
COURSE TOTAL:,22,12,4,4,0,42,3.238,0,0,0,3,0,45,
"",52.38%,28.57%,9.52%,9.52%,0.00%,,,,,,,,,
ARCH-345-501,25,9,0,0,0,34,3.735,0,0,0,1,0,35,HOLLIDAY S
"",73.53%,26.47%,0.00%,0.00%,0.00%,,,,,,,,,
COURSE TOTAL:,25,9,0,0,0,34,3.735,0,0,0,1,0,35,
"",73.53%,26.47%,0.00%,0.00%,0.00%,,,,,,,,,
ARCH-346-500,13,2,1,0,2,18,3.333,0,0,0,0,0,18,GLOWACKI K
"",72.22%,11.11%,5.56%,0.00%,11.11%,,,,,,,,,
COURSE TOTAL:,13,2,1,0,2,18,3.333,0,0,0,0,0,18,
"",72.22%,11.11%,5.56%,0.00%,11.11%,,,,,,,,,
ARCH-350-501,53,12,6,0,1,72,3.611,0,0,0,0,0,72,CAMPAGNOL G
"",73.61%,16.67%,8.33%,0.00%,1.39%,,,,,,,,,
ARCH-350-700,52,30,14,2,0,98,3.346,0,0,0,0,0,98,CAMPAGNOL G
"",53.06%,30.61%,14.29%,2.04%,0.00%,,,,,,,,,
COURSE TOTAL:,105,42,20,2,1,170,3.458,0,0,0,0,0,170,
"",61.76%,24.71%,11.76%,1.18%,0.59%,,,,,,,,,
ARCH-353-500,8,0,0,0,0,8,4.000,0,0,0,0,0,8,CAFFEY S
"",100.00%,0.00%,0.00%,0.00%,0.00%,,,,,,,,,
COURSE TOTAL:,8,0,0,0,0,8,4.000,0,0,0,0,0,8,
"",100.00%,0.00%,0.00%,0.00%,0.00%,,,,,,,,,
ARCH-381-502,7,0,0,0,0,7,4.000,0,0,0,1,0,8,MASSIN P
"",100.00%,0.00%,0.00%,0.00%,0.00%,,,,,,,,,
ARCH-381-503,14,0,0,0,0,14,4.000,0,0,0,0,0,14,MASSIN P
"",100.00%,0.00%,0.00%,0.00%,0.00%,,,,,,,,,
COURSE TOTAL:,21,0,0,0,0,21,4.000,0,0,0,1,0,22,
"",100.00%,0.00%,0.00%,0.00%,0.00%,,,,,,,,,
ARCH-401-500,2,6,0,0,1,9,2.888,0,0,0,0,0,9,BORGES GONZALEZ A
"",22.22%,66.67%,0.00%,0.00%,11.11%,,,,,,,,,
COURSE TOTAL:,2,6,0,0,1,9,2.888,0,0,0,0,0,9,
"",22.22%,66.67%,0.00%,0.00%,11.11%,,,,,,,,,
ARCH-406-500,16,2,0,0,0,18,3.888,0,0,0,0,0,18,MASSIN P
"",88.89%,11.11%,0.00%,0.00%,0.00%,,,,,,,,,
ARCH-406-501,11,7,0,0,0,18,3.611,0,0,0,0,0,18,JAFARIFIROOZABADI R
"",61.11%,38.89%,0.00%,0.00%,0.00%,,,,,,,,,
ARCH-406-502,15,5,0,0,0,20,3.750,0,0,0,0,0,20,ENNEMOSER B
"",75.00%,25.00%,0.00%,0.00%,0.00%,,,,,,,,,
ARCH-406-503,12,6,2,0,0,20,3.500,0,0,0,0,0,20,KEY S
"",60.00%,30.00%,10.00%,0.00%,0.00%,,,,,,,,,
COURSE TOTAL:,54,20,2,0,0,76,3.684,0,0,0,0,0,76,
"",71.05%,26.32%,2.63%,0.00%,0.00%,,,,,,,,,
ARCH-413-501,8,0,0,0,0,8,4.000,0,0,0,0,0,8,TATE J
"",100.00%,0.00%,0.00%,0.00%,0.00%,,,,,,,,,
COURSE TOTAL:,8,0,0,0,0,8,4.000,0,0,0,0,0,8,
"",100.00%,0.00%,0.00%,0.00%,0.00%,,,,,,,,,
ARCH-421-500,13,4,0,0,0,17,3.764,0,0,0,1,0,18,CULP C
"",76.47%,23.53%,0.00%,0.00%,0.00%,,,,,,,,,
COURSE TOTAL:,13,4,0,0,0,17,3.764,0,0,0,1,0,18,
"",76.47%,23.53%,0.00%,0.00%,0.00%,,,,,,,,,
ARCH-434-500,10,9,4,4,0,27,2.925,1,0,0,1,0,29,KLEIN N
"",37.04%,33.33%,14.81%,14.81%,0.00%,,,,,,,,,
COURSE TOTAL:,10,9,4,4,0,27,2.925,1,0,0,1,0,29,
"",37.04%,33.33%,14.81%,14.81%,0.00%,,,,,,,,,
ARCH-437-500,5,2,1,0,0,8,3.500,0,0,0,2,0,10,STEWART Z
"",62.50%,25.00%,12.50%,0.00%,0.00%,,,,,,,,,
COURSE TOTAL:,5,2,1,0,0,8,3.500,0,0,0,2,0,10,
"",62.50%,25.00%,12.50%,0.00%,0.00%,,,,,,,,,
ARCH-441-501,16,9,1,0,0,26,3.576,0,0,0,0,0,26,CAMPAGNOL G
"",61.54%,34.62%,3.85%,0.00%,0.00%,,,,,,,,,
COURSE TOTAL:,16,9,1,0,0,26,3.576,0,0,0,0,0,26,
"",61.54%,34.62%,3.85%,0.00%,0.00%,,,,,,,,,
ARCH-458-500,30,2,1,0,0,33,3.878,0,0,0,0,0,33,PENTECOST A
"",90.91%,6.06%,3.03%,0.00%,0.00%,,,,,,,,,
COURSE TOTAL:,30,2,1,0,0,33,3.878,0,0,0,0,0,33,
"",90.91%,6.06%,3.03%,0.00%,0.00%,,,,,,,,,
ARCH-485-502,27,0,2,0,0,29,3.862,0,0,0,0,0,29,HOLLIDAY S
"",93.10%,0.00%,6.90%,0.00%,0.00%,,,,,,,,,
COURSE TOTAL:,27,0,2,0,0,29,3.862,0,0,0,0,0,29,
"",93.10%,0.00%,6.90%,0.00%,0.00%,,,,,,,,,
ARCH-494-570,27,2,0,0,0,29,3.931,0,0,0,0,0,29,HOLLIDAY S
"",93.10%,6.90%,0.00%,0.00%,0.00%,,,,,,,,,
COURSE TOTAL:,27,2,0,0,0,29,3.931,0,0,0,0,0,29,
"",93.10%,6.90%,0.00%,0.00%,0.00%,,,,,,,,,
ARCH-602-600,5,4,0,1,0,10,3.300,0,0,0,0,0,10,LOPEZ DINARDI M
"",50.00%,40.00%,0.00%,10.00%,0.00%,,,,,,,,,
ARCH-602-601,8,2,0,0,0,10,3.800,0,0,0,0,0,10,BAASKE B
"",80.00%,20.00%,0.00%,0.00%,0.00%,,,,,,,,,
COURSE TOTAL:,13,6,0,1,0,20,3.550,0,0,0,0,0,20,
"",65.00%,30.00%,0.00%,5.00%,0.00%,,,,,,,,,
ARCH-606-602,4,2,1,1,0,8,3.125,0,0,0,2,0,10,OBRIEN M
"",50.00%,25.00%,12.50%,12.50%,0.00%,,,,,,,,,
ARCH-606-603,13,1,0,0,0,14,3.928,0,0,0,0,0,14,HOLLIDAY R
"",92.86%,7.14%,0.00%,0.00%,0.00%,,,,,,,,,
ARCH-606-604,7,1,4,0,0,12,3.250,0,0,0,0,0,12,FAULKNER M
"",58.33%,8.33%,33.33%,0.00%,0.00%,,,,,,,,,
ARCH-606-605,3,4,3,0,0,10,3.000,0,0,0,0,0,10,HAWKINS A
"",30.00%,40.00%,30.00%,0.00%,0.00%,,,,,,,,,
COURSE TOTAL:,27,8,8,1,0,44,3.386,0,0,0,2,0,46,
"",61.36%,18.18%,18.18%,2.27%,0.00%,,,,,,,,,
ARCH-608-601,4,4,0,0,1,9,3.111,0,0,0,0,0,9,ERMINY M
"",44.44%,44.44%,0.00%,0.00%,11.11%,,,,,,,,,
ARCH-608-603,11,0,0,0,0,11,4.000,0,0,0,0,0,11,GIBBS B
"",100.00%,0.00%,0.00%,0.00%,0.00%,,,,,,,,,
COURSE TOTAL:,15,4,0,0,1,20,3.600,0,0,0,0,0,20,
"",75.00%,20.00%,0.00%,0.00%,5.00%,,,,,,,,,
ARCH-614-600,17,2,0,0,0,19,3.894,0,0,0,0,0,19,GESSNER T
"",89.47%,10.53%,0.00%,0.00%,0.00%,,,,,,,,,
COURSE TOTAL:,17,2,0,0,0,19,3.894,0,0,0,0,0,19,
"",89.47%,10.53%,0.00%,0.00%,0.00%,,,,,,,,,
ARCH-615-600,12,3,4,0,0,19,3.421,0,0,0,0,0,19,HABERL J
"",63.16%,15.79%,21.05%,0.00%,0.00%,,,,,,,,,
COURSE TOTAL:,12,3,4,0,0,19,3.421,0,0,0,0,0,19,
"",63.16%,15.79%,21.05%,0.00%,0.00%,,,,,,,,,
ARCH-631-600,15,4,2,0,0,21,3.619,0,0,0,0,0,21,DUDLEY D
"",71.43%,19.05%,9.52%,0.00%,0.00%,,,,,,,,,
COURSE TOTAL:,15,4,2,0,0,21,3.619,0,0,0,0,0,21,
"",71.43%,19.05%,9.52%,0.00%,0.00%,,,,,,,,,
ARCH-633-600,16,6,3,0,0,25,3.520,0,0,0,1,0,26,BALTAZAR J
"",64.00%,24.00%,12.00%,0.00%,0.00%,,,,,,,,,
COURSE TOTAL:,16,6,3,0,0,25,3.520,0,0,0,1,0,26,
"",64.00%,24.00%,12.00%,0.00%,0.00%,,,,,,,,,
ARCH-634-600,6,0,0,0,0,6,4.000,0,0,0,0,0,6,BELTRAN L
"",100.00%,0.00%,0.00%,0.00%,0.00%,,,,,,,,,
COURSE TOTAL:,6,0,0,0,0,6,4.000,0,0,0,0,0,6,
"",100.00%,0.00%,0.00%,0.00%,0.00%,,,,,,,,,
ARCH-643-600,5,0,0,0,0,5,4.000,0,0,0,0,0,5,CULP C
"",100.00%,0.00%,0.00%,0.00%,0.00%,,,,,,,,,
COURSE TOTAL:,5,0,0,0,0,5,4.000,0,0,0,0,0,5,
"",100.00%,0.00%,0.00%,0.00%,0.00%,,,,,,,,,
ARCH-644-600,11,5,0,0,0,16,3.687,0,0,0,0,0,16,TRIPP A
"",68.75%,31.25%,0.00%,0.00%,0.00%,,,,,,,,,
ARCH-644-601,13,3,1,0,0,17,3.705,0,0,0,0,0,17,STEWART Z
"",76.47%,17.65%,5.88%,0.00%,0.00%,,,,,,,,,
COURSE TOTAL:,24,8,1,0,0,33,3.696,0,0,0,0,0,33,
"",72.73%,24.24%,3.03%,0.00%,0.00%,,,,,,,,,
ARCH-645-600,10,0,0,0,0,10,4.000,0,0,0,0,0,10,WARDEN R
"",100.00%,0.00%,0.00%,0.00%,0.00%,,,,,,,,,
ARCH-645-601,15,0,0,0,0,15,4.000,0,0,0,0,0,15,AITANI K
"",100.00%,0.00%,0.00%,0.00%,0.00%,,,,,,,,,
COURSE TOTAL:,25,0,0,0,0,25,4.000,0,0,0,0,0,25,
"",100.00%,0.00%,0.00%,0.00%,0.00%,,,,,,,,,
ARCH-646-600,15,0,0,0,0,15,4.000,0,0,0,0,0,15,JAIN P
"",100.00%,0.00%,0.00%,0.00%,0.00%,,,,,,,,,
COURSE TOTAL:,15,0,0,0,0,15,4.000,0,0,0,0,0,15,
"",100.00%,0.00%,0.00%,0.00%,0.00%,,,,,,,,,
ARCH-655-600,13,0,0,0,0,13,4.000,1,0,0,0,0,14,YAN W
"",100.00%,0.00%,0.00%,0.00%,0.00%,,,,,,,,,
COURSE TOTAL:,13,0,0,0,0,13,4.000,1,0,0,0,0,14,
"",100.00%,0.00%,0.00%,0.00%,0.00%,,,,,,,,,
ARCH-657-600,3,2,0,0,0,5,3.600,0,0,0,0,0,5,HAWKINS A
"",60.00%,40.00%,0.00%,0.00%,0.00%,,,,,,,,,
COURSE TOTAL:,3,2,0,0,0,5,3.600,0,0,0,0,0,5,
"",60.00%,40.00%,0.00%,0.00%,0.00%,,,,,,,,,
ARCH-659-600,12,0,0,0,0,12,4.000,0,0,0,0,0,12,ERMINY M
"",100.00%,0.00%,0.00%,0.00%,0.00%,,,,,,,,,
COURSE TOTAL:,12,0,0,0,0,12,4.000,0,0,0,0,0,12,
"",100.00%,0.00%,0.00%,0.00%,0.00%,,,,,,,,,
ARCH-660-600,7,2,0,0,0,9,3.777,0,0,0,0,0,9,PENTECOST A
"",77.78%,22.22%,0.00%,0.00%,0.00%,,,,,,,,,
COURSE TOTAL:,7,2,0,0,0,9,3.777,0,0,0,0,0,9,
"",77.78%,22.22%,0.00%,0.00%,0.00%,,,,,,,,,
ARCH-674-600,6,2,1,0,0,9,3.555,0,0,0,0,0,9,PENTECOST A
"",66.67%,22.22%,11.11%,0.00%,0.00%,,,,,,,,,
COURSE TOTAL:,6,2,1,0,0,9,3.555,0,0,0,0,0,9,
"",66.67%,22.22%,11.11%,0.00%,0.00%,,,,,,,,,
ARCH-675-600,4,2,0,0,0,6,3.666,0,0,0,0,0,6,JAFARIFIROOZABADI R
"",66.67%,33.33%,0.00%,0.00%,0.00%,,,,,,,,,
COURSE TOTAL:,4,2,0,0,0,6,3.666,0,0,0,0,0,6,
"",66.67%,33.33%,0.00%,0.00%,0.00%,,,,,,,,,
ARCH-676-601,5,0,0,0,0,5,4.000,0,0,0,0,0,5,PENTECOST A
"",100.00%,0.00%,0.00%,0.00%,0.00%,,,,,,,,,
COURSE TOTAL:,5,0,0,0,0,5,4.000,0,0,0,0,0,5,
"",100.00%,0.00%,0.00%,0.00%,0.00%,,,,,,,,,
ARCH-685-613,7,0,0,0,0,7,4.000,0,0,0,0,0,7,CAFFEY S
"",100.00%,0.00%,0.00%,0.00%,0.00%,,,,,,,,,
ARCH-685-633,5,0,0,0,0,5,4.000,0,0,0,0,0,5,PENTECOST A
"",100.00%,0.00%,0.00%,0.00%,0.00%,,,,,,,,,
COURSE TOTAL:,12,0,0,0,0,12,4.000,0,0,0,0,0,12,
"",100.00%,0.00%,0.00%,0.00%,0.00%,,,,,,,,,
ENDS-101-201,16,0,0,0,0,16,4.000,0,0,0,0,0,16,CAFFEY S
"",100.00%,0.00%,0.00%,0.00%,0.00%,,,,,,,,,
ENDS-101-202,16,1,0,0,0,17,3.941,0,0,0,0,0,17,CAFFEY S
"",94.12%,5.88%,0.00%,0.00%,0.00%,,,,,,,,,
ENDS-101-203,24,1,0,0,0,25,3.960,0,0,0,0,0,25,CAFFEY S
"",96.00%,4.00%,0.00%,0.00%,0.00%,,,,,,,,,
ENDS-101-204,9,0,0,0,0,9,4.000,0,0,0,0,0,9,CAFFEY S
"",100.00%,0.00%,0.00%,0.00%,0.00%,,,,,,,,,
ENDS-101-205,10,0,0,0,0,10,4.000,0,0,0,0,0,10,CAFFEY S
"",100.00%,0.00%,0.00%,0.00%,0.00%,,,,,,,,,
ENDS-101-206,18,0,1,0,0,19,3.894,0,0,0,0,0,19,CAFFEY S
"",94.74%,0.00%,5.26%,0.00%,0.00%,,,,,,,,,
ENDS-101-207,24,0,1,0,0,25,3.920,0,0,0,0,0,25,CAFFEY S
"",96.00%,0.00%,4.00%,0.00%,0.00%,,,,,,,,,
ENDS-101-500,137,14,0,1,2,154,3.837,0,0,0,4,1,159,VANEGAS J
"",88.96%,9.09%,0.00%,0.65%,1.30%,,,,,,,,,
ENDS-101-501,163,11,0,0,1,175,3.914,0,0,0,0,0,175,BILLINGSLEY A
"",93.14%,6.29%,0.00%,0.00%,0.57%,,,,,,,,,
ENDS-101-701,249,40,4,2,0,295,3.816,0,0,0,4,0,299,BILLINGSLEY A
"",84.41%,13.56%,1.36%,0.68%,0.00%,,,,,,,,,
ENDS-101-702,71,15,3,0,2,91,3.681,0,0,0,6,0,97,VANEGAS J
"",78.02%,16.48%,3.30%,0.00%,2.20%,,,,,,,,,
COURSE TOTAL:,737,82,9,3,5,836,3.845,0,0,0,14,1,851,
"",88.16%,9.81%,1.08%,0.36%,0.60%,,,,,,,,,
DEPARTMENT TOTAL:,2401,688,229,49,31,3398,3.564,4,0,0,71,1,3474
"",70.66%,20.25%,6.74%,1.44%,0.91%,,,,,,,,
COSC-153-501,117,87,3,0,0,207,3.550,1,0,0,0,0,208,COOKE G
"",56.52%,42.03%,1.45%,0.00%,0.00%,,,,,,,,,
COURSE TOTAL:,117,87,3,0,0,207,3.550,1,0,0,0,0,208,
"",56.52%,42.03%,1.45%,0.00%,0.00%,,,,,,,,,
COSC-175-501,65,63,26,11,6,171,2.994,0,0,0,10,0,181,KANG H
"",38.01%,36.84%,15.20%,6.43%,3.51%,,,,,,,,,
COSC-175-M01,7,8,2,3,2,22,2.681,0,0,0,1,0,23,DELGADO S
"",31.82%,36.36%,9.09%,13.64%,9.09%,,,,,,,,,
COURSE TOTAL:,72,71,28,14,8,193,2.958,0,0,0,11,0,204,
"",37.31%,36.79%,14.51%,7.25%,4.15%,,,,,,,,,
COSC-222-900,15,3,3,0,0,21,3.571,0,0,0,0,0,21,ELLIS D
"",71.43%,14.29%,14.29%,0.00%,0.00%,,,,,,,,,
COSC-222-901,16,7,0,0,0,23,3.695,0,0,0,0,0,23,ELLIS D
"",69.57%,30.43%,0.00%,0.00%,0.00%,,,,,,,,,
COSC-222-902,21,2,0,0,0,23,3.913,0,0,0,0,0,23,ELLIS D
"",91.30%,8.70%,0.00%,0.00%,0.00%,,,,,,,,,
COSC-222-903,17,4,0,1,0,22,3.681,0,0,0,2,0,24,ELLIS D
"",77.27%,18.18%,0.00%,4.55%,0.00%,,,,,,,,,
COSC-222-904,16,6,0,1,0,23,3.608,0,0,0,1,0,24,ELLIS D
"",69.57%,26.09%,0.00%,4.35%,0.00%,,,,,,,,,
COSC-222-905,14,6,2,0,1,23,3.391,0,0,0,0,0,23,ELLIS D
"",60.87%,26.09%,8.70%,0.00%,4.35%,,,,,,,,,
COSC-222-906,20,2,0,0,0,22,3.909,0,0,0,0,0,22,ELLIS D
"",90.91%,9.09%,0.00%,0.00%,0.00%,,,,,,,,,
COSC-222-907,20,3,0,0,0,23,3.869,0,0,0,0,0,23,ELLIS D
"",86.96%,13.04%,0.00%,0.00%,0.00%,,,,,,,,,
COSC-222-908,21,1,0,0,0,22,3.954,0,0,0,0,0,22,ELLIS D
"",95.45%,4.55%,0.00%,0.00%,0.00%,,,,,,,,,
COSC-222-909,21,0,0,0,0,21,4.000,0,0,0,0,0,21,ELLIS D
"",100.00%,0.00%,0.00%,0.00%,0.00%,,,,,,,,,
COSC-222-910,18,4,0,0,0,22,3.818,0,0,0,0,0,22,ELLIS D
"",81.82%,18.18%,0.00%,0.00%,0.00%,,,,,,,,,
COSC-222-911,20,0,0,0,0,20,4.000,0,0,0,0,0,20,ELLIS D
"",100.00%,0.00%,0.00%,0.00%,0.00%,,,,,,,,,
COSC-222-912,17,3,0,0,0,20,3.850,0,0,0,0,0,20,ELLIS D
"",85.00%,15.00%,0.00%,0.00%,0.00%,,,,,,,,,
COSC-222-913,18,2,0,0,0,20,3.900,0,0,0,0,0,20,ELLIS D
"",90.00%,10.00%,0.00%,0.00%,0.00%,,,,,,,,,
COSC-222-914,9,7,1,1,1,19,3.157,0,0,0,1,0,20,ELLIS D
"",47.37%,36.84%,5.26%,5.26%,5.26%,,,,,,,,,
COSC-222-915,18,2,0,1,0,21,3.761,0,0,0,0,0,21,ELLIS D
"",85.71%,9.52%,0.00%,4.76%,0.00%,,,,,,,,,
COSC-222-916,18,2,0,0,0,20,3.900,0,0,0,0,0,20,ELLIS D
"",90.00%,10.00%,0.00%,0.00%,0.00%,,,,,,,,,
COSC-222-917,16,3,0,0,0,19,3.842,0,0,0,1,0,20,ELLIS D
"",84.21%,15.79%,0.00%,0.00%,0.00%,,,,,,,,,
COSC-222-918,12,6,2,0,0,20,3.500,0,0,0,0,0,20,ELLIS D
"",60.00%,30.00%,10.00%,0.00%,0.00%,,,,,,,,,
COSC-222-919,15,3,1,0,0,19,3.736,0,0,0,1,0,20,ELLIS D
"",78.95%,15.79%,5.26%,0.00%,0.00%,,,,,,,,,
COSC-222-M90,13,8,2,1,3,27,3.000,0,0,0,0,0,27,ESCAMILLA E
"",48.15%,29.63%,7.41%,3.70%,11.11%,,,,,,,,,
COURSE TOTAL:,355,74,11,5,5,450,3.708,0,0,0,6,0,456,
"",78.89%,16.44%,2.44%,1.11%,1.11%,,,,,,,,,
COSC-253-501,87,82,30,5,2,206,3.199,0,0,0,2,0,208,SIMMS L
"",42.23%,39.81%,14.56%,2.43%,0.97%,,,,,,,,,
COSC-253-700,76,46,5,1,0,128,3.539,0,0,0,1,0,129,CARLSON K
"",59.38%,35.94%,3.91%,0.78%,0.00%,,,,,,,,,
COURSE TOTAL:,163,128,35,6,2,334,3.329,0,0,0,3,0,337,
"",48.80%,38.32%,10.48%,1.80%,0.60%,,,,,,,,,
COSC-275-501,18,30,9,0,1,58,3.103,0,0,0,0,0,58,PALMER R
"",31.03%,51.72%,15.52%,0.00%,1.72%,,,,,,,,,
COSC-275-502,15,25,12,0,0,52,3.057,0,0,0,0,0,52,PALMER R
"",28.85%,48.08%,23.08%,0.00%,0.00%,,,,,,,,,
COSC-275-503,18,18,7,0,0,43,3.255,0,0,0,1,0,44,PALMER R
"",41.86%,41.86%,16.28%,0.00%,0.00%,,,,,,,,,
COSC-275-504,9,26,8,0,1,44,2.954,0,0,0,0,0,44,PALMER R
"",20.45%,59.09%,18.18%,0.00%,2.27%,,,,,,,,,
COSC-275-505,19,14,14,0,0,47,3.106,0,0,0,3,0,50,PALMER R
"",40.43%,29.79%,29.79%,0.00%,0.00%,,,,,,,,,
COSC-275-M05,4,10,6,0,0,20,2.900,0,0,0,0,0,20,DELGADO S
"",20.00%,50.00%,30.00%,0.00%,0.00%,,,,,,,,,
COURSE TOTAL:,83,123,56,0,2,264,3.079,0,0,0,4,0,268,
"",31.44%,46.59%,21.21%,0.00%,0.76%,,,,,,,,,
COSC-284-500,232,36,4,1,0,273,3.827,0,0,0,0,1,274,ELLIS A
"",84.98%,13.19%,1.47%,0.37%,0.00%,,,,,,,,,
COURSE TOTAL:,232,36,4,1,0,273,3.827,0,0,0,0,1,274,
"",84.98%,13.19%,1.47%,0.37%,0.00%,,,,,,,,,
COSC-301-501,18,12,0,0,0,30,3.600,0,0,0,0,0,30,CLARKE R
"",60.00%,40.00%,0.00%,0.00%,0.00%,,,,,,,,,
COSC-301-502,19,8,2,0,0,29,3.586,0,0,0,0,0,29,CLARKE R
"",65.52%,27.59%,6.90%,0.00%,0.00%,,,,,,,,,
COSC-301-503,7,7,7,0,0,21,3.000,0,0,0,1,0,22,CLARKE R
"",33.33%,33.33%,33.33%,0.00%,0.00%,,,,,,,,,
COSC-301-504,14,10,2,0,0,26,3.461,3,0,0,0,0,29,CLARKE R
"",53.85%,38.46%,7.69%,0.00%,0.00%,,,,,,,,,
COSC-301-505,18,11,1,0,0,30,3.566,0,0,0,0,0,30,CLARKE R
"",60.00%,36.67%,3.33%,0.00%,0.00%,,,,,,,,,
COSC-301-506,17,11,2,0,0,30,3.500,0,0,0,0,0,30,CLARKE R
"",56.67%,36.67%,6.67%,0.00%,0.00%,,,,,,,,,
COSC-301-507,21,7,2,0,0,30,3.633,0,0,0,0,0,30,CLARKE R
"",70.00%,23.33%,6.67%,0.00%,0.00%,,,,,,,,,
COSC-301-508,8,12,4,0,0,24,3.166,0,0,0,0,0,24,CLARKE R
"",33.33%,50.00%,16.67%,0.00%,0.00%,,,,,,,,,
COURSE TOTAL:,122,78,20,0,0,220,3.463,3,0,0,1,0,224,
"",55.45%,35.45%,9.09%,0.00%,0.00%,,,,,,,,,
COSC-310-500,40,2,0,0,0,42,3.952,0,0,0,1,0,43,MORGAN T
"",95.24%,4.76%,0.00%,0.00%,0.00%,,,,,,,,,
COURSE TOTAL:,40,2,0,0,0,42,3.952,0,0,0,1,0,43,
"",95.24%,4.76%,0.00%,0.00%,0.00%,,,,,,,,,
COSC-321-500,57,82,18,0,0,157,3.248,0,0,0,4,0,161,ORIEKA O
"",36.31%,52.23%,11.46%,0.00%,0.00%,,,,,,,,,
COURSE TOTAL:,57,82,18,0,0,157,3.248,0,0,0,4,0,161,
"",36.31%,52.23%,11.46%,0.00%,0.00%,,,,,,,,,
COSC-325-501,24,64,73,12,2,175,2.548,0,0,0,10,0,185,HOUSTON J
"",13.71%,36.57%,41.71%,6.86%,1.14%,,,,,,,,,
COURSE TOTAL:,24,64,73,12,2,175,2.548,0,0,0,10,0,185,
"",13.71%,36.57%,41.71%,6.86%,1.14%,,,,,,,,,
COSC-326-700,77,50,15,1,1,144,3.395,0,0,0,1,0,145,CARLSON K
"",53.47%,34.72%,10.42%,0.69%,0.69%,,,,,,,,,
COURSE TOTAL:,77,50,15,1,1,144,3.395,0,0,0,1,0,145,
"",53.47%,34.72%,10.42%,0.69%,0.69%,,,,,,,,,
COSC-333-500,57,2,1,0,0,60,3.933,0,0,0,0,0,60,MILLER R
"",95.00%,3.33%,1.67%,0.00%,0.00%,,,,,,,,,
COURSE TOTAL:,57,2,1,0,0,60,3.933,0,0,0,0,0,60,
"",95.00%,3.33%,1.67%,0.00%,0.00%,,,,,,,,,
COSC-353-501,34,42,1,1,0,78,3.397,0,0,0,0,0,78,HANKS M
"",43.59%,53.85%,1.28%,1.28%,0.00%,,,,,,,,,
COSC-353-502,33,37,3,0,0,73,3.410,0,0,0,0,0,73,HANKS M
"",45.21%,50.68%,4.11%,0.00%,0.00%,,,,,,,,,
COSC-353-503,12,27,2,0,0,41,3.243,0,0,0,1,0,42,PRESLEY C
"",29.27%,65.85%,4.88%,0.00%,0.00%,,,,,,,,,
COURSE TOTAL:,79,106,6,1,0,192,3.369,0,0,0,1,0,193,
"",41.15%,55.21%,3.13%,0.52%,0.00%,,,,,,,,,
COSC-354-500,15,18,12,0,0,45,3.066,0,0,0,0,0,45,BAILEY J
"",33.33%,40.00%,26.67%,0.00%,0.00%,,,,,,,,,
COURSE TOTAL:,15,18,12,0,0,45,3.066,0,0,0,0,0,45,
"",33.33%,40.00%,26.67%,0.00%,0.00%,,,,,,,,,
COSC-375-501,4,8,10,4,2,28,2.285,0,0,0,0,0,28,BOLDT G
"",14.29%,28.57%,35.71%,14.29%,7.14%,,,,,,,,,
COSC-375-502,7,18,16,0,0,41,2.780,0,0,0,2,0,43,BOLDT G
"",17.07%,43.90%,39.02%,0.00%,0.00%,,,,,,,,,
COSC-375-503,5,11,16,0,0,32,2.656,0,0,0,4,0,36,BOLDT G
"",15.63%,34.38%,50.00%,0.00%,0.00%,,,,,,,,,
COSC-375-504,5,13,15,1,0,34,2.647,0,0,0,0,0,34,BOLDT G
"",14.71%,38.24%,44.12%,2.94%,0.00%,,,,,,,,,
COSC-375-505,1,14,9,3,1,28,2.392,0,0,0,1,0,29,BOLDT G
"",3.57%,50.00%,32.14%,10.71%,3.57%,,,,,,,,,
COURSE TOTAL:,22,64,66,8,3,163,2.576,0,0,0,7,0,170,
"",13.50%,39.26%,40.49%,4.91%,1.84%,,,,,,,,,
COSC-410-500,33,0,0,0,0,33,4.000,0,0,0,0,0,33,FICKEL L
"",100.00%,0.00%,0.00%,0.00%,0.00%,,,,,,,,,
COURSE TOTAL:,33,0,0,0,0,33,4.000,0,0,0,0,0,33,
"",100.00%,0.00%,0.00%,0.00%,0.00%,,,,,,,,,
COSC-411-500,32,0,0,0,0,32,4.000,0,0,0,1,0,33,FICKEL L
"",100.00%,0.00%,0.00%,0.00%,0.00%,,,,,,,,,
COURSE TOTAL:,32,0,0,0,0,32,4.000,0,0,0,1,0,33,
"",100.00%,0.00%,0.00%,0.00%,0.00%,,,,,,,,,
COSC-421-501,81,33,18,1,0,133,3.458,0,0,0,1,0,134,DUDLEY D
"",60.90%,24.81%,13.53%,0.75%,0.00%,,,,,,,,,
COURSE TOTAL:,81,33,18,1,0,133,3.458,0,0,0,1,0,134,
"",60.90%,24.81%,13.53%,0.75%,0.00%,,,,,,,,,
COSC-440-930,24,1,0,0,0,25,3.960,0,0,0,0,0,25,FICKEL L
"",96.00%,4.00%,0.00%,0.00%,0.00%,,,,,,,,,
COSC-440-931,25,0,0,0,0,25,4.000,0,0,0,0,0,25,FICKEL L
"",100.00%,0.00%,0.00%,0.00%,0.00%,,,,,,,,,
COURSE TOTAL:,49,1,0,0,0,50,3.980,0,0,0,0,0,50,
"",98.00%,2.00%,0.00%,0.00%,0.00%,,,,,,,,,
COSC-441-930,6,13,6,0,0,25,3.000,0,0,0,0,0,25,BIRDWELL R
"",24.00%,52.00%,24.00%,0.00%,0.00%,,,,,,,,,
COSC-441-931,5,17,3,0,0,25,3.080,0,0,0,0,0,25,BIRDWELL R
"",20.00%,68.00%,12.00%,0.00%,0.00%,,,,,,,,,
COURSE TOTAL:,11,30,9,0,0,50,3.040,0,0,0,0,0,50,
"",22.00%,60.00%,18.00%,0.00%,0.00%,,,,,,,,,
COSC-442-931,25,0,0,0,0,25,4.000,0,0,0,0,0,25,PALMER R
"",100.00%,0.00%,0.00%,0.00%,0.00%,,,,,,,,,
COSC-442-932,18,6,0,0,0,24,3.750,0,0,0,0,0,24,HOLSTEAD J
"",75.00%,25.00%,0.00%,0.00%,0.00%,,,,,,,,,
COURSE TOTAL:,43,6,0,0,0,49,3.877,0,0,0,0,0,49,
"",87.76%,12.24%,0.00%,0.00%,0.00%,,,,,,,,,
COSC-443-930,17,6,0,0,0,23,3.739,0,0,0,0,0,23,WHITMAN J
"",73.91%,26.09%,0.00%,0.00%,0.00%,,,,,,,,,
COSC-443-931,4,11,1,0,0,16,3.187,0,0,0,0,0,16,BAKER C
"",25.00%,68.75%,6.25%,0.00%,0.00%,,,,,,,,,
COURSE TOTAL:,21,17,1,0,0,39,3.512,0,0,0,0,0,39,
"",53.85%,43.59%,2.56%,0.00%,0.00%,,,,,,,,,
COSC-450-500,5,15,5,0,0,25,3.000,0,0,0,0,0,25,MCCALL C
"",20.00%,60.00%,20.00%,0.00%,0.00%,,,,,,,,,
COSC-450-501,8,14,2,0,0,24,3.250,0,0,0,0,0,24,MCCALL C
"",33.33%,58.33%,8.33%,0.00%,0.00%,,,,,,,,,
COURSE TOTAL:,13,29,7,0,0,49,3.122,0,0,0,0,0,49,
"",26.53%,59.18%,14.29%,0.00%,0.00%,,,,,,,,,
COSC-461-500,24,2,0,0,0,26,3.923,0,0,0,0,0,26,WANG X
"",92.31%,7.69%,0.00%,0.00%,0.00%,,,,,,,,,
COSC-461-501,15,9,0,0,0,24,3.625,0,0,0,0,0,24,HAM Y
"",62.50%,37.50%,0.00%,0.00%,0.00%,,,,,,,,,
COSC-461-502,20,5,0,0,0,25,3.800,0,0,0,1,0,26,BAKCHAN A
"",80.00%,20.00%,0.00%,0.00%,0.00%,,,,,,,,,
COURSE TOTAL:,59,16,0,0,0,75,3.786,0,0,0,1,0,76,
"",78.67%,21.33%,0.00%,0.00%,0.00%,,,,,,,,,
COSC-463-901,14,7,0,0,0,21,3.666,0,0,0,1,0,22,DAIGNEAULT M
"",66.67%,33.33%,0.00%,0.00%,0.00%,,,,,,,,,
COSC-463-902,14,7,4,0,0,25,3.400,0,0,0,0,0,25,MCCLOSKEY A
"",56.00%,28.00%,16.00%,0.00%,0.00%,,,,,,,,,
COSC-463-903,6,16,3,0,0,25,3.120,0,0,0,0,0,25,MCCLOSKEY A
"",24.00%,64.00%,12.00%,0.00%,0.00%,,,,,,,,,
COSC-463-904,7,15,3,0,0,25,3.160,0,0,0,0,0,25,DAIGNEAULT M
"",28.00%,60.00%,12.00%,0.00%,0.00%,,,,,,,,,
COSC-463-905,5,13,7,0,0,25,2.920,0,0,0,0,0,25,MCCLOSKEY A
"",20.00%,52.00%,28.00%,0.00%,0.00%,,,,,,,,,
COSC-463-906,8,10,5,0,0,23,3.130,0,0,0,2,0,25,DAIGNEAULT M
"",34.78%,43.48%,21.74%,0.00%,0.00%,,,,,,,,,
COSC-463-907,22,3,0,0,0,25,3.880,0,0,0,0,0,25,BEFORT J
"",88.00%,12.00%,0.00%,0.00%,0.00%,,,,,,,,,
COSC-463-908,24,0,0,0,1,25,3.840,0,0,0,0,0,25,BEFORT J
"",96.00%,0.00%,0.00%,0.00%,4.00%,,,,,,,,,
COSC-463-M90,5,1,0,0,0,6,3.833,0,0,0,0,0,6,LUCIO E
"",83.33%,16.67%,0.00%,0.00%,0.00%,,,,,,,,,
COURSE TOTAL:,105,72,22,0,1,200,3.400,0,0,0,3,0,203,
"",52.50%,36.00%,11.00%,0.00%,0.50%,,,,,,,,,
COSC-464-500,24,12,0,0,0,36,3.666,0,0,0,0,0,36,MCGOWAN A
"",66.67%,33.33%,0.00%,0.00%,0.00%,,,,,,,,,
COSC-464-501,31,5,0,0,0,36,3.861,0,0,0,0,0,36,ZHANG Z
"",86.11%,13.89%,0.00%,0.00%,0.00%,,,,,,,,,
COSC-464-502,20,14,1,0,0,35,3.542,0,0,0,0,0,35,MCGOWAN A
"",57.14%,40.00%,2.86%,0.00%,0.00%,,,,,,,,,
COSC-464-503,12,9,2,0,0,23,3.434,0,0,0,0,0,23,MCGOWAN A
"",52.17%,39.13%,8.70%,0.00%,0.00%,,,,,,,,,
COURSE TOTAL:,87,40,3,0,0,130,3.646,0,0,0,0,0,130,
"",66.92%,30.77%,2.31%,0.00%,0.00%,,,,,,,,,
COSC-465-500,97,61,3,0,0,161,3.583,0,0,0,0,0,161,COKINOS G
"",60.25%,37.89%,1.86%,0.00%,0.00%,,,,,,,,,
COURSE TOTAL:,97,61,3,0,0,161,3.583,0,0,0,0,0,161,
"",60.25%,37.89%,1.86%,0.00%,0.00%,,,,,,,,,
COSC-468-500,16,10,0,0,0,26,3.615,0,0,0,0,0,26,ELLIS D
"",61.54%,38.46%,0.00%,0.00%,0.00%,,,,,,,,,
COURSE TOTAL:,16,10,0,0,0,26,3.615,0,0,0,0,0,26,
"",61.54%,38.46%,0.00%,0.00%,0.00%,,,,,,,,,
COSC-475-501,25,14,5,0,0,44,3.454,0,0,0,0,0,44,COOKE G
"",56.82%,31.82%,11.36%,0.00%,0.00%,,,,,,,,,
COSC-475-502,12,24,6,0,0,42,3.142,0,0,0,1,0,43,COOKE G
"",28.57%,57.14%,14.29%,0.00%,0.00%,,,,,,,,,
COSC-475-503,9,16,10,0,0,35,2.971,0,0,0,1,0,36,COOKE G
"",25.71%,45.71%,28.57%,0.00%,0.00%,,,,,,,,,
COSC-475-504,5,10,6,0,0,21,2.952,0,0,0,0,0,21,COOKE G
"",23.81%,47.62%,28.57%,0.00%,0.00%,,,,,,,,,
COSC-475-M01,3,1,1,0,0,5,3.400,0,0,0,0,0,5,PEREZ N
"",60.00%,20.00%,20.00%,0.00%,0.00%,,,,,,,,,
COURSE TOTAL:,54,65,28,0,0,147,3.176,0,0,0,2,0,149,
"",36.73%,44.22%,19.05%,0.00%,0.00%,,,,,,,,,
COSC-477-500,17,54,24,2,2,99,2.828,0,0,0,1,0,100,FICKEL L
"",17.17%,54.55%,24.24%,2.02%,2.02%,,,,,,,,,
COSC-477-501,19,43,29,2,2,95,2.789,0,0,0,2,0,97,FICKEL L
"",20.00%,45.26%,30.53%,2.11%,2.11%,,,,,,,,,
COURSE TOTAL:,36,97,53,4,4,194,2.809,0,0,0,3,0,197,
"",18.56%,50.00%,27.32%,2.06%,2.06%,,,,,,,,,
COSC-489-501,24,6,0,0,0,30,3.800,0,0,0,0,0,30,COOKE G
"",80.00%,20.00%,0.00%,0.00%,0.00%,,,,,,,,,
COSC-489-502,16,0,0,0,0,16,4.000,0,0,0,0,0,16,BOLDT G
"",100.00%,0.00%,0.00%,0.00%,0.00%,,,,,,,,,
COSC-489-503,3,1,2,0,0,6,3.166,0,0,0,0,0,6,MCCALL C
"",50.00%,16.67%,33.33%,0.00%,0.00%,,,,,,,,,
COURSE TOTAL:,43,7,2,0,0,52,3.788,0,0,0,0,0,52,
"",82.69%,13.46%,3.85%,0.00%,0.00%,,,,,,,,,
COSC-494-950,198,28,7,0,0,233,3.819,0,0,0,0,0,233,GUERRA SANTOS H
"",84.98%,12.02%,3.00%,0.00%,0.00%,,,,,,,,,
COURSE TOTAL:,198,28,7,0,0,233,3.819,0,0,0,0,0,233,
"",84.98%,12.02%,3.00%,0.00%,0.00%,,,,,,,,,
COSC-601-699,14,0,0,0,0,14,4.000,0,0,0,1,0,15,DIETZ C
"",100.00%,0.00%,0.00%,0.00%,0.00%,,,,,,,,,
COURSE TOTAL:,14,0,0,0,0,14,4.000,0,0,0,1,0,15,
"",100.00%,0.00%,0.00%,0.00%,0.00%,,,,,,,,,
COSC-602-699,9,4,0,0,0,13,3.692,0,0,0,1,0,14,LOFTON W
"",69.23%,30.77%,0.00%,0.00%,0.00%,,,,,,,,,
COURSE TOTAL:,9,4,0,0,0,13,3.692,0,0,0,1,0,14,
"",69.23%,30.77%,0.00%,0.00%,0.00%,,,,,,,,,
COSC-603-600,6,9,4,0,0,19,3.105,0,0,0,0,0,19,RYOO B
"",31.58%,47.37%,21.05%,0.00%,0.00%,,,,,,,,,
COSC-603-601,10,5,10,0,0,25,3.000,0,0,0,0,0,25,RYOO B
"",40.00%,20.00%,40.00%,0.00%,0.00%,,,,,,,,,
COSC-603-699,17,2,2,0,0,21,3.714,0,0,0,0,0,21,RUSSELL R
"",80.95%,9.52%,9.52%,0.00%,0.00%,,,,,,,,,
COURSE TOTAL:,33,16,16,0,0,65,3.261,0,0,0,0,0,65,
"",50.77%,24.62%,24.62%,0.00%,0.00%,,,,,,,,,
COSC-608-699,3,4,0,0,0,7,3.428,0,0,0,0,0,7,DUDLEY D
"",42.86%,57.14%,0.00%,0.00%,0.00%,,,,,,,,,
COURSE TOTAL:,3,4,0,0,0,7,3.428,0,0,0,0,0,7,
"",42.86%,57.14%,0.00%,0.00%,0.00%,,,,,,,,,
COSC-620-699,15,1,0,0,0,16,3.937,0,0,0,0,0,16,ROCCHIO L
"",93.75%,6.25%,0.00%,0.00%,0.00%,,,,,,,,,
COURSE TOTAL:,15,1,0,0,0,16,3.937,0,0,0,0,0,16,
"",93.75%,6.25%,0.00%,0.00%,0.00%,,,,,,,,,
COSC-621-600,0,9,2,0,0,11,2.818,0,0,0,0,0,11,MARRARO A
"",0.00%,81.82%,18.18%,0.00%,0.00%,,,,,,,,,
COSC-621-699,0,8,0,0,0,8,3.000,0,0,0,0,0,8,MARRARO A
"",0.00%,100.00%,0.00%,0.00%,0.00%,,,,,,,,,
COURSE TOTAL:,0,17,2,0,0,19,2.894,0,0,0,0,0,19,
"",0.00%,89.47%,10.53%,0.00%,0.00%,,,,,,,,,
COSC-624-600,10,11,5,2,1,29,2.931,0,0,0,0,0,29,NNAJI C
"",34.48%,37.93%,17.24%,6.90%,3.45%,,,,,,,,,
COURSE TOTAL:,10,11,5,2,1,29,2.931,0,0,0,0,0,29,
"",34.48%,37.93%,17.24%,6.90%,3.45%,,,,,,,,,
COSC-628-699,9,1,0,0,0,10,3.900,0,0,0,0,0,10,KAGERER P
"",90.00%,10.00%,0.00%,0.00%,0.00%,,,,,,,,,
COURSE TOTAL:,9,1,0,0,0,10,3.900,0,0,0,0,0,10,
"",90.00%,10.00%,0.00%,0.00%,0.00%,,,,,,,,,
COSC-631-600,16,1,0,0,0,17,3.941,0,0,0,0,0,17,RYBKOWSKI Z
"",94.12%,5.88%,0.00%,0.00%,0.00%,,,,,,,,,
COSC-631-601,14,5,0,0,0,19,3.736,0,0,0,0,0,19,RYBKOWSKI Z
"",73.68%,26.32%,0.00%,0.00%,0.00%,,,,,,,,,
COURSE TOTAL:,30,6,0,0,0,36,3.833,0,0,0,0,0,36,
"",83.33%,16.67%,0.00%,0.00%,0.00%,,,,,,,,,
COSC-644-600,3,3,0,0,0,6,3.500,0,0,0,0,0,6,ALBEAINO G
"",50.00%,50.00%,0.00%,0.00%,0.00%,,,,,,,,,
COSC-644-699,2,3,0,0,1,6,2.833,0,0,0,0,0,6,BARTON K
"",33.33%,50.00%,0.00%,0.00%,16.67%,,,,,,,,,
COURSE TOTAL:,5,6,0,0,1,12,3.166,0,0,0,0,0,12,
"",41.67%,50.00%,0.00%,0.00%,8.33%,,,,,,,,,
COSC-650-600,25,3,0,0,0,28,3.892,0,0,0,0,0,28,HU M
"",89.29%,10.71%,0.00%,0.00%,0.00%,,,,,,,,,
COURSE TOTAL:,25,3,0,0,0,28,3.892,0,0,0,0,0,28,
"",89.29%,10.71%,0.00%,0.00%,0.00%,,,,,,,,,
COSC-670-600,3,2,0,0,0,5,3.600,0,0,0,0,0,5,LAVY S
"",60.00%,40.00%,0.00%,0.00%,0.00%,,,,,,,,,
COURSE TOTAL:,3,2,0,0,0,5,3.600,0,0,0,0,0,5,
"",60.00%,40.00%,0.00%,0.00%,0.00%,,,,,,,,,
COSC-685-608,5,0,0,0,0,5,4.000,0,0,0,0,0,5,NNAJI C
"",100.00%,0.00%,0.00%,0.00%,0.00%,,,,,,,,,
COURSE TOTAL:,5,0,0,0,0,5,4.000,0,0,0,0,0,5,
"",100.00%,0.00%,0.00%,0.00%,0.00%,,,,,,,,,
COSC-689-601,11,4,1,0,0,16,3.625,0,0,0,0,0,16,DIXIT M
"",68.75%,25.00%,6.25%,0.00%,0.00%,,,,,,,,,
COURSE TOTAL:,11,4,1,0,0,16,3.625,0,0,0,0,0,16,
"",68.75%,25.00%,6.25%,0.00%,0.00%,,,,,,,,,
DEPARTMENT TOTAL:,2665,1572,525,55,30,4847,3.394,4,0,0,62,1,4914
"",54.98%,32.43%,10.83%,1.13%,0.62%,,,,,,,,
LAND-101-500,24,9,3,2,0,38,3.447,0,0,0,1,0,39,TAO Z
"",63.16%,23.68%,7.89%,5.26%,0.00%,,,,,,,,,
COURSE TOTAL:,24,9,3,2,0,38,3.447,0,0,0,1,0,39,
"",63.16%,23.68%,7.89%,5.26%,0.00%,,,,,,,,,
LAND-112-501,7,16,2,0,0,25,3.200,0,0,0,1,0,26,LI D
"",28.00%,64.00%,8.00%,0.00%,0.00%,,,,,,,,,
LAND-112-502,10,14,0,1,0,25,3.320,0,0,0,2,0,27,NEWMAN G
"",40.00%,56.00%,0.00%,4.00%,0.00%,,,,,,,,,
COURSE TOTAL:,17,30,2,1,0,50,3.260,0,0,0,3,0,53,
"",34.00%,60.00%,4.00%,2.00%,0.00%,,,,,,,,,
LAND-212-501,12,5,0,0,0,17,3.705,0,0,0,0,0,17,REID R
"",70.59%,29.41%,0.00%,0.00%,0.00%,,,,,,,,,
LAND-212-502,18,1,0,0,0,19,3.947,0,0,0,0,0,19,SONG Y
"",94.74%,5.26%,0.00%,0.00%,0.00%,,,,,,,,,
COURSE TOTAL:,30,6,0,0,0,36,3.833,0,0,0,0,0,36,
"",83.33%,16.67%,0.00%,0.00%,0.00%,,,,,,,,,
LAND-232-501,6,5,2,1,1,15,2.933,0,0,0,1,0,16,HURST K
"",40.00%,33.33%,13.33%,6.67%,6.67%,,,,,,,,,
LAND-232-502,7,5,4,3,0,19,2.842,1,0,0,0,0,20,MCNAIR M
"",36.84%,26.32%,21.05%,15.79%,0.00%,,,,,,,,,
COURSE TOTAL:,13,10,6,4,1,34,2.882,1,0,0,1,0,36,
"",38.24%,29.41%,17.65%,11.76%,2.94%,,,,,,,,,
LAND-240-500,43,12,1,0,0,56,3.750,0,0,0,0,0,56,DIXIT M
"",76.79%,21.43%,1.79%,0.00%,0.00%,,,,,,,,,
LAND-240-700,151,29,9,1,0,190,3.736,0,0,0,1,0,191,NAM J
"",79.47%,15.26%,4.74%,0.53%,0.00%,,,,,,,,,
LAND-240-701,234,15,5,1,3,258,3.844,0,0,0,3,0,261,NAM J
"",90.70%,5.81%,1.94%,0.39%,1.16%,,,,,,,,,
COURSE TOTAL:,428,56,15,2,3,504,3.793,0,0,0,4,0,508,
"",84.92%,11.11%,2.98%,0.40%,0.60%,,,,,,,,,
LAND-241-500,21,6,1,0,0,28,3.714,0,0,0,0,0,28,WOODFIN T
"",75.00%,21.43%,3.57%,0.00%,0.00%,,,,,,,,,
COURSE TOTAL:,21,6,1,0,0,28,3.714,0,0,0,0,0,28,
"",75.00%,21.43%,3.57%,0.00%,0.00%,,,,,,,,,
LAND-312-501,6,7,1,0,0,14,3.357,0,0,0,0,0,14,HUANG C
"",42.86%,50.00%,7.14%,0.00%,0.00%,,,,,,,,,
LAND-312-512,10,2,0,0,0,12,3.833,0,0,0,0,0,12,REID R
"",83.33%,16.67%,0.00%,0.00%,0.00%,,,,,,,,,
COURSE TOTAL:,16,9,1,0,0,26,3.576,0,0,0,0,0,26,
"",61.54%,34.62%,3.85%,0.00%,0.00%,,,,,,,,,
LAND-331-501,1,11,1,0,1,14,2.785,0,0,0,1,0,15,DVORAK B
"",7.14%,78.57%,7.14%,0.00%,7.14%,,,,,,,,,
LAND-331-502,3,8,2,0,0,13,3.076,0,0,0,0,0,13,ZHONG S
"",23.08%,61.54%,15.38%,0.00%,0.00%,,,,,,,,,
COURSE TOTAL:,4,19,3,0,1,27,2.925,0,0,0,1,0,28,
"",14.81%,70.37%,11.11%,0.00%,3.70%,,,,,,,,,
LAND-412-501,8,2,0,0,0,10,3.800,0,0,0,0,0,10,WINSLOW W
"",80.00%,20.00%,0.00%,0.00%,0.00%,,,,,,,,,
LAND-412-502,12,4,1,0,0,17,3.647,0,0,0,0,0,17,REN D
"",70.59%,23.53%,5.88%,0.00%,0.00%,,,,,,,,,
COURSE TOTAL:,20,6,1,0,0,27,3.703,0,0,0,0,0,27,
"",74.07%,22.22%,3.70%,0.00%,0.00%,,,,,,,,,
LAND-431-900,18,10,0,0,0,28,3.642,0,0,0,0,0,28,MCNAIR M
"",64.29%,35.71%,0.00%,0.00%,0.00%,,,,,,,,,
COURSE TOTAL:,18,10,0,0,0,28,3.642,0,0,0,0,0,28,
"",64.29%,35.71%,0.00%,0.00%,0.00%,,,,,,,,,
LAND-489-500,4,3,1,0,1,9,3.000,0,0,0,0,0,9,WINSLOW W
"",44.44%,33.33%,11.11%,0.00%,11.11%,,,,,,,,,
COURSE TOTAL:,4,3,1,0,1,9,3.000,0,0,0,0,0,9,
"",44.44%,33.33%,11.11%,0.00%,11.11%,,,,,,,,,
LAND-602-600,9,3,0,0,0,12,3.750,0,0,0,0,0,12,LEE S
"",75.00%,25.00%,0.00%,0.00%,0.00%,,,,,,,,,
COURSE TOTAL:,9,3,0,0,0,12,3.750,0,0,0,0,0,12,
"",75.00%,25.00%,0.00%,0.00%,0.00%,,,,,,,,,
LAND-614-600,5,6,0,1,0,12,3.250,0,0,0,0,0,12,DVORAK B
"",41.67%,50.00%,0.00%,8.33%,0.00%,,,,,,,,,
COURSE TOTAL:,5,6,0,1,0,12,3.250,0,0,0,0,0,12,
"",41.67%,50.00%,0.00%,8.33%,0.00%,,,,,,,,,
LAND-630-700,6,2,0,0,0,8,3.750,0,0,0,0,0,8,NAM J
"",75.00%,25.00%,0.00%,0.00%,0.00%,,,,,,,,,
COURSE TOTAL:,6,2,0,0,0,8,3.750,0,0,0,0,0,8,
"",75.00%,25.00%,0.00%,0.00%,0.00%,,,,,,,,,
LAND-635-600,5,5,0,0,0,10,3.500,0,0,0,0,0,10,XU B
"",50.00%,50.00%,0.00%,0.00%,0.00%,,,,,,,,,
COURSE TOTAL:,5,5,0,0,0,10,3.500,0,0,0,0,0,10,
"",50.00%,50.00%,0.00%,0.00%,0.00%,,,,,,,,,
LAND-646-600,6,0,0,0,0,6,4.000,0,0,0,0,0,6,MCNAIR M
"",100.00%,0.00%,0.00%,0.00%,0.00%,,,,,,,,,
COURSE TOTAL:,6,0,0,0,0,6,4.000,0,0,0,0,0,6,
"",100.00%,0.00%,0.00%,0.00%,0.00%,,,,,,,,,
LDEV-650-700,6,3,0,0,1,10,3.300,0,0,0,1,0,11,SCOTT B
"",60.00%,30.00%,0.00%,0.00%,10.00%,,,,,,,,,
COURSE TOTAL:,6,3,0,0,1,10,3.300,0,0,0,1,0,11,
"",60.00%,30.00%,0.00%,0.00%,10.00%,,,,,,,,,
LDEV-651-600,8,18,1,0,0,27,3.259,0,0,0,0,0,27,CLARK J
"",29.63%,66.67%,3.70%,0.00%,0.00%,,,,,,,,,
LDEV-651-700,7,10,1,0,0,18,3.333,0,0,0,1,0,19,CLARK J
"",38.89%,55.56%,5.56%,0.00%,0.00%,,,,,,,,,
COURSE TOTAL:,15,28,2,0,0,45,3.288,0,0,0,1,0,46,
"",33.33%,62.22%,4.44%,0.00%,0.00%,,,,,,,,,
LDEV-660-600,17,11,0,0,0,28,3.607,0,0,0,0,0,28,LEVERETT D
"",60.71%,39.29%,0.00%,0.00%,0.00%,,,,,,,,,
LDEV-660-700,6,12,2,0,0,20,3.200,0,0,0,1,0,21,LEVERETT D
"",30.00%,60.00%,10.00%,0.00%,0.00%,,,,,,,,,
COURSE TOTAL:,23,23,2,0,0,48,3.437,0,0,0,1,0,49,
"",47.92%,47.92%,4.17%,0.00%,0.00%,,,,,,,,,
LDEV-661-600,5,17,10,0,0,32,2.843,0,0,0,0,0,32,WINSLOW W
"",15.63%,53.13%,31.25%,0.00%,0.00%,,,,,,,,,
LDEV-661-700,1,7,6,1,0,15,2.533,0,0,0,0,0,15,EARLY T
"",6.67%,46.67%,40.00%,6.67%,0.00%,,,,,,,,,
COURSE TOTAL:,6,24,16,1,0,47,2.744,0,0,0,0,0,47,
"",12.77%,51.06%,34.04%,2.13%,0.00%,,,,,,,,,
LDEV-667-600,10,4,1,0,0,15,3.600,0,0,0,0,0,15,LEVERETT D
"",66.67%,26.67%,6.67%,0.00%,0.00%,,,,,,,,,
LDEV-667-700,6,1,0,0,0,7,3.857,0,0,0,1,0,8,LEVERETT D
"",85.71%,14.29%,0.00%,0.00%,0.00%,,,,,,,,,
COURSE TOTAL:,16,5,1,0,0,22,3.681,0,0,0,1,0,23,
"",72.73%,22.73%,4.55%,0.00%,0.00%,,,,,,,,,
LDEV-668-601,29,1,1,0,0,31,3.903,0,0,0,0,0,31,EARLY T
"",93.55%,3.23%,3.23%,0.00%,0.00%,,,,,,,,,
LDEV-668-700,11,0,1,0,0,12,3.833,0,0,0,0,0,12,EARLY T
"",91.67%,0.00%,8.33%,0.00%,0.00%,,,,,,,,,
COURSE TOTAL:,40,1,2,0,0,43,3.883,0,0,0,0,0,43,
"",93.02%,2.33%,4.65%,0.00%,0.00%,,,,,,,,,
LDEV-685-652,8,0,0,0,0,8,4.000,0,0,0,0,0,8,EARLY T
"",100.00%,0.00%,0.00%,0.00%,0.00%,,,,,,,,,
COURSE TOTAL:,8,0,0,0,0,8,4.000,0,0,0,0,0,8,
"",100.00%,0.00%,0.00%,0.00%,0.00%,,,,,,,,,
LDEV-688-600,5,0,0,0,0,5,4.000,0,0,0,0,0,5,EARLY T
"",100.00%,0.00%,0.00%,0.00%,0.00%,,,,,,,,,
LDEV-688-700,10,0,0,0,0,10,4.000,0,0,0,0,0,10,EARLY T
"",100.00%,0.00%,0.00%,0.00%,0.00%,,,,,,,,,
COURSE TOTAL:,15,0,0,0,0,15,4.000,0,0,0,0,0,15,
"",100.00%,0.00%,0.00%,0.00%,0.00%,,,,,,,,,
PLAN-613-600,22,0,0,0,0,22,4.000,0,0,0,0,0,22,YU S
"",100.00%,0.00%,0.00%,0.00%,0.00%,,,,,,,,,
COURSE TOTAL:,22,0,0,0,0,22,4.000,0,0,0,0,0,22,
"",100.00%,0.00%,0.00%,0.00%,0.00%,,,,,,,,,
PLAN-623-601,5,0,0,0,0,5,4.000,0,0,0,0,0,5,GIUSTI C
"",100.00%,0.00%,0.00%,0.00%,0.00%,,,,,,,,,
COURSE TOTAL:,5,0,0,0,0,5,4.000,0,0,0,0,0,5,
"",100.00%,0.00%,0.00%,0.00%,0.00%,,,,,,,,,
PLAN-625-600,10,0,1,0,0,11,3.818,0,0,0,0,0,11,WUNNEBURGER D
"",90.91%,0.00%,9.09%,0.00%,0.00%,,,,,,,,,
PLAN-625-700,9,0,1,0,0,10,3.800,0,0,0,1,0,11,WUNNEBURGER D
"",90.00%,0.00%,10.00%,0.00%,0.00%,,,,,,,,,
COURSE TOTAL:,19,0,2,0,0,21,3.809,0,0,0,1,0,22,
"",90.48%,0.00%,9.52%,0.00%,0.00%,,,,,,,,,
PLAN-632-600,8,0,0,0,0,8,4.000,0,0,0,0,0,8,GODDARD T
"",100.00%,0.00%,0.00%,0.00%,0.00%,,,,,,,,,
COURSE TOTAL:,8,0,0,0,0,8,4.000,0,0,0,0,0,8,
"",100.00%,0.00%,0.00%,0.00%,0.00%,,,,,,,,,
PLAN-640-600,15,0,0,0,1,16,3.750,0,0,0,0,0,16,BEASLEY J
"",93.75%,0.00%,0.00%,0.00%,6.25%,,,,,,,,,
COURSE TOTAL:,15,0,0,0,1,16,3.750,0,0,0,0,0,16,
"",93.75%,0.00%,0.00%,0.00%,6.25%,,,,,,,,,
PLAN-658-600,16,0,0,0,0,16,4.000,0,0,0,0,0,16,GOLBABAI J
"",100.00%,0.00%,0.00%,0.00%,0.00%,,,,,,,,,
COURSE TOTAL:,16,0,0,0,0,16,4.000,0,0,0,0,0,16,
"",100.00%,0.00%,0.00%,0.00%,0.00%,,,,,,,,,
PLAN-662-600,11,3,1,0,0,15,3.666,0,0,0,0,0,15,THAPA J
"",73.33%,20.00%,6.67%,0.00%,0.00%,,,,,,,,,
COURSE TOTAL:,11,3,1,0,0,15,3.666,0,0,0,0,0,15,
"",73.33%,20.00%,6.67%,0.00%,0.00%,,,,,,,,,
PLAN-667-600,8,0,0,0,0,8,4.000,0,0,0,0,0,8,YU S
"",100.00%,0.00%,0.00%,0.00%,0.00%,,,,,,,,,
COURSE TOTAL:,8,0,0,0,0,8,4.000,0,0,0,0,0,8,
"",100.00%,0.00%,0.00%,0.00%,0.00%,,,,,,,,,
PLAN-673-600,13,2,0,0,0,15,3.866,0,0,0,0,0,15,GODDARD T
"",86.67%,13.33%,0.00%,0.00%,0.00%,,,,,,,,,
COURSE TOTAL:,13,2,0,0,0,15,3.866,0,0,0,0,0,15,
"",86.67%,13.33%,0.00%,0.00%,0.00%,,,,,,,,,
PLAN-678-600,9,0,0,0,0,9,4.000,0,0,0,0,0,9,EISELE W
"",100.00%,0.00%,0.00%,0.00%,0.00%,,,,,,,,,
COURSE TOTAL:,9,0,0,0,0,9,4.000,0,0,0,0,0,9,
"",100.00%,0.00%,0.00%,0.00%,0.00%,,,,,,,,,
PLAN-689-601,8,0,0,0,0,8,4.000,0,0,0,1,0,9,MEYER M
"",100.00%,0.00%,0.00%,0.00%,0.00%,,,,,,,,,
COURSE TOTAL:,8,0,0,0,0,8,4.000,0,0,0,1,0,9,
"",100.00%,0.00%,0.00%,0.00%,0.00%,,,,,,,,,
URPN-201-500,29,9,3,1,0,42,3.571,1,0,0,0,0,43,GOLBABAI J
"",69.05%,21.43%,7.14%,2.38%,0.00%,,,,,,,,,
URPN-201-501,30,16,2,0,1,49,3.510,0,0,0,3,0,52,SANCHEZ T
"",61.22%,32.65%,4.08%,0.00%,2.04%,,,,,,,,,
URPN-201-700,69,15,4,0,3,91,3.615,0,0,0,1,0,92,ABUABARA A
"",75.82%,16.48%,4.40%,0.00%,3.30%,,,,,,,,,
COURSE TOTAL:,128,40,9,1,4,182,3.576,1,0,0,4,0,187,
"",70.33%,21.98%,4.95%,0.55%,2.20%,,,,,,,,,
URPN-202-501,62,21,4,0,0,87,3.666,0,0,0,0,0,87,DIXIT M
"",71.26%,24.14%,4.60%,0.00%,0.00%,,,,,,,,,
URPN-202-700,57,13,3,0,0,73,3.739,0,0,0,0,0,73,CAMPAGNOL G
"",78.08%,17.81%,4.11%,0.00%,0.00%,,,,,,,,,
URPN-202-900,19,6,0,0,0,25,3.760,0,0,0,0,0,25,MALECHA M
"",76.00%,24.00%,0.00%,0.00%,0.00%,,,,,,,,,
URPN-202-901,4,1,3,0,0,8,3.125,0,0,0,0,0,8,MARTIN J
"",50.00%,12.50%,37.50%,0.00%,0.00%,,,,,,,,,
COURSE TOTAL:,142,41,10,0,0,193,3.683,0,0,0,0,0,193,
"",73.58%,21.24%,5.18%,0.00%,0.00%,,,,,,,,,
URPN-210-501,30,9,2,0,0,41,3.682,0,0,0,1,0,42,ABUABARA A
"",73.17%,21.95%,4.88%,0.00%,0.00%,,,,,,,,,
COURSE TOTAL:,30,9,2,0,0,41,3.682,0,0,0,1,0,42,
"",73.17%,21.95%,4.88%,0.00%,0.00%,,,,,,,,,
URPN-220-501,5,5,3,0,0,13,3.153,0,0,0,2,0,15,REN D
"",38.46%,38.46%,23.08%,0.00%,0.00%,,,,,,,,,
COURSE TOTAL:,5,5,3,0,0,13,3.153,0,0,0,2,0,15,
"",38.46%,38.46%,23.08%,0.00%,0.00%,,,,,,,,,
URPN-310-500,18,2,0,0,0,20,3.900,0,0,0,0,0,20,SMITH J
"",90.00%,10.00%,0.00%,0.00%,0.00%,,,,,,,,,
COURSE TOTAL:,18,2,0,0,0,20,3.900,0,0,0,0,0,20,
"",90.00%,10.00%,0.00%,0.00%,0.00%,,,,,,,,,
URPN-320-500,24,6,1,0,0,31,3.741,0,0,0,1,0,32,LEE S
"",77.42%,19.35%,3.23%,0.00%,0.00%,,,,,,,,,
URPN-320-501,27,8,5,1,0,41,3.487,0,0,0,0,0,41,REN D
"",65.85%,19.51%,12.20%,2.44%,0.00%,,,,,,,,,
COURSE TOTAL:,51,14,6,1,0,72,3.597,0,0,0,1,0,73,
"",70.83%,19.44%,8.33%,1.39%,0.00%,,,,,,,,,
URPN-325-500,18,1,3,1,1,24,3.416,0,0,0,0,0,24,WUNNEBURGER D
"",75.00%,4.17%,12.50%,4.17%,4.17%,,,,,,,,,
URPN-325-501,4,1,2,0,0,7,3.285,0,0,0,0,0,7,DU J
"",57.14%,14.29%,28.57%,0.00%,0.00%,,,,,,,,,
URPN-325-700,5,0,2,0,1,8,3.000,0,0,0,1,1,10,WUNNEBURGER D
"",62.50%,0.00%,25.00%,0.00%,12.50%,,,,,,,,,
COURSE TOTAL:,27,2,7,1,2,39,3.307,0,0,0,1,1,41,
"",69.23%,5.13%,17.95%,2.56%,5.13%,,,,,,,,,
URPN-326-500,19,6,2,1,0,28,3.535,2,0,0,0,0,30,WUNNEBURGER D
"",67.86%,21.43%,7.14%,3.57%,0.00%,,,,,,,,,
COURSE TOTAL:,19,6,2,1,0,28,3.535,2,0,0,0,0,30,
"",67.86%,21.43%,7.14%,3.57%,0.00%,,,,,,,,,
URPN-330-900,15,5,6,0,0,26,3.346,0,0,0,0,0,26,GIUSTI C
"",57.69%,19.23%,23.08%,0.00%,0.00%,,,,,,,,,
COURSE TOTAL:,15,5,6,0,0,26,3.346,0,0,0,0,0,26,
"",57.69%,19.23%,23.08%,0.00%,0.00%,,,,,,,,,
URPN-331-500,21,16,0,0,0,37,3.567,0,0,0,0,0,37,NOH Y
"",56.76%,43.24%,0.00%,0.00%,0.00%,,,,,,,,,
COURSE TOTAL:,21,16,0,0,0,37,3.567,0,0,0,0,0,37,
"",56.76%,43.24%,0.00%,0.00%,0.00%,,,,,,,,,
URPN-340-500,13,7,2,0,0,22,3.500,0,0,0,0,0,22,MARTIN J
"",59.09%,31.82%,9.09%,0.00%,0.00%,,,,,,,,,
COURSE TOTAL:,13,7,2,0,0,22,3.500,0,0,0,0,0,22,
"",59.09%,31.82%,9.09%,0.00%,0.00%,,,,,,,,,
URPN-361-500,28,7,2,0,0,37,3.702,0,0,0,0,0,37,WILKINS C
"",75.68%,18.92%,5.41%,0.00%,0.00%,,,,,,,,,
URPN-361-700,50,20,0,0,0,70,3.714,0,0,0,0,0,70,DIXIT M
"",71.43%,28.57%,0.00%,0.00%,0.00%,,,,,,,,,
COURSE TOTAL:,78,27,2,0,0,107,3.710,0,0,0,0,0,107,
"",72.90%,25.23%,1.87%,0.00%,0.00%,,,,,,,,,
URPN-370-500,93,11,8,1,0,113,3.734,0,0,0,2,0,115,LOPEZ M
"",82.30%,9.73%,7.08%,0.88%,0.00%,,,,,,,,,
URPN-370-700,127,16,6,0,0,149,3.812,0,0,0,1,0,150,NEWTON K
"",85.23%,10.74%,4.03%,0.00%,0.00%,,,,,,,,,
URPN-370-701,81,18,4,1,4,108,3.583,0,0,0,4,0,112,NEWTON K
"",75.00%,16.67%,3.70%,0.93%,3.70%,,,,,,,,,
URPN-370-M99,3,3,0,1,1,8,2.750,0,0,0,1,0,9,NEWTON K
"",37.50%,37.50%,0.00%,12.50%,12.50%,,,,,,,,,
COURSE TOTAL:,304,48,18,3,5,378,3.701,0,0,0,8,0,386,
"",80.42%,12.70%,4.76%,0.79%,1.32%,,,,,,,,,
URPN-460-500,12,11,0,0,1,24,3.375,0,0,0,0,0,24,ROGERS G
"",50.00%,45.83%,0.00%,0.00%,4.17%,,,,,,,,,
URPN-460-501,12,9,1,0,0,22,3.500,0,0,0,2,0,24,ROGERS G
"",54.55%,40.91%,4.55%,0.00%,0.00%,,,,,,,,,
COURSE TOTAL:,24,20,1,0,1,46,3.434,0,0,0,2,0,48,
"",52.17%,43.48%,2.17%,0.00%,2.17%,,,,,,,,,
URPN-483-500,37,5,1,0,0,43,3.837,0,0,0,0,0,43,GOLBABAI J
"",86.05%,11.63%,2.33%,0.00%,0.00%,,,,,,,,,
COURSE TOTAL:,37,5,1,0,0,43,3.837,0,0,0,0,0,43,
"",86.05%,11.63%,2.33%,0.00%,0.00%,,,,,,,,,
URPN-489-700,4,3,1,0,2,10,2.700,0,0,0,0,0,10,NEWTON K
"",40.00%,30.00%,10.00%,0.00%,20.00%,,,,,,,,,
COURSE TOTAL:,4,3,1,0,2,10,2.700,0,0,0,0,0,10,
"",40.00%,30.00%,10.00%,0.00%,20.00%,,,,,,,,,
URPN-493-901,15,1,0,0,0,16,3.937,0,0,0,0,0,16,WEI L
"",93.75%,6.25%,0.00%,0.00%,0.00%,,,,,,,,,
URPN-493-902,20,1,0,0,0,21,3.952,0,0,0,0,0,21,GARCIA I
"",95.24%,4.76%,0.00%,0.00%,0.00%,,,,,,,,,
COURSE TOTAL:,35,2,0,0,0,37,3.945,0,0,0,0,0,37,
"",94.59%,5.41%,0.00%,0.00%,0.00%,,,,,,,,,
URSC-631-601,13,0,0,0,0,13,4.000,0,0,0,0,0,13,SONG Y
"",100.00%,0.00%,0.00%,0.00%,0.00%,,,,,,,,,
COURSE TOTAL:,13,0,0,0,0,13,4.000,0,0,0,0,0,13,
"",100.00%,0.00%,0.00%,0.00%,0.00%,,,,,,,,,
URSC-642-600,7,3,0,0,0,10,3.700,0,0,0,0,0,10,PEACOCK W
"",70.00%,30.00%,0.00%,0.00%,0.00%,,,,,,,,,
COURSE TOTAL:,7,3,0,0,0,10,3.700,0,0,0,0,0,10,
"",70.00%,30.00%,0.00%,0.00%,0.00%,,,,,,,,,
URSC-682-600,11,0,0,0,0,11,4.000,0,0,0,0,0,11,HURST K
"",100.00%,0.00%,0.00%,0.00%,0.00%,,,,,,,,,
COURSE TOTAL:,11,0,0,0,0,11,4.000,0,0,0,0,0,11,
"",100.00%,0.00%,0.00%,0.00%,0.00%,,,,,,,,,
DEPARTMENT TOTAL:,1871,524,129,18,22,2564,3.643,4,0,0,35,1,2604
"",72.97%,20.44%,5.03%,0.70%,0.86%,,,,,,,,
CARC-101-900,14,6,1,0,4,25,3.040,0,0,0,0,0,25,REED K
"",56.00%,24.00%,4.00%,0.00%,16.00%,,,,,,,,,
CARC-101-901,11,10,1,0,0,22,3.454,0,0,0,2,0,24,DAVIS D
"",50.00%,45.45%,4.55%,0.00%,0.00%,,,,,,,,,
CARC-101-902,6,2,1,1,2,12,2.750,0,0,0,0,0,12,CRUZ-SANTIAGO V
"",50.00%,16.67%,8.33%,8.33%,16.67%,,,,,,,,,
COURSE TOTAL:,31,18,3,1,6,59,3.135,0,0,0,2,0,61,
"",52.54%,30.51%,5.08%,1.69%,10.17%,,,,,,,,,
CARC-301-550,16,0,0,0,0,16,4.000,0,0,0,0,0,16,ROLDAN M
"",100.00%,0.00%,0.00%,0.00%,0.00%,,,,,,,,,
COURSE TOTAL:,16,0,0,0,0,16,4.000,0,0,0,0,0,16,
"",100.00%,0.00%,0.00%,0.00%,0.00%,,,,,,,,,
CARC-311-550,16,0,0,0,0,16,4.000,0,0,0,0,0,16,ROLDAN M
"",100.00%,0.00%,0.00%,0.00%,0.00%,,,,,,,,,
COURSE TOTAL:,16,0,0,0,0,16,4.000,0,0,0,0,0,16,
"",100.00%,0.00%,0.00%,0.00%,0.00%,,,,,,,,,
CARC-331-550,16,0,0,0,0,16,4.000,0,0,0,0,0,16,ROLDAN M
"",100.00%,0.00%,0.00%,0.00%,0.00%,,,,,,,,,
COURSE TOTAL:,16,0,0,0,0,16,4.000,0,0,0,0,0,16,
"",100.00%,0.00%,0.00%,0.00%,0.00%,,,,,,,,,
CARC-484-550,5,0,0,0,0,5,4.000,0,0,0,0,0,5,HOLLIDAY S
"",100.00%,0.00%,0.00%,0.00%,0.00%,,,,,,,,,
COURSE TOTAL:,5,0,0,0,0,5,4.000,0,0,0,0,0,5,
"",100.00%,0.00%,0.00%,0.00%,0.00%,,,,,,,,,
CARC-602-600,12,0,0,0,0,12,4.000,0,0,0,0,0,12,SMITH J
"",100.00%,0.00%,0.00%,0.00%,0.00%,,,,,,,,,
COURSE TOTAL:,12,0,0,0,0,12,4.000,0,0,0,0,0,12,
"",100.00%,0.00%,0.00%,0.00%,0.00%,,,,,,,,,
DEPARTMENT TOTAL:,96,18,3,1,6,124,3.648,0,0,0,2,0,126,
"",77.42%,14.52%,2.42%,0.81%,4.84%,,,,,,,,,
COLLEGE TOTAL:,7033,2802,886,123,89,10933,3.512,12,0,0,170,3,11118,
"",64.33%,25.63%,8.10%,1.13%,0.81%,,,,,,,,,
